energy,LET,yF,yD,ystar,zF,zD,zstar
0.1,668.2,4.685516799433387,1649.025895660008,403.5388682344344,0.637145867536557,224.23781193306144,54.87401567251695
0.10042698167614349,669.4595959446233,4.598996378190208,1643.7249134259216,402.21035969840887,0.6253806490532341,223.51697385502032,54.69336244685396
0.10085578648580461,670.7245701331236,4.548389150155426,1644.7866933264827,403.11169725267837,0.6184989778118162,223.66135679180923,54.81592811517635
0.10128642221342939,671.9949455296168,4.500211565312045,1644.4014768848929,404.5919760119695,0.6119476942704651,223.60897429605214,55.01721935681666
0.10171889667670206,673.2707451962712,4.416966174776208,1641.4077705903233,402.6180415813084,0.6006278209583494,223.20188417646625,54.7487998378778
0.1021532177266869,674.5519922937264,4.372874178581881,1642.365970012735,404.0036832761908,0.5946321038647623,223.33218203439714,54.93722214379878
0.10258939324797083,675.838710081514,4.290349901475755,1638.122205014208,402.1942017922289,0.583410288987059,222.75510645290854,54.69116526272438
0.10302743115880644,677.1309219184791,4.247237253007484,1639.8582622108456,403.37429834216107,0.5775477455396772,222.99117895376446,54.85163713216135
0.10346733941125588,678.4286512632049,4.168438829132771,1633.9885436311843,402.16431795711605,0.5668325795741559,222.19300297943306,54.68710159955479
0.10390912599133514,679.7319216744387,4.122775972875087,1635.7655803418997,402.9280655338639,0.5606232538135445,222.4346479558912,54.79095750984091
0.104352798919159,681.040756811519,4.0792305541268075,1635.3866177120376,404.44910156277535,0.5547018614051403,222.38311586585647,54.99779100584125
0.10479836624908666,682.3551804348057,4.002469344083119,1631.8118109905795,402.49789205454397,0.544263719816926,221.89700655768064,54.732461666926476
0.105245836069868,683.6752164061106,3.9640172249947976,1634.0756079802263,403.73813361475055,0.5390349243982201,222.2048421622973,54.901112174150846
0.10569521650479036,685.0008886891316,3.8874278875871204,1628.4906768002652,402.09132774937865,0.5286201543919391,221.44539214341813,54.67717624633951
0.106146515711826,686.3322213498867,3.848919846402931,1630.9256362329356,403.1810894336328,0.5233837545757222,221.77650275651695,54.825364201573436
0.10659974188378026,687.6692385571517,3.7774611592073244,1624.2820629166163,402.2063408296333,0.5136666605612958,220.87309648024856,54.69281595310693
0.10705490324844026,689.0119645828988,3.736894272230843,1627.6834092314684,402.630611115346,0.5081502948107743,221.33561829829665,54.75050906804637
0.10751200806872424,690.3604238027366,3.6972366441002587,1627.084429930741,404.21853496910484,0.5027575718815216,221.25416790498156,54.966438103133285
0.1079710646428316,691.7146406963533,3.629190659023617,1624.9135214750813,402.07422669488335,0.49350454386990944,220.95896346744945,54.6748508110314
0.10843208130439351,693.074639847961,3.591738636996978,1625.3610710293635,403.52812262127316,0.4884117436332212,221.0198221435006,54.872554462726654
0.10889506642262431,694.4404459467418,3.522543061174328,1620.0253826831934,401.8690086316815,0.4790023919918942,220.29426465950303,54.64694485177227
0.10936002840247318,695.8120837872959,3.4876711263134377,1622.830776800114,402.88244231376154,0.47426043712529187,220.67574771567809,54.7847535738833
0.10982697568477705,697.1895782700923,3.4267961710129464,1615.8678945860704,402.62866836484795,0.46598253996550115,219.72892118218698,54.75024488898043
0.11029591674641363,698.4841793779962,3.3856007248483495,1619.367052064411,402.3637562663223,0.4603807014899094,220.2047435562427,54.71422161640216
0.11076686010045529,699.7321792662066,3.349717253017493,1618.8758670889533,403.962568566516,0.4555011958198712,220.13795124907463,54.93163128403119
0.11123981429632372,700.9855078852579,3.285913865190441,1615.0779000208083,401.99038470453274,0.4468250845969311,219.62149615434504,54.66344981089319
0.11171478791994506,702.2441879878545,3.2537232703459775,1617.1494990030847,403.2555897307044,0.4424477436638725,219.9031962927182,54.835494899731465
0.1121917895939058,703.5082424238504,3.1898345230367386,1610.3146157238446,401.8416380453433,0.4337600250892445,218.973775308252,54.6432229451558
0.11267082797760923,704.7776941406645,3.1574324638077798,1613.1426658883875,402.7753507492223,0.42935392880976847,219.35833917871818,54.77019105053424
0.11315191176743276,706.0525661836969,3.121373486330283,1611.6295723548235,404.3122451978875,0.42445055753380606,219.15258571898818,54.97918100590592
0.11363504969688576,707.3328816967473,3.0642177429352926,1609.1838425825295,402.31489121075447,0.4166784061855275,218.8200105337457,54.70757684922819
0.11412025053676801,708.6186639224353,3.033861749767024,1610.7810009122745,403.687162990848,0.41255053802710595,219.0371952911927,54.89418108761858
0.11460752309532904,709.909936202622,2.974021519970586,1605.0527356471844,401.9424704345743,0.4044133448936081,218.25825441913204,54.65693433343214
0.115096876218428,711.2067219788343,2.9441874908379395,1606.937323046579,403.19751571147515,0.4003564544400023,218.51452435155034,54.82759787941395
0.11558831878969426,712.5090447926898,2.889227316556316,1601.7254420977426,401.78071558682086,0.39288286093440217,217.8058024429991,54.634938588413675
0.11608185973068856,713.8169282863247,2.858084960431843,1604.1909898464519,402.56938669592085,0.3886480615815412,218.141072515981,54.74218365006179
0.11657750800106519,715.1303962028228,2.828156217327527,1604.3798399761793,404.0835148369966,0.3845782917342142,218.1667527311825,54.94807779777328
0.11707527259873446,716.4494723866463,2.774212036981032,1600.8461979665356,402.04863747926515,0.3772428550990126,217.68624108216432,54.67137113873855
0.11757516256002609,717.7741807840692,2.746808791336922,1602.6683316516853,403.4017237310177,0.3735165074053398,217.93401843465034,54.85536649093298
0.11807718695985331,719.1045454436113,2.6935469540825423,1597.4539195971538,401.6535305760923,0.3662738571371482,217.22495234132643,54.61764371839889
0.11858135491187756,720.4405905164756,2.665870791066663,1599.4559760331356,402.82090548107936,0.36251039759796394,217.4971959463254,54.7763856733244
0.11908767556867397,721.7823402569861,2.6191508800393755,1592.450074300197,402.5803706412373,0.35615733143324296,216.54451953333103,54.74367726873123
0.11959615812189742,723.1298190230282,2.5878601283361515,1596.8632051030736,402.1753558182128,0.35190235295525896,217.14462581281148,54.68860254979898
0.1201068118024495,724.4531439718054,2.560453684605795,1596.484913941805,403.81336018805655,0.3481755703794754,217.0931850304079,54.911341632791704
0.12061964588064612,725.6685607371313,2.511397638284503,1592.8984002503512,401.75570282848616,0.341504831904037,216.60548378523268,54.63153730392557
0.12113466966638564,726.889167109334,2.4857755219109423,1594.3211244547306,403.1196129758938,0.33802068570122557,216.79894864434368,54.817004510919055
0.12165189250931804,728.1149852470838,2.437172921962229,1587.8232555868312,401.66182380130056,0.33141160776288586,215.91535554795846,54.6187714476113
0.12217132379901459,729.3460374036646,2.4115526660340993,1590.2731305978646,402.62870271345366,0.32792771454713415,216.24849441098624,54.75024955977196
0.12269297296513834,730.5823459273779,2.3860602904137633,1590.6350481399995,404.1007685706787,0.32446121074927115,216.29770867618495,54.950423994700046
0.12321684947761515,731.8239332619479,2.3404187306484183,1587.0540986892238,402.07050918419134,0.318254780927927,215.81076406749312,54.67434529655427
0.12374296284680586,733.0708219469299,2.3168189118946847,1588.4196024742391,403.5075785283807,0.31504563076643965,215.99644798048928,54.86976083622845
0.12427132262367879,734.3230346181188,2.2707268574991275,1582.471142886534,401.7625848424966,0.30877794179177825,215.1875646477109,54.63247313384035
0.12480193839998305,735.5805940079598,2.247338510338426,1584.3037255847614,403.01168874801675,0.3055975479569395,215.4367628777196,54.802328760357824
0.12533481980842284,736.8435229459621,2.207541524898498,1579.6511468947017,401.92929286098,0.30018587494436405,214.8040959996244,54.655142420838686
0.1258699765228323,738.1118443591125,2.1808502582150258,1581.2235112960605,402.41438568724067,0.296556343561882,215.01790922951366,54.721106305475914
0.1264074182583509,739.3855812722916,2.1594611639663763,1583.2940281553176,403.7891037649549,0.2936478121032977,215.29946221865245,54.9080431962687
0.1269471547716001,740.6647568086922,2.1164728698591686,1577.951186862666,401.8953001320226,0.28780217860857504,214.5729320628053,54.65052002213463
0.12748919586086033,741.949394190239,2.095853341279362,1580.6583883058286,403.15681199596116,0.2849982942159795,214.94106268444958,54.82206290744752
0.12803355136624892,743.2395167380099,2.054828787887831,1574.3600549749608,401.6332032084271,0.2794196940786141,214.0846028261442,54.614879562626925
0.12858023116989856,744.5351478726595,2.0333364264969442,1577.2800314508272,402.5682346764162,0.2764971201492107,214.4816670187488,54.742026996164654
0.12912924519613694,745.8363111148445,2.0111141730936106,1576.5931523481609,404.20743762580497,0.27347529405630316,214.3882638360275,54.96492906438114
0.12968060341166687,747.1430300856505,1.9737465805698302,1575.0819109056529,401.88709301334166,0.26839397471086923,214.1827622273127,54.64940400185858
0.130234315825747,748.3920632340686,1.9525514612472563,1574.7743897760051,403.53447288357364,0.2655118203474583,214.14094489417263,54.87341798398925
0.13079039249037375,749.5598242297848,1.9148374354017998,1570.5037683375851,401.5906669828752,0.2603833923118347,213.56021732072088,54.60909540231096
0.13134884350046377,750.7325713509739,1.8950281501496864,1572.5823807250663,402.8133344423163,0.2576896864139574,213.84287115584405,54.77535614845716
0.1319096789940372,751.910325887478,1.8634105039569278,1565.3603655217148,403.1958095899881,0.2533902561749312,212.86080720450832,54.82736587763026
0.1324729091524014,753.093109220043,1.8376265115830503,1567.9727355498608,402.3724710795748,0.24988409775253545,213.21604246225206,54.71540667399301
0.13303854420033637,754.2809428207063,1.8190540482631974,1569.3100950652806,403.86003491712745,0.247358577354092,213.39789926164795,54.917688555024384
0.13360659440627987,755.4738482531877,1.7830842276061964,1564.5443644018214,401.8710734175926,0.2424673297994123,212.74984575378676,54.64722562545571
0.13417707008251403,756.6718471732794,1.765030511291989,1566.5104258295987,403.2183248523801,0.24001234964766777,213.01719468617839,54.830427547666595
0.13474998158535256,757.8749613292404,1.7305207795527089,1559.803511445541,401.83444338617403,0.2353196478799275,212.10517516588968,54.642244601132234
0.13532533931532872,759.0832125621903,1.7119308587734732,1562.8636877484496,402.6462650593822,0.23279175358153245,212.52130400904466,54.752637722404096
0.1359031537173842,760.2966228065068,1.6948028395371857,1564.5415579488204,404.09095979125595,0.23046265155445042,212.7494641267414,54.94909017741963
0.13648343528105855,761.5152140902229,1.6607029511257887,1559.2072438055402,402.12879071066754,0.22582568109530987,212.0240935095784,54.68227053411879
0.1370661945406798,762.7390085354275,1.6442605801702457,1561.5112159772016,403.4912631276504,0.223589814881343,212.33739221512795,54.86754223567754
0.1376514420755557,763.968028358667,1.6116326851213931,1555.5411648877932,401.776441603399,0.2191530089991601,211.52557282712394,54.634357403671046
0.13823918851016562,765.2022958713477,1.5951053149395222,1558.619811830951,402.8252425874068,0.2169055844218116,211.94421334457425,54.77697544164493
0.13882944451435345,766.4418334801422,1.5772288013368223,1557.5018466067197,404.50096469190765,0.21447470064623775,211.792190216036,55.00484345700483
0.13942222080352154,767.6866636873951,1.5474006270792895,1555.349172489094,402.23825143393776,0.21041860635016235,211.49946531995533,54.69715522037103
0.1400175281388249,768.9327776196025,1.531601651426249,1556.6242640806913,403.74883883574387,0.2082702303055256,211.67285480356904,54.902567891334016
0.14061537732736673,770.0507556021757,1.5011510772427732,1551.4766194533522,401.8151331404689,0.20412950083306633,210.9728678774198,54.63961875562174
0.1412157792223946,771.1735071458778,1.4855993735116377,1553.4616823117854,403.11606709909825,0.20201474931480393,211.24280066203895,54.816522335559576
0.14181874472349748,772.3010526329402,1.4614600469835353,1547.3678665505493,403.4377520076921,0.19873223581611024,210.41415150848772,54.86026568745286
0.14242428477680352,773.4334125326226,1.4402990617598692,1548.9160208312956,402.6433265914873,0.1958547230751696,210.62467259815827,54.75223814371166
0.1430324103751789,774.5706074015845,1.4255367222776785,1550.1197406770127,404.17215679112905,0.19384731087308615,210.78835681021005,54.96013150650669
0.14364313255842726,775.712657884259,1.3976506878164856,1546.2535705030384,402.0414511598068,0.19005531259851383,210.26262732187726,54.67039392876542
0.14425646241349027,776.8595847132268,1.3831208500908239,1547.9105273064345,403.4347053262765,0.18807951644642198,210.48794359437426,54.859851393671235
0.14487241107464868,778.0114087095931,1.3557386717274116,1540.1022734931978,402.2427448946106,0.18435603352336283,209.4261617541337,54.697766250065555
0.14549098972372468,779.1681507833651,1.3412709378490595,1544.3376634182546,402.8400898699997,0.18238868237560354,210.0020984765209,54.77899440457968
0.14611220959028481,780.3298319338326,1.327086462599572,1544.5714198715677,404.48689281794935,0.18045984929800613,210.0338851426698,55.00292993567414
0.14673608195184368,781.4964732499477,1.3007325561861294,1540.4027818627733,402.3387679102633,0.1768761928341555,209.46702547825015,54.71082365018391
0.14736261813406895,782.668095910709,1.2872054443088827,1541.6424790550814,403.8396104920613,0.17503674933171526,209.63560196124803,54.914911201194535
0.14799182951098672,783.8447211855452,1.262195980952375,1536.4073327207125,402.10964432029823,0.17163591290128502,208.92371637942796,54.679666969981845
0.14862372750518815,785.0263704347019,1.2488932156388035,1539.6947175971125,403.05844416687927,0.1698269764895373,209.37074149504676,54.8086866549484
0.14925832358803673,786.2130651096287,1.235171769362416,1539.0357959458522,404.7837388182292,0.16796110701006337,209.28114002201787,55.04329564354993
0.1498956292798766,787.4048267533693,1.2112753167879453,1536.372953122391,402.46751049710747,0.1647116199932953,208.9190413734605,54.728330322488155
0.15053565615024167,788.4838326478988,1.1986103603925315,1537.3772263189671,404.02477682547277,0.16298941410325468,209.05560443458398,54.94009048646661
0.15117841581806554,789.5443860998082,1.1744525927438993,1531.0763519037232,402.2711956909902,0.15970439294441569,208.19879903458522,54.70163504578593
0.15182391995189268,790.6094679206229,1.1621023219934217,1533.7081689909091,403.4196992607592,0.15802497863251394,208.55667874198812,54.8578108391195
0.15247218027009002,791.6790974456486,1.149329779679607,1533.2379841683662,405.0979032910591,0.1562881429959056,208.4927420772646,55.08601635167216
0.1531232085410598,792.7532940927487,1.1267721079879018,1529.8629694531016,402.86775576020534,0.1532207060588842,208.03380088235397,54.78275646720174
0.15377701658345308,793.8320773626976,1.115453220662436,1531.910941200917,404.33304510150094,0.15168154131073847,208.31228814252344,54.98200941805335
0.15443361626638455,794.9154668395345,1.0924089343296053,1524.845869077294,402.5745865350128,0.14854793354967616,207.35156562244657,54.742890734494765
0.1550930195096478,796.0034821909189,1.081693253234809,1529.0581431034457,403.6230936070947,0.14709079398116268,207.9243589990531,54.885468805742015
0.15575523828393162,797.0961431684872,1.0690123991950513,1526.9809719964774,405.40804530945576,0.14536642629791313,207.64190115211267,55.1281900784625
0.15642028461103763,798.1934696082121,1.0486458430215564,1525.0623247704655,403.070346438803,0.14259694159486763,207.38099969691743,54.81030514949129
0.15708817056409824,799.2954814307622,1.03743590191597,1525.3232977254502,404.74461093703076,0.1410725915697826,207.41648731694417,55.037974956659205
0.157758908267796,800.4021986418635,1.0168683026329552,1520.8940742130392,402.6510426460717,0.1382757686259602,206.81419271890334,54.7532873881179
0.15843250989858348,801.5136413326628,1.00619562329215,1522.9622266670365,403.985261828109,0.13682447652124313,207.09542419152538,54.93471715875192
0.15910898768490464,802.6298296800927,0.9934346682691992,1520.4774232363636,405.3885450761338,0.13508921654742845,206.75753569271873,55.12553839805906
0.1597883539074166,803.7507839472374,0.9754562266891837,1519.2694940948682,403.3809520728358,0.13264447240333757,206.59327909227844,54.85254191965536
0.16047062089921257,804.7776940948661,0.9657362276043895,1521.4449576846769,404.8640324253389,0.13132272764935765,206.88910294598662,55.054214127497254
0.1611558010460459,805.7643535063061,0.945835219752664,1515.145264447127,402.93621997498184,0.12861654913046455,206.03245816487342,54.79206636691745
0.16184390678655475,806.7552257726388,0.9360453708975165,1517.4801198399637,404.27619711213174,0.12728530606617353,206.3499564320915,54.97427911570789
0.16253495061248813,807.7503288819829,0.9214724110978663,1510.9148733822387,405.2695768623554,0.12530364608893338,205.45720119740653,55.10936086439055
0.1632289450689323,808.7496808992626,0.9073786608918092,1513.7685760831223,403.66240989935517,0.12338714998268364,205.84525335064302,54.89081511314265
0.16392590275453894,809.7532999665361,0.8979533912657165,1514.8787064305197,405.2621986463389,0.12210548312505781,205.99621107708992,55.10835755994285
0.16462583632175365,810.7612043033253,0.8797328496288798,1509.7097831004212,403.1822282948111,0.11962781773506452,205.2933306307358,54.825519066175254
0.1653287584770455,811.7734122069455,0.8706065839338155,1511.8672699867777,404.57121857631336,0.11838681002501768,205.58670997665396,55.0143967195463
0.166034681981138,812.7899420528387,0.8566182338592024,1506.5188149878068,404.80473956260863,0.11648464643768998,204.85941645788745,55.046151366423054
0.16674361964924056,813.8108122949064,0.8437837721005699,1507.860217248953,403.9763786953153,0.11473939087216568,205.04182299786544,54.93350921273603
0.16745558435128124,814.836041465845,0.8352907788339682,1509.8536296617617,405.49305186340786,0.1135844968029596,205.31289117144894,55.13974943826901
0.1681705890121402,815.8656481774818,0.8180872432319306,1504.0291655562673,403.4589577046971,0.1112451259106854,204.5208689902715,54.8631492801905
0.1688886466118846,816.8996511211138,0.8094052148635591,1505.6808352766884,404.905416337264,0.11006452647341264,204.74546631473925,55.05984159392076
0.1696097701860041,817.9380690678458,0.7959221617619812,1499.3718666400937,405.07222021116627,0.10823107417067303,203.8875602464673,55.08252391552908
0.1703339728256474,818.9208057603157,0.7846055618700161,1502.193861489208,404.2587282013093,0.10669222047227156,204.27130070313157,54.97190365856681
0.17106126767786015,819.8371972741038,0.7763218656662849,1502.8808555933983,405.9267377413054,0.10556578703278975,204.36471952398819,55.19872290410842
0.17179166794582335,820.7575016117374,0.7605189603641659,1497.8829796518928,403.78096173139375,0.1034168766266774,203.6850984407865,54.906936026396316
0.17252518688909332,821.6817354802575,0.7525678462849497,1499.9087772147323,405.20799063442314,0.10233566836412311,203.96057041130314,55.10098624696759
0.17326183782384205,822.609915658041,0.7403664745960348,1493.7912075399022,405.62490908064126,0.10067650164193574,203.1286911534684,55.15767964419108
0.1740016341230993,823.5420589951051,0.7292371672750033,1495.7538202263493,404.60649443893897,0.09916311635880176,203.39557111917372,55.01919360131149
0.17474458921699518,824.478182413414,0.7218613574069315,1497.6563012312972,406.1575641303764,0.09816013910392442,203.65427425956497,55.230111134310214
0.17549071659300394,825.418302907185,0.7069472450766848,1491.895309875753,404.0817281403198,0.09613208852893945,202.87088322881618,54.947834839215474
0.17624002979618897,826.3624375431981,0.699709899118915,1494.5137843525986,405.4584928678726,0.0951479398712112,203.2269485816016,55.135050037512585
0.1769925424294485,827.3106034611052,0.6893858086359201,1489.1755097282044,406.5925675028285,0.09374404957076257,202.50103941036153,55.28926375567225
0.17774826815376277,828.2628178737411,0.6780201056546629,1490.5890701762319,404.8200129585017,0.09219851873688921,202.6932581637086,55.04822827308951
0.17850722068844171,829.2190980674366,0.6708679775303059,1491.420542760077,406.49036708820927,0.0912259581691676,202.80632345478406,55.275366340590296
0.17926941381137437,830.1794614023318,0.6571382023838465,1486.22940088155,404.34641914337794,0.08935895611342198,202.10042168614683,54.983828046793555
0.18003486135927882,831.137998881614,0.6501776031714274,1488.0950442209205,405.7952442646935,0.08841244002701987,202.35411556770984,55.180842160357514
0.18080357722795326,831.975899178469,0.6419619796096687,1485.132973232769,407.46733650942423,0.08729526324040723,201.95132727983543,55.40821658018648
0.18157557537252852,832.8173771560561,0.6298409321373389,1483.4528261463806,405.23609138941663,0.08564701916450439,201.72285754666206,55.104807443366006
0.18235086980772133,833.6624480904163,0.6235052287399165,1485.6436901524364,406.7723509174657,0.08478547765042996,202.02077557951637,55.31371106097303
0.1831294746080886,834.5111273228166,0.6105690244799804,1479.6184948689424,404.722587914948,0.0830263869377846,201.2014575746288,55.03498022243642
0.18391140390828298,835.3634302600285,0.6042812084975165,1482.616683486905,406.0245184411194,0.08217135724937506,201.60915720943984,55.2120193176052
0.18469667190330957,836.2193723746075,0.5975426814929818,1482.2241006127442,407.71787268701314,0.08125503898225414,201.55577301157132,55.4422849865229
0.1854852928487836,837.0789692051741,0.5853878916899351,1478.1449050165586,405.447793316398,0.07960220655729662,201.00107590381637,55.13359509128182
0.18627728106118896,837.942236356696,0.579204596485377,1479.1045331757737,407.12161180416115,0.0787613898115709,201.13156804421152,55.36120424906213
0.18707265091813854,838.809189500771,0.5673152689192051,1473.396016170827,405.06926142543387,0.07714465546809549,200.35531257973346,55.0821215739768
0.18787141685863484,839.679844375912,0.5611385196362964,1475.2513142490789,406.4536561854985,0.07630472884977868,200.60759969217105,55.270374319228104
0.1886735933833324,840.5542167878323,0.5549630141684283,1475.0210802168199,408.2025120529985,0.07546497136789805,200.5762920118234,55.50818720873251
0.18947919505480068,841.4323226097328,0.5436709791915414,1471.2204312493209,405.8313741645908,0.07392945805537043,200.05947222710043,55.185755175804786
0.19028823649778884,842.2680599429436,0.5380863003352025,1473.0651019250297,407.418799601243,0.07317004234795789,200.310314204262,55.40161643514499
0.19110073239949102,843.0236811315266,0.5271221420513431,1467.438222606947,405.39792620119545,0.07167911435845147,199.54515999436208,55.12681406205125
0.19191669750981283,843.782528684126,0.5212555484001763,1469.2003101895593,406.7327885841786,0.07088136331809469,199.78477215873096,55.3083312964256
0.19273614664163946,844.5446163767247,0.5158895832885633,1470.6857622927046,408.3471418395733,0.07015168873948192,199.98676688192924,55.527854253966446
0.19355909467110433,845.309958044127,0.5050293452380724,1465.1541122158856,406.11894008004185,0.06867489202942205,199.2345621331319,55.224858959339635
0.19438555653785916,846.078567580209,0.49976250097854236,1466.79716489422,407.71986115947107,0.06795869610086962,199.4579876951259,55.44255538295162
0.19521554724534534,846.8504589381712,0.48950570774936064,1459.8947396568021,405.9551643337945,0.06656395701447036,198.5193822212254,55.20258840853577
0.19604908186106618,847.6256461307916,0.4841615685072779,1463.0934731159775,407.0236132994714,0.06583725036088527,198.95435234130073,55.34787821802637
0.19688617551686052,848.4041432306802,0.4788053698634547,1462.7406543833727,408.8377112789161,0.06510890384593317,198.90637535026832,55.594562859312774
0.1977268434091772,849.1859643705347,0.4689461324363638,1458.2531872805614,406.4991549624258,0.06376822518600554,198.29616067328578,55.27656133315594
0.1985711007993513,849.9711237433967,0.46407084821905886,1460.418148833252,408.0126311118473,0.06310527436860634,198.59055643915713,55.48236682174914
0.19941896301388098,850.7596356029093,0.4550050591932213,1453.4256515447596,406.7258794841865,0.06187249039598903,197.63970278910466,55.30739178330532
0.2002704454447056,851.5136519013174,0.4495659554936376,1456.6988492595406,407.3134804257088,0.06113287028712256,198.08479870634798,55.387294924768135
0.20112556354948544,852.1891952040935,0.44461390769850273,1456.5555422137325,409.11940279858754,0.06045948100615888,198.065311530027,55.63286783085837
0.20198433285188205,852.8676229529868,0.43535150237001224,1451.2004098250982,406.881061214135,0.05919996075874243,197.33711000657024,55.328493702727705
0.20284676894184028,853.5489474640538,0.43066428797285083,1452.7506015581785,408.4340432671705,0.05856258404849983,197.54790815305026,55.53967128244946
0.20371288747587105,854.2331811059381,0.4254262959546527,1451.0242995716612,410.0381651964386,0.05785031150494861,197.31316218501476,55.75780296397103
0.20458270417733582,854.9203363000953,0.41724331803374315,1449.3097370134958,407.70355490049354,0.05673757393732728,197.08001256773025,55.440338025514386
0.20545623483673192,855.6104255210182,0.4127948308172579,1450.1563126151611,409.4316382970652,0.056132659822599205,197.1951315971239,55.67532623322229
0.2063334953119791,856.3034612964635,0.4040632438860883,1443.6065344146132,407.33962275287405,0.054945321313663815,196.30447976672926,55.390849810266175
0.2072145015287076,856.999456207679,0.3998232401526709,1446.4873331289352,408.6969409627726,0.0543687571964648,196.69621648961473,55.575420632522864
0.20809926948054722,857.6984228896323,0.3955190502702467,1447.0661163845805,410.3906207903133,0.05378346491941846,196.7749205846632,55.80573057467868
0.20898781522941767,858.40037403124,0.3872416005481784,1442.28300789757,408.04076042437725,0.0526578808889023,196.12450400588872,55.486191901458014
0.20988015490581988,859.1053223755978,0.3830434493067938,1442.9401598862878,409.7768889617837,0.0520870079565792,196.2138648366952,55.72227410337319
0.21077630470912928,859.7123611080253,0.37518600409643454,1436.8892248717757,407.78634835768077,0.051018536972592815,195.39104669213216,55.451596444033406
0.21167628090788965,860.3063453992072,0.37091832801986124,1438.727697126305,409.0909414768165,0.050438209915286754,195.64104579568794,55.62899760387441
0.21258009984010834,860.9028658944716,0.36692352495246205,1439.1197391343144,410.87276523209897,0.049894988670978434,195.69435644550444,55.871293532147234
0.21348777791355314,861.5019334229451,0.3593022067111451,1434.673900981922,408.4563732639742,0.048858626700571395,195.08980255576583,55.54270775970365
0.21439933160604988,862.103558859993,0.3555446763149914,1436.7962873305917,410.0096889819199,0.04834767026470036,195.3784088609517,55.7539307118417
0.21531477746578187,862.707753127416,0.34874550281900435,1428.608141064457,409.2973383037341,0.04742310516738684,194.2649684914959,55.65706385376152
0.21623413211158987,863.3145271936493,0.3441699939408673,1431.7359978779573,409.4035608924929,0.046800918395175424,194.69030066471714,55.671508212060466
0.21715741223327426,863.923892073961,0.34075134585358846,1434.3772953626055,410.98110038243743,0.04633604384779681,195.04946953537018,55.886025160759786
0.21808463459189775,864.5358588306525,0.3332658711052853,1426.456940931434,408.92676649246073,0.04531815414499875,193.97244403076502,55.6066727638807
0.21901581602008963,865.1504385732591,0.3298277605309028,1429.5340073372354,410.33544896782314,0.044850633050022314,194.3908696236108,55.798228200829904
0.2199509734223515,865.767642458752,0.32607872552254646,1428.774399303679,412.1356435889178,0.044340831833833534,194.28757661661817,56.04302223587226
0.22089012377536418,866.2895680764502,0.3193733408106816,1425.139847874883,409.6765069744763,0.043429020321403534,193.79334310464216,55.70862396164373
0.2218332841282957,866.8083062705626,0.3158710596705099,1425.587031370232,411.4434054112276,0.042952773185616626,193.8541520032735,55.94889031550017
0.22278047160311082,867.3292593817109,0.3091991966647843,1418.6689727509101,409.4261346980129,0.042045520021273645,192.91342067109483,55.67457784290746
0.22373170339488213,867.8524368671851,0.3058621251843877,1421.6229166086307,410.7229181937075,0.04159173842269612,193.31510381565408,55.850917034663496
0.22468699677210202,868.3778482246561,0.3025934568177217,1422.4184695899967,412.4567239070275,0.04114725841519287,193.4232846879423,56.08668337435235
0.22564636907699598,868.9055029923477,0.2961800828589528,1417.233877231276,410.07215963651305,0.04027515510413649,192.71827353599852,55.76242559535617
0.22660983772583784,869.4354107492107,0.29293844600428975,1418.135263082,411.779455575213,0.03983435089524911,192.84084577176856,55.9945870833133
0.22757742020926566,869.9675811150961,0.2872316591668902,1409.6307807845594,410.95201398266147,0.03905833070238567,191.68438940136193,55.882069934428934
0.22854913409259933,870.5020237509295,0.2835593263340484,1413.3499689589703,411.12546857249794,0.038558959600152744,192.19013198587325,55.90565663358086
0.22952499701615933,871.0387483588876,0.28056334128827615,1414.5969563950596,412.84538721793655,0.038151559611458656,192.35969981067976,56.139534582235925
0.2305050266955872,871.5272620130141,0.27453185834867705,1408.0705186386438,410.61343277581557,0.03733138659862312,191.47222186017115,55.83602899038761
0.23148924092216705,871.9701584149751,0.2717385401296518,1411.6909986098553,411.9882292725329,0.03695154564699496,191.9645419074358,56.02297654475197
0.23247765756314834,872.4149459034167,0.2685997368080384,1410.467822176271,413.86906169453516,0.0365247249458894,191.79821194997612,56.27873586789694
0.23347029456207058,872.8616325529317,0.2629678125957043,1406.1707818971865,411.4096241316722,0.035758884721263234,191.21389189017228,55.94429667010519
0.2344671699390888,873.3102264725899,0.2600350443850401,1406.1575290773178,413.26148056293346,0.035360081083190005,191.21208974544118,56.19611578055887
0.235468301791301,873.7607358060854,0.2545977231876398,1399.7094018413168,411.187461860177,0.03462070336250582,190.33526061481788,55.91408660379557
0.23647370829307607,874.2131687318841,0.2516863967675166,1401.7020942819995,412.525175893914,0.034224815421637515,190.6062308851637,56.09599161129533
0.23748340769638449,874.6675334633729,0.24891465648834382,1401.7081827304387,414.37509457113816,0.033847908681067705,190.60705880445818,56.34754722211175
0.23849741833112922,875.1238382490081,0.24365183801841261,1396.8105198318851,411.9166184667956,0.03313226018736959,189.94106488959738,56.01323876535654
0.2395157586054784,875.5820913724652,0.2411729286853099,1399.9421343004428,413.41348590104445,0.03279517317964075,190.3669080362062,56.216785767919205
0.24053844700619986,875.9884564521699,0.2378958863548633,1395.4415572077698,415.1375235226783,0.03234955446393389,189.75491063680025,56.451223823126774
0.24156550209899644,876.3479257346487,0.233395266852106,1394.9411148588206,412.7500295444539,0.031737551297520525,189.68685949362393,56.12656765666547
0.2425969425288432,876.7089298850951,0.2308244079997241,1395.181693761032,414.5917200477603,0.031387960811789475,189.71957388990546,56.377004384072976
0.2436327870203257,877.0714754571139,0.22592747328172735,1389.0805788173798,412.3331876244358,0.030722065916365088,188.8899321790522,56.06988466562643
0.24467305437798015,877.435569032293,0.22335842462460664,1390.3208261303575,413.89617916922793,0.030372721584575955,189.0585834685498,56.28242335588987
0.24571776348663477,877.8012172203221,0.22094806460198907,1391.0120839352076,415.6581326791346,0.030044956048046065,189.15258207587863,56.5220172887863
0.24676693331175228,878.1684266591133,0.21607150239370565,1384.0870392800016,413.36967675942026,0.029381831446898873,188.2109007686845,56.21082851395108
0.24782058289977466,878.537204014921,0.214027399413441,1388.8417664496312,414.750118433407,0.029103870269414186,188.85745799963064,56.39854371071705
0.24887873137846867,878.907555982464,0.21001271574690886,1379.9866448152889,414.48471421700594,0.02855794562180503,187.65332099674183,56.36245351897401
0.24994139795727316,879.2794892850455,0.2069856335488185,1382.5246167130535,414.1836574996959,0.028146316980661324,187.9984394491568,56.32151522944501
0.25100860192764757,879.5420644626354,0.2048170884885937,1384.0088312496046,415.935231751595,0.02785143392232801,188.20026588559503,56.559697770251596
0.25208036266342254,879.7992870392213,0.20034814970732417,1377.0183596757988,413.6754620426842,0.02724373876325739,187.2496876962434,56.25240980325702
0.25315669962115145,880.0576079090763,0.1981074152524261,1378.4148752066276,415.28643644287206,0.026939039247857562,187.43958864794328,56.47147329736529
0.25423763234046337,880.3170317617112,0.19593110733465408,1378.7502640257126,417.06312792686356,0.0266431005807583,187.48519548476514,56.713071329208745
0.2553231804444182,880.5775633066604,0.19168580081244097,1373.1179761054598,414.6368999466594,0.02606581537982141,186.71930580241482,56.38314803633408
0.2564133636398626,880.839207273567,0.1897887390962713,1376.750611952424,416.13914315973216,0.02580784916506673,187.213278829774,56.587426047963426
0.25750820171778804,881.1019684122691,0.18575060578058292,1366.9497071425808,414.74793114790884,0.02525873578765579,185.88053235483534,56.39824627929679
0.2586077145536896,881.3658514928856,0.1835405421372655,1370.6238090352572,415.54321039908945,0.02495820695004651,186.3801440173333,56.506389929211466
0.25971192210792726,881.6308613059026,0.18150277005582813,1370.6060180354846,417.4362940446981,0.024681106660740918,186.37772476189795,56.76381519804126
0.2608208444260882,881.8149182196524,0.17748260799486104,1363.095123062491,415.17961542885774,0.02413443705019077,185.35637836652856,56.4569475640132
0.2619345016393503,881.970830229509,0.17556734875363855,1365.470953255746,416.7228092575022,0.023873996299886836,185.67944846837605,56.66679412156853
0.2630529139648481,882.1274079550788,0.17356364726873344,1364.632403505902,418.63982634210333,0.02360152899787257,185.56542081023136,56.92747390690156
0.26417610170603945,882.2846542388455,0.1698354422441724,1359.8000407223403,416.0948759950317,0.023094560284193995,184.908306534522,56.581406511108945
0.2653040852530745,882.4425719354305,0.16800724344199847,1361.1796413302297,417.8403730357986,0.02284595818506562,185.0959073614519,56.81876266069237
0.2664368850831652,882.6011639116432,0.1646065671882763,1354.4264942719929,416.0834166668393,0.022383527483258978,184.17760103043145,56.57984824893316
0.26757452176095775,882.7604330465341,0.16252160047311814,1356.0468222867842,417.12665270271054,0.02210000957405525,184.39793644760525,56.721709554222045
0.2687170159389057,882.9203822314469,0.16075066147416867,1356.6929149911225,418.9537971683298,0.02185919377653716,184.48579341498706,56.97016828257456
0.26986438835764437,883.0810143700702,0.1572204696389588,1349.8888993184987,416.5942778245834,0.021379151289081504,183.56056986889064,56.64931616239385
0.2710166598463682,883.1508329923184,0.15551614380574819,1352.118560053221,418.1827787873923,0.021147393681959645,183.86376355785757,56.86532367391401
0.27217385132320826,883.2086925661604,0.1537257479011841,1351.1255353555134,420.12014083752103,0.02090393209582568,183.72873008992022,57.12877000801124
0.27333598379561247,883.2667991897806,0.15039885267329575,1346.1339159767322,417.54899933928175,0.02045153428424757,183.04995978652693,56.779141087535905
0.27450307836072624,883.3251539180363,0.14880361078775564,1347.9256699707728,419.28644371431926,0.02023461012868462,183.2936060483615,57.01540221966196
0.2756751562057763,883.3837578102888,0.1459206738144525,1339.4243028267567,418.50605543146526,0.01984258264110191,182.13757328269605,56.90928347315474
0.276852238608455,883.4426119304228,0.1437942777271297,1340.5340248069438,418.745647273126,0.01955343108370114,182.28847547855975,56.941863646984885
0.2780343469373061,883.5017173468653,0.1422859778027224,1342.3348622319434,420.4765382483047,0.019348329468451775,182.533356923352,57.17723363480028
0.2792215026521136,883.5610751326057,0.13913366803072771,1334.8079677607275,418.20083854244467,0.018919672133434987,181.5098348844813,56.867779475225355
0.2804137273042906,883.5875881808713,0.13768646783710956,1338.587365322081,419.61381432694276,0.018722878980762178,182.02376486084705,57.05991872486608
0.28161104253727093,883.5516687238819,0.13604778388364183,1336.6521386711293,421.66377174044686,0.0185000474866404,181.76060890256522,57.338675999794226
0.2828134700869017,883.5155958973929,0.13310242376804637,1331.6377303112358,419.0737495543735,0.018099531576360114,181.07873970832114,56.986479645939674
0.2840210317818383,883.4793690465449,0.1316026172553649,1332.2184021876335,420.88229938043196,0.01789558491208287,181.15770062176534,57.232409838324536
0.2852337495439405,883.4429875136818,0.1296631874539569,1327.015824743438,422.10609854674044,0.017631857401065563,180.4502438222275,57.39882447621516
0.2864516453886701,883.4064506383398,0.12724988910904056,1326.3744162420971,420.2040111215118,0.01730369230564168,180.3630238220598,57.140174855574756
0.2876747414254912,883.3697577572352,0.1258846446562753,1327.742622950078,421.98086673493793,0.017118043657159236,180.54907528388173,57.38179520606426
0.2889030598582712,883.3329082042518,0.1230909959920116,1319.7618315396508,419.7603902981932,0.016738157770932155,179.46383143896801,57.07985041615223
0.29013662298568393,883.2877039312884,0.12176209795048726,1323.1070153970875,421.17832679711773,0.01655745157953891,179.91871617466538,57.27266423357965
0.2913754532016143,883.1762092118547,0.12041274572010653,1323.2843202823383,423.06391812084667,0.016373963986976596,179.94282644462433,57.52907068162011
0.2926195729955652,883.0642384303991,0.11768578478698147,1315.7719338146326,420.6538695730151,0.016003146430696707,178.9212772328458,57.20134750004939
0.2938690049530656,882.9517895542241,0.11631379968648564,1315.6659692562112,422.52288011010126,0.015816581175566606,178.9068679620239,57.455499259836216
0.2951237717560804,882.8388605419527,0.11500893892643027,1315.8811006385788,424.2575076067725,0.015639143621382526,178.93612195408505,57.691377347255106
0.29638389618342237,882.725449343492,0.11253273252911644,1311.4051982999504,421.6808810797244,0.015302424164223203,178.32747987667338,57.34100256168346
0.2976494011111658,882.6115538999951,0.11127313403813643,1311.815051831035,423.5555094230009,0.015131141463160167,178.38321257272463,57.59591824189828
0.29892030951306126,882.4971721438245,0.10891983326957771,1305.2100531933668,421.35015264904735,0.014811134957167248,177.48505175776742,57.2960294537206
0.3001966444609534,882.370503330857,0.10753314670712509,1305.238750842553,422.8837790553333,0.014622570568081715,177.48895412102203,57.5045750142078
0.3014784291251993,882.1782356312201,0.10640089321246447,1306.867206177011,424.67653849322414,0.014468604492191414,177.71039470724367,57.74835799829131
0.3027656867750892,881.9851469837366,0.10401657750282879,1299.5444265856484,422.2523397808171,0.01414438051299651,176.71462861457232,57.4187106492765
0.30405844077926875,881.7912338831096,0.10284237700837529,1301.0173615314334,423.9328434911092,0.013984710400877627,176.91492122988652,57.64722887687564
0.3053567146061638,881.5964928090754,0.10166884125747652,1300.472622392909,425.858954392887,0.013825130681905757,176.8408465214065,57.90914525750482
0.30666053182440595,881.400920226339,0.09943985936051855,1295.2422972301697,423.2240496879758,0.01352202930264439,176.12961653206685,57.55084568971972
0.3079699161032603,881.2045125845109,0.09834786976234525,1296.6521732674084,424.98159611521277,0.013373538391256948,176.32133427192727,57.78984033877382
0.3092848912130557,881.0072663180416,0.09693978057167477,1291.8755374323187,426.3635808031553,0.013182063630336855,175.6717978571987,57.97776535763788
0.31060548102561575,880.7910134153891,0.09499480829467684,1288.8758300769862,424.4038673467672,0.012917582442496007,175.26389170146786,57.71127963498623
0.3119317095146925,880.5522922873554,0.09400849512106735,1291.1770874836343,426.1398459981839,0.012783461620917019,175.57682124788653,57.94734145510723
0.31326360075640136,880.3125518638477,0.09184644652560045,1281.3709285350255,424.00002987989956,0.012489461964746427,174.2433603047376,57.656365015279334
0.3146011789296585,880.0717877926614,0.0908435030535778,1284.8876380378954,425.408952043526,0.012353079722205054,174.72156943790108,57.84795304551408
0.31594446831661954,879.8299957030085,0.08982908225214238,1285.10220185006,427.2986402278165,0.012215136769646254,174.7507462506403,58.10491659277934
0.31729349330312046,879.5871712054384,0.08777659809625993,1277.2617693882444,424.8487732589273,0.011936035903278021,173.6845886939436,57.771778823338224
0.31864827837912035,879.3433098917584,0.08678665740084346,1278.5561464966788,426.59135796128317,0.011801421804088977,173.8606006603872,58.00873894736824
0.3200088481391459,879.098053409388,0.08582234125981138,1278.9464798049867,428.3999881776185,0.011670292182628288,173.91367895782932,58.25468007138239
0.3213752272827379,878.7974499977977,0.0838896517959981,1272.3729207949568,425.89742318628373,0.011407481236085745,173.01979336579498,57.91437632032905
0.3227474406148997,878.4955630647221,0.08293800101702319,1272.8844243522767,427.7490912745522,0.011278073875677789,173.0893486340241,58.166169819529024
0.3241255130465474,878.1923871297596,0.08166873513712877,1268.2059887998507,428.34939140954714,0.011105476583896086,172.4531656885004,58.247799822507545
0.3255094695949622,877.8879166891084,0.08017637060513418,1267.5158868158233,426.9264544504639,0.010902541894912904,172.35932425197944,58.05430603258995
0.32689933538424454,877.5821462154662,0.0792881359024092,1268.2961365198312,428.77044001094043,0.010781757978331447,172.46542415426032,58.30505484642341
0.3282951356457701,877.2750701579306,0.07747843664024578,1259.2151594893369,426.51581270007466,0.010535671483345277,171.23057488664625,57.99846615291432
0.32969689571864796,876.9666829418974,0.07660494169668969,1261.8777089336768,428.0286085959526,0.010416891908450115,171.59263364092882,58.20417913928148
0.33110464105018045,876.612793326953,0.07571990259595587,1261.2484405240614,429.99251788258556,0.0102965425361655,171.50706447451236,58.47123541925174
0.3325183971963254,876.2452167289554,0.07406439193590543,1255.977659187329,427.3038043378214,0.01007142291310889,170.79033317439325,58.10561881870019
0.3339381898221598,875.8760706462384,0.07320376422447844,1256.574611047327,429.1073144502486,0.009954393049959223,170.8715078722968,58.35086370082979
0.33536404470234565,875.5053483773901,0.0723345502531782,1255.186710593794,431.0772878449228,0.009836195610162196,170.68277841589457,58.61874459023892
0.3367959877215983,875.1330431923844,0.0707219473487333,1249.5611090286088,428.4090833177461,0.009616910668815114,169.9177979573679,58.255916846576035
0.338234044875156,874.7591483324594,0.06990651075515983,1249.7763043805608,430.2901522546835,0.009506025983502227,169.94706064813997,58.51170833149099
0.33967824226925186,874.3836570099945,0.0689368171627225,1245.3904005702636,431.8874334003985,0.009374165125533936,169.3506567491119,58.728909789697155
0.34112860612158785,873.9952763471713,0.06756750232810027,1244.2998626908998,429.4382699258228,0.009187962978453477,169.20236324532746,58.395867682808095
0.3425851627618107,873.6020060543111,0.06680673356574124,1244.715810165292,431.3414710776017,0.009084512133256084,169.25892460787628,58.65466875019374
0.34404793863199,873.2070565693626,0.06533568511763399,1237.0783764495532,429.0102983113719,0.008884476047637752,168.22037122329428,58.33767125384569
0.345516960287098,872.8104207224835,0.06450535548580501,1237.1511453345427,430.6314164365499,0.00877156617744436,168.23026648060335,58.55811411179697
0.3469922543954919,872.4120913132172,0.06378966109325979,1237.8134625046584,432.4967674230312,0.008674244634453751,168.3203296830208,58.81176823863427
0.3484738477393978,872.0120611103627,0.062408006213362274,1232.8308456311408,429.7834321408807,0.008486364463541788,167.6427835581486,58.4428035253987
0.34996176721539723,871.6103228518427,0.06166521592925028,1233.2170406666296,431.5813977277778,0.008385358367474543,167.69529912504498,58.68729445194985
0.35145603983491486,871.1486276511764,0.060955759053018234,1232.8436704225433,433.48423933110746,0.00828888501432355,167.64452749871992,58.946046627224256
0.35295669272470953,870.68342525534,0.059542989378900596,1225.0852352514157,430.9289686953663,0.008096773791981144,166.58952009624258,58.598575858109335
0.35446375312736617,870.2162365305165,0.058895295615051274,1227.2555463553977,432.64310735120944,0.008008699109351538,166.8846433047087,58.8316678323153
0.35597724840179046,869.747052995445,0.05816566122989207,1224.9634364462288,434.5861974987589,0.007909481978517008,166.5729576531402,59.09589308446077
0.35749720602370594,869.2758661326511,0.05690736935902214,1221.2317713694008,431.80161528169606,0.007738376954248058,166.0655184346918,58.71724007170625
0.35902365358615207,868.8026673882929,0.05622072584886417,1220.0598444644127,433.8129149111054,0.007645005807863341,165.90615748977777,58.9907405844802
0.3605566187999858,868.3218819840046,0.0552856791724021,1215.1965067861288,433.46843754171243,0.007517856306247287,165.24483118644918,58.9438978685614
0.36209612949438424,867.8292385617971,0.05429071153403041,1213.0474283286626,433.00505677111346,0.007382558633384864,164.95259523536862,58.88088643231627
0.3636422136173501,867.3344916424479,0.05371246724722287,1214.9154696890816,434.81842223465287,0.007303927828387942,165.20661520458998,59.127471464637
0.36519489923621873,866.83763224441,0.052492145580934416,1206.5137852010512,432.3975045279112,0.00713798606784724,164.06413748419382,58.798270273280046
0.36675421453816803,866.3386513477861,0.05187336850584345,1208.3400938291577,433.9853203671039,0.007053843533907709,164.31248255370357,59.01418462033202
0.36832018783073,865.8375398941664,0.05129417680524115,1209.0536049950115,435.80848220263755,0.006975083897703897,164.4095072171985,59.262101782746434
0.3698928475423045,865.3342887864625,0.050097603568397125,1200.5345807656108,433.2791115033442,0.006812371495701153,163.2510734060418,58.91815293835905
0.3714722222226755,864.7994444442903,0.04954409152535423,1202.9079547741148,434.9684407997869,0.006737103830264729,163.5738095110153,59.1478712866674
0.3730583405435293,864.2601642152,0.048960750348638754,1201.9901692426436,436.9139232772554,0.0066577799400690685,163.44900721413046,59.41242185258015
0.3746512312989752,863.7185813583484,0.0478588158272749,1196.1793638728295,434.1601622656508,0.006507936698301638,162.65884237492125,59.03795996847394
0.3762509234060678,863.1746860419369,0.047281918907749146,1195.6768991804734,436.0748643177262,0.006429489110980031,162.5905162294774,59.298324951092546
0.3778574459053324,862.628468392187,0.04674876974817969,1196.0661492570193,437.8396943441626,0.006356990430825614,162.64344722691607,59.53831003841191
0.37947082796129195,862.0799184931607,0.045644627927924966,1187.974009122492,435.281151159651,0.006206847036177096,161.5430619616526,59.19039426162448
0.3810910988629966,861.5181153979512,0.04515131823872976,1189.9792334427839,437.06357583090033,0.006139765806220888,161.81573634184312,59.43277190364234
0.3827182880245555,860.9485991914056,0.044461704961396495,1184.6086368103172,437.95129472969643,0.006045990825005503,161.08543195983864,59.55348568018252
0.38435242498567035,860.3766512550153,0.04362362482484712,1184.41707189194,436.13885306518415,0.005932027025808054,161.05938258229213,59.307026267885725
0.38599353941217235,859.8022612057397,0.04309777438542514,1183.3568489898578,438.10080964125837,0.005860520840095409,160.9152113692445,59.57381701440126
0.38764166109656006,859.2254186162039,0.04213409547143771,1175.3485521306031,435.6556833016367,0.005729477870032116,159.82622727884552,59.2413238851304
0.38929681995854054,858.6461130145108,0.041628309359536764,1177.459792740275,437.1832811031703,0.0056607000713709225,160.1133179643363,59.449049663986386
0.39095904604557286,858.0547434235938,0.041148554385662575,1177.4092538113273,439.09204255023616,0.005595462038488186,160.1064455805402,59.708606831353315
0.3926283695334128,857.4537869679714,0.04020580853386528,1169.7873122324695,436.43951722032887,0.005467265587739677,159.06999884745804,59.34791117603289
0.39430482072666145,856.8502645384018,0.039729625972069554,1170.9381157465793,438.16859419254314,0.005402513338536812,159.22648739178473,59.58303449212732
0.39598843005931467,856.2441651786467,0.03929334192837839,1171.9882915211656,440.00985738230554,0.005343186568959637,159.3692923765082,59.83341311259159
0.39767922809531625,855.6354778856861,0.03837040097250746,1163.8599447850434,437.33358540994936,0.005217683227239784,158.2639836657485,59.46948834173241
0.39937724552911213,855.0241916095196,0.037923967488405486,1164.8171576843888,439.1362949826647,0.005156976316625374,158.39414737431622,59.71462436488423
0.401082513186208,854.399470121103,0.03747964212015144,1164.2624538543632,441.00826253297805,0.0050965560717851546,158.31871764732216,59.96917822519456
0.40279506202372894,853.7658270512203,0.036632599684426094,1158.7118785458767,438.1737630089269,0.004981373561370132,157.5639394079868,59.5837373580309
0.40451492313098103,853.129478441537,0.036187863816777646,1158.005048210272,440.1308184970922,0.004920897496008087,157.46782321703972,59.84986164489187
0.4062421277300163,852.4904127398939,0.03576547035130962,1157.7687626209008,441.8728473277885,0.004863459594807958,157.43569263395344,60.08674618039111
0.4079767071761989,851.8486183448064,0.034937192664182756,1151.0863837541028,439.18440864891636,0.004750828752124939,156.52700950196493,59.72116695664871
0.4097186929587748,851.2040836052533,0.03454119654457972,1152.058907831634,441.02150038120686,0.004696980414371439,156.65925525491022,59.970978334052376
0.4114681167014434,850.5421156534516,0.03405612535855386,1148.1422924409057,442.31148013482516,0.004631019472416263,156.1266661259513,60.14639233946649
0.41322501016293123,849.8744961380861,0.03334859098093872,1145.398214582768,440.08015758157626,0.004534807544440238,155.75352097625887,59.842972673120265
0.414989405237569,849.2040260097237,0.03297200511061389,1146.2472800606415,441.935053405114,0.004483598650881445,155.86897858395764,60.09520508616397
0.41676133395587023,848.5306930967693,0.032262307780275626,1136.7834586955437,440.07342653734895,0.004387092600304178,154.58206938439923,59.84205737237605
0.418540828485113,847.854485175657,0.031810626578061114,1138.3368049880955,441.00939143016717,0.004325672094572618,154.79329649413285,59.96933173487337
0.4203279211299236,847.1721107593297,0.03144184480135909,1138.3305754562123,442.9169216616259,0.004275524417143119,154.79244939003186,60.22872147910009
0.42212264433286323,846.4721687101833,0.030759702383263598,1133.0957400473344,440.1492578127841,0.004182765338184423,154.08060608847674,59.85236905961178
0.4239250306750169,845.7692380367433,0.0303688037152016,1133.0190668461723,441.8971514278271,0.004129610162001645,154.07017991451082,60.09005110011857
0.42573511287658483,845.0633059781319,0.030027646703782426,1133.85130563407,443.7102861762023,0.0040832189549456525,154.183349395533,60.33660475933368
0.42755292379747667,844.354359718984,0.029314748644487278,1125.0292953441576,441.00038734906695,0.0039862776628965734,152.98371493893208,59.96810734206687
0.4293784964379076,843.642386389216,0.028986436215603907,1127.5087552430732,442.72232975430234,0.003941633087649458,153.32087681369214,60.20226048559297
0.4312118639389979,842.9152544244008,0.028637005246783004,1126.3935660412944,444.6271318825769,0.003894116771455595,153.16923117419284,60.46127925693784
0.43305305958337426,842.1787761666503,0.027974498295523766,1119.5331669112973,441.7999068571248,0.00380402776222184,152.23634049373308,60.07682759052176
0.43490211679577395,841.4391532816904,0.027649438696602607,1120.5785991782664,443.63663315622256,0.0037598255132445767,152.3785004468826,60.326589275595076
0.4367590691436521,840.6963723425391,0.027302320469243926,1118.4388245831824,445.52500211759235,0.003712623688221787,152.08752965346187,60.583373432311056
0.43862395033779034,839.9504198648839,0.026681481729008416,1112.9255518858608,442.616270157502,0.003628200804966839,151.33782389717786,60.18783829126382
0.44049679423290944,839.2062502491654,0.026373303928106523,1113.769498895415,444.4983870900199,0.003586294176367217,151.4525854854027,60.44377228469639
0.4423776348282834,838.4727224169694,0.026065121849035783,1113.6589767770392,446.23111909542575,0.0035443869660137096,151.43755646853887,60.67939261945352
0.4442665062683572,837.7360625553407,0.02545656008073112,1106.9415168510086,443.43777579609286,0.003461633529751792,150.52410294453693,60.29954825735538
0.44616344284336595,836.9962572910873,0.025157424350439606,1107.3195502428243,445.27894894996507,0.0034209564598476107,150.57550867493902,60.549914634560736
0.448068478989958,836.2532931939164,0.024838278045641135,1105.0713760040871,447.03999654527854,0.003377558312333446,150.26979748297686,60.78938537939401
0.44998164929182,835.5071567761902,0.024278879963471157,1100.2767159370646,444.2486364482323,0.003301490251622282,149.61781009744118,60.40981069707625
0.45190298848030425,834.7388046078783,0.023994151254053873,1100.4466629420622,446.1342741998867,0.003262772276991143,149.64091982824985,60.666223458478115
0.45383253143506,833.966987425976,0.02364462905471664,1096.0349616468384,447.19212197475815,0.0032152435550907247,149.0410079360553,60.81007169701683
0.4557703131846658,833.1918747261337,0.02315840116410105,1093.9047876876123,445.04517393757226,0.0031491253221512536,148.75134265614017,60.5181254447114
0.45771636890726614,832.4134524370935,0.02287773694527515,1093.1529085414745,446.9409387857977,0.0031109600450121505,148.64910063858804,60.77591530879086
0.45967073393120955,831.6317064275162,0.02245745780142716,1087.090160541329,445.75307818226327,0.003053809653459413,147.82467614080895,60.614387667946
0.46163344373569004,830.830288068367,0.022074972905503865,1086.2773635332483,445.83231645971,0.003001798598699744,147.71415039156668,60.62516264607263
0.4636045339513916,830.0221410799294,0.021840317064630816,1088.6154714718598,447.64456939532636,0.0029698896320466614,148.03209094641025,60.87159639463983
0.46558404036113443,829.2105434519349,0.021323840030480542,1078.5948708744704,445.02363072971775,0.0028996580605738674,146.6694698025413,60.515195956579035
0.46757199890052503,828.3954804507847,0.0210621678023276,1080.7861535538464,446.5315962155912,0.002864075351994764,146.96744476742407,60.72025209421325
0.46956844565860806,827.5769372799707,0.02081279412847758,1080.397597613525,448.4348341803933,0.0028301650252224504,146.914608160006,60.97905816750679
0.47157341687852217,826.7706332485911,0.020329746128342218,1072.563380780666,445.58556964930864,0.0027644792000974055,145.84929581686274,60.59160952540213
0.47358694895815723,825.9652204167371,0.02008445117982397,1074.054269635942,447.2960272336985,0.0027311235064853595,146.05202984039894,60.82420094021092
0.4756090784508155,825.1563686196738,0.019845091331062797,1073.5633531716942,449.1499851382505,0.0026985748795098252,145.98527404591772,61.07630581317069
0.47763984206587545,824.3440631736498,0.019387759655608877,1066.6856435867708,446.23836626295815,0.0026363860112201473,145.05002945546389,60.68037810366844
0.47967927666945737,823.528289332217,0.019145965506746562,1066.8256299095385,448.02317715757977,0.002603506363288723,145.0690650732796,60.92308022907325
0.4817274192850936,822.6917580931116,0.018937090694121396,1068.4489241790193,449.81743339901664,0.0025751031519903045,145.28980384764927,61.16706675147168
0.48378430709439985,821.848434091296,0.01848526433880543,1060.2484473044628,446.91390808504065,0.0025136629080521147,144.17468673760402,60.77223962048982
0.4858499774377507,821.0015092505222,0.018266298564659705,1061.453094519339,448.6798772418639,0.0024838875077919423,144.3384970551533,61.01237960901852
0.4879244678149572,820.1509681958676,0.018035784288201455,1059.4795368142761,450.5103846029873,0.0024525417192822704,144.0701287641085,61.26129563057159
0.49000781588594766,819.2968736456208,0.01762432014580143,1053.806793786493,447.56668060305043,0.0023965900091099043,143.29873791599843,60.861004922183255
0.4921000594714516,818.4599762114193,0.017402930150615413,1053.2931583751301,449.3661086627495,0.0023664849584645272,143.22889275402827,61.10569471868666
0.49420123655368586,817.6195053785256,0.01720346230918332,1053.7719174231077,451.1324004270624,0.0023393609257665194,143.2939953589323,61.34587857602164
0.49631138527704466,816.775445889182,0.01679695047183461,1046.6827586274044,448.1834063879735,0.002284082639857323,142.32999748541297,60.94486851761727
0.4984305439487916,815.9277824204834,0.016590225258113916,1046.5043849044828,449.997019978313,0.0022559717352814003,142.30574187278765,61.191487290712416
0.5005587510397552,815.0709120737004,0.016408726089114527,1048.0608282813287,451.7398487798572,0.0022312911182994564,142.51739013018627,61.42848060783421
0.5026960451850276,814.1946214741387,0.016021789853884364,1041.2042377611913,448.8252940800955,0.002178674761592153,141.58501735204914,61.03215367909777
0.5048424651846657,813.3145892742871,0.015832938422012572,1042.0756079004111,450.59380064245494,0.002152994369322505,141.70350799183635,61.27263870906391
0.5069980500043954,812.4307994981979,0.015635043302107493,1040.381437351638,452.35610610559615,0.0021260841984170414,141.47313132043405,61.51228050125924
0.5091628387763188,811.5432361017093,0.015261604567704971,1033.2877713072912,449.35217818951935,0.0020753032586429227,140.50852054230467,61.10380042530742
0.5113368707996258,810.6518829721535,0.015080783448482571,1033.7389057731582,451.20797454298213,0.0020507148442144825,140.5698667017433,61.356155294196434
0.5135201855413057,809.7567239280647,0.014896893089747865,1032.8207530390787,452.8931837235109,0.0020257090685096976,140.44501447191948,61.585313380971066
0.5157128226368651,808.8577427188853,0.014555132818371685,1027.6422141583255,449.9707313110091,0.0019792358289682584,139.74082648391607,61.18791250559208
0.5179148218910469,807.9549230246708,0.014374603998738578,1026.9968650059784,451.7775071852624,0.0019546871620177105,139.65307062620877,61.43360147249204
0.5201262232785528,807.049510688579,0.014206813519642588,1027.218787222834,453.4191446614936,0.0019318706798783407,139.68324804941238,61.656834592497155
0.5223470669447694,806.1611732220923,0.013864810357154658,1019.8670387883543,450.48628219229226,0.0018853644115217807,138.68354271599782,61.25801813696109
0.5245773932064965,805.2690427174014,0.013713995975447025,1022.2508406503237,452.3100181060929,0.001864856372775293,139.0076968211679,61.50601336367687
0.5268172425526795,804.3731029789283,0.01352389171576546,1018.117399013532,453.8839426442817,0.0018390056184952417,138.44562322922093,61.72003874406664
0.5290666556451438,803.4733377419425,0.013222342121352116,1014.4660392851092,450.9994923520361,0.0017980003065601693,137.9491040913245,61.32780547237266
0.5313256733193337,802.5697306722666,0.013056775133269903,1013.4549857146101,452.8096271248795,0.0017754861791388756,137.8116190215069,61.57395118896487
0.5335943365850533,801.6622653659787,0.012900516237906601,1013.219892178508,454.3719872997507,0.001754237784626963,137.77965053618846,61.78640402429421
0.5358726866272109,800.7509253491157,0.012600731517162806,1007.760006051418,451.4760724372391,0.0017134724637138873,137.0372043916103,61.392611777596876
0.5381607648065669,799.8356940773732,0.012448952235301295,1007.6512541308077,453.3044283300567,0.0016928332159307133,137.02241608974956,61.64123523822254
0.5404586126604846,798.921141062411,0.012287388479801615,1005.4218451000963,454.82253440703727,0.0016708634560159148,136.71925662799325,61.84767031354813
0.5427662719036842,798.0211539575632,0.011999465616273932,999.6132690359038,451.94311537791975,0.0016317111339736292,135.92939493418402,61.456121202993195
0.5450837844290001,797.11732407269,0.011867850319866096,1001.8131954951975,453.7218180876463,0.001613813824925246,136.22854529740388,61.69799272530113
0.5474111923081413,796.209634999825,0.01170976074926803,998.920098473088,455.2165063011454,0.0015923164915639893,135.8351362262333,61.90124339310403
0.5497485377924557,795.2980702609424,0.011444112022727593,994.7175326937956,452.36000879266214,0.0015561930508472565,135.26366299628978,61.51281119638697
0.5520958633136962,794.3616546745216,0.011305268731011769,994.4030415660582,454.17535646618524,0.001537312864661048,135.22089786898536,61.75966577355276
0.5544532114847919,793.4187154060833,0.011154567223048448,991.9055908592647,455.4845558990446,0.001516820174710183,134.88128956848752,61.937693309069964
0.556820625100621,792.4717499597516,0.010903064866344655,987.6852831889548,452.7971506759421,0.0014826203854214316,134.30740376101457,61.572254616692845
0.5591981471387883,791.5207411444848,0.010767882082510402,986.9503865271552,454.5495695941648,0.001464237962357129,134.2074710553654,61.810552016901404
0.5615858207604049,790.5973881110463,0.010616851689762175,983.4569516930803,455.6604415200215,0.0014437005500009096,133.7324268578271,61.96161058465802
0.5639836893108718,789.6861980618687,0.010380358297467725,979.523567699119,453.12303904649355,0.0014115417094609862,133.19755750094208,61.616569563680166
0.5663917963206673,788.7711173981464,0.010262553567279483,980.8922447449522,454.9095869493756,0.0013955223885987124,133.38367292023804,61.85950789091337
0.5688101855061365,787.8521295076681,0.010122404811975986,978.1832260594975,456.0123530770652,0.001376464682884625,133.01529518638262,62.009464216158364
0.5712389007702855,786.9292177072915,0.00989869381469679,974.5707645987247,453.5255682933481,0.001346044017771193,132.52406551207116,61.67130628903499
0.573677986203578,786.0023652426403,0.009777561295913962,974.1487431386331,455.28564134069376,0.0013295721776155657,132.46667819689995,61.910644512902714
0.5761274860847363,785.0715552878002,0.009637644246081899,970.3782190810897,456.2542948812811,0.0013105459796710433,131.9539548571818,62.04236394255763
0.5785874448815442,784.1367709450132,0.009431365683173307,968.0930725711567,453.8527205631923,0.001282495811558428,131.64321610245244,61.71579310355492
0.5810579072516552,783.2085743168876,0.009310290659814952,966.6093694334207,455.529978640374,0.0012660317897446554,131.44145920703937,61.94386998352638
0.5835389180434026,782.290600323941,0.009185566455820568,964.4078351391466,456.64565441848663,0.0012490715451102924,131.14209020722993,62.09558178864061
0.5860305222966139,781.3687067502528,0.008977663265811037,959.959656229475,454.0731453963415,0.0012208004569822426,130.53721801667385,61.74576690955225
0.5885327652434285,780.4428768599314,0.008880569176841935,962.3421552703085,455.9236823928052,0.0012075974101899715,130.8611949616419,61.99740660064523
0.5910456923091185,779.5130938456261,0.00875983785352587,959.6373988119236,457.07615496575784,0.0011911801253896368,130.49339681387704,62.15412210690374
0.5935693491129138,778.5793408282219,0.00855565106268402,954.0834030297053,454.37715940726645,0.0011634144005914315,129.73815345173952,61.787107337732444
0.5961037814688301,777.6416008565328,0.008452088524730783,954.0449970637103,456.1125146340886,0.0011493317612769202,129.73293093230998,62.0230843833406
0.5986490353865005,776.6998569069948,0.0083430591025593,952.5166120817123,457.39101676027894,0.0011345057242035158,129.52509811109317,62.196937638212596
0.6012051570720106,775.7540918833561,0.008154059725835279,948.5500137193656,454.62103622933523,0.0011088052140994314,128.98571219851846,61.82027019169721
0.6037721929287377,774.8042886163671,0.008048453162453098,946.9534212773913,456.26778617060916,0.001094444624153018,128.76860439161294,62.04419851483878
0.6063501895581932,773.8504298634685,0.007951309595968748,946.7779408718213,457.72518659527907,0.0010812348493100914,128.7447422180196,62.24237871516092
0.6089391937608679,772.8924983084788,0.007758426461314263,939.952683017513,454.7067491502572,0.0010550062180996634,127.81663011792642,61.831925604685274
0.6115392525370827,771.9458690866502,0.007670413736396707,941.4881983113473,456.49091641548193,0.0010430380732028967,128.02543253308886,62.07454020808813
0.6141504130878409,771.0058512883772,0.007573450483325443,940.2252816545949,457.9028963119851,0.001029852817735511,127.85369862126291,62.26654403490409
0.6167727228156855,770.0618197863532,0.0073967580759176305,935.1027191181047,455.0091277185404,0.0010058258337284133,127.15712240757459,61.87304364213134
0.6194062293255598,769.1137574427985,0.007307310753285641,935.3863914135343,456.666638646476,0.000993662609389089,127.19569672893641,62.09843526558225
0.6220509804256713,768.1821568510151,0.0072145716403895065,933.9598064740353,458.1120957363531,0.0009810517608807828,127.00170687940656,62.29499138755113
0.6247070241283598,767.252541555074,0.007050727474744084,930.1581525051079,455.2176153302655,0.0009587719062714512,126.48475043259603,61.9013942010834
0.6273744086509692,766.3189569721608,0.006955331088668418,927.7270352492435,456.7473105681107,0.0009457997164858159,126.1541622863198,62.10940519348904
0.6300531824167224,765.3808543299799,0.006872590419823148,927.8855326691823,458.25016758097297,0.0009345484762302372,126.17571507984334,62.31376667083116
0.6327433940556006,764.4123781399837,0.00670450005607521,920.7615463957906,455.139068702097,0.0009116912151811111,125.2069812968319,61.89071327479741
0.6354450924052264,763.4397667341185,0.006628873273366707,922.6421113477794,456.91859192603704,0.0009014073352719334,125.46270424887396,62.13269637225548
0.6381583265117499,762.46300245577,0.006545892185863574,921.4976358623492,458.4235737540197,0.0008901234024104175,125.307076202438,62.337346786171985
0.640883145630739,761.4997304855488,0.006389499298113716,915.5729443547202,455.29936299682885,0.0008688567873480235,124.5014249003295,61.91251041091918
0.6436195992280742,760.5693362624547,0.00631318179370865,916.3393609162144,456.9828734875596,0.000858478981732585,124.60564374445501,62.14143750648595
0.6463677369808463,759.6349694265123,0.006234557877509095,915.3116647352115,458.51110450513306,0.0008477875456668464,124.46589557945252,62.349249391314935
0.6491276087782578,758.6966130153924,0.006088072484058974,910.2065375928636,455.36963069547795,0.0008278681713296338,123.77169026524065,61.92206555194888
0.6518992647225293,757.7352573471147,0.006010484339596282,909.4673990852358,457.0057275252453,0.0008173175815590002,123.67118074498258,62.14454524385864
0.6546827551298087,756.761035704567,0.005937323646438897,909.0948971631441,458.5279448524691,0.0008073690453981706,123.62052719480455,62.35153937514645
0.6574781305310843,755.7826543141205,0.0057960777869653195,903.2119889759351,455.39965879702186,0.0007881621532830636,122.82055767147887,61.92614883275389
0.6602854416731028,754.802949831145,0.005724540090192128,903.4434759573151,457.04550732419455,0.0007784343153895714,122.85203573033304,62.14995457981812
0.66310473951929,753.8443885634414,0.005653980010988064,902.8205739234854,458.5514929430878,0.000768839415872114,122.76733227632285,62.35474149121354
0.6659360752506764,752.88173441477,0.005517517452183637,896.2398866406813,455.3315362115484,0.0007502829664690899,121.87247736761864,61.91688538846838
0.6687795002668259,751.9149699092792,0.00544975846199165,896.7716058670626,456.97427363812665,0.0007410689645911123,121.94478160262204,62.1402680819033
0.6716350661867692,750.9604281583662,0.005384811512669683,896.8785045865673,458.5698731644237,0.0007322373496079793,121.95931790252082,62.35724087016571
0.674502824849941,750.0140677995195,0.005254523973688067,890.0735636417654,455.3047031577912,0.0007145205916478578,121.03396853607845,61.91323657659841
0.6773828283171204,749.0636666553503,0.005187984011354866,890.0416686212127,456.91826187162167,0.0007054723555959106,121.0296313879238,62.13265149080146
0.680275128871377,748.1092074724456,0.005124608735448474,889.7351629447089,458.43758798922715,0.0006968544598810495,120.9879521381163,62.33925246967102
0.6831797790190193,747.1506729237236,0.005004724378206818,884.236884145126,455.25467195265566,0.0006805523472073664,120.24028528178539,61.90643323409329
0.686096831490548,746.1880456081192,0.004940263362429399,884.0432924765287,456.8449064049244,0.000671786810431411,120.2139603027241,62.12267646894837
0.6890263392416137,745.2213080502675,0.0048811521525746,884.2463368018514,458.4082395350947,0.000663748750875499,120.24157067279508,62.33526160866903
0.6919683554539777,744.2504427001874,0.004762449162388105,876.6831598617762,455.07417355584323,0.0006476072828370739,119.21311487184704,61.881888704098245
0.6949229335364776,743.2754319329624,0.004705977943446682,878.7652568840826,456.8012087580566,0.000639928214481662,119.49624255452513,62.11673437625835
0.6978901271259972,742.2962580484209,0.004645150156268068,877.2914453577757,458.2139869088545,0.0006316567313366364,119.29583074005296,62.30884675127655
0.7008699900884396,741.3216031716993,0.004534934415452621,870.3180252443681,454.9507410911231,0.0006166693763011078,118.34757124210574,61.8651041127324
0.703862576519706,740.3639755136941,0.004478686518476412,871.989578620756,456.5659079351059,0.0006090206757094574,118.57487238554869,62.0847377036631
0.7068679407466766,739.4022589610635,0.0044238340563658935,871.723510750923,458.1373812071384,0.0006015617291185182,118.53869194889572,62.29842975601915
0.7098861373281977,738.4364360549768,0.004329184210380146,865.6932627340591,455.34924941919746,0.000588691055334981,117.718686863303,61.91929406557649
0.7129172210560719,737.4664892620569,0.004261116525243145,864.6956778681492,456.2943167786026,0.0005794350765061216,117.58303329464903,62.04780619953394
0.7159612469560527,736.4924009740631,0.004212056589304472,865.9488041843324,457.95062784507115,0.0005727638091127974,117.7534358965464,62.27303466344279
0.7190182702888435,735.5141535075701,0.004134704698939192,859.5016531617573,456.61927806818863,0.0005622453456429108,116.87673951336097,62.09199508021283
0.7220883465511007,734.5317291036478,0.004057976229900493,859.2233492498166,456.1463423988166,0.000551811656241493,116.8388951954335,62.027684349881554
0.7251715314764414,733.5451099275388,0.004007807265133258,858.9457973544634,457.7071631830039,0.0005449895809084376,116.80115313821312,62.23992785581251
0.7282678810364549,732.5542780683344,0.003949621210750667,855.7925929946903,458.1583362207198,0.0005370773258285694,116.37237415537592,62.30127926032766
0.731377451441719,731.5729900530671,0.003863680540914023,853.4599479315675,455.9343654146731,0.0005253909430913732,116.05517645317626,61.99885929914729
0.7345002991428204,730.6049072657256,0.0038156362716351318,853.1928832567223,457.48235834792945,0.0005188577880648964,116.01886046900069,62.20935844846617
0.7376364808313793,729.6326909422723,0.0037670345494177117,852.1774066990062,458.6837445658896,0.0005122488294821988,115.88077395260886,62.372725329187055
0.7407860534410791,728.6563234332655,0.0036764600040677217,846.631702100548,455.6171214796701,0.0004999323231619724,115.1266580420836,61.95571983965103
0.7439490741486989,727.6757870139033,0.0036314281798545426,846.9015274478388,457.18735185311715,0.0004938088063903477,115.16334942797378,62.16924288019229
0.747125600375153,726.6910638837026,0.0035867040905389275,846.5519454465956,458.5322554772082,0.0004877271360204483,115.11581257409158,62.35212554244808
0.750315689786532,725.7052930640403,0.003500005698649427,840.7531072525638,455.35204448964316,0.00047593771673565553,114.3272750551807,61.91967414479937
0.7535194002951501,724.7441799114549,0.0034569979594910967,841.1746539917069,456.91213093960357,0.0004700894390643144,114.38459781685579,62.13181779450569
0.7567367900605966,723.778962981821,0.0034137538063827837,840.4768108606797,458.2533960390866,0.0004642090133551563,114.2897037238122,62.314205682968705
0.7599679174907917,722.8096247527625,0.003332828317820445,835.41903194457,455.07635428262984,0.0004532046049146388,113.60193691531359,61.88218524365189
0.7632128412430468,721.8361476270859,0.003289159004235229,834.6503686699052,456.4841938805912,0.0004472663650405779,113.49741255867508,62.07362606446036
0.7664716202251286,720.8585139324614,0.0032470989881821376,833.4936622053467,457.79294846848165,0.0004415469606367799,113.34012131943857,62.25159310907638
0.76974431359633,719.876705921101,0.0031709297746598314,828.5669120119802,454.61307218723863,0.00043118931990969596,112.67017205653806,61.81918722545721
0.7730309807685428,718.8907057694371,0.003131195108368674,829.0917407485704,456.18433860501545,0.0004257861211785728,112.74153930907322,62.032851149361306
0.7763316814073368,717.9004955777989,0.0030922688037546605,828.6332149622203,457.57800097151244,0.0004204928450715941,112.67918806321552,62.22236412211644
0.7796464754330428,716.9060573700872,0.003016100685686151,821.1728308474228,454.05526951855035,0.00041013535330649024,111.66471023452574,61.743336112235596
0.7829754230218404,715.9073730934479,0.0029790069683995604,822.6697356450379,455.6907800977297,0.0004050912760590073,111.86826231783306,61.96573608462764
0.7863185846068507,714.9044246179448,0.002942956517252081,822.8332918296629,457.1910232747389,0.00040018906421031167,111.89050301221205,62.169742127386236
0.7896760208792327,713.8971937362302,0.002875306553164503,815.3949288214958,453.92847234761507,0.0003909898879182516,110.87901965727806,61.72609398144513
0.793047792789286,712.916140091107,0.002834355320846414,816.3692887096756,455.2044992767404,0.00038542125812587625,111.01151504739644,61.89961065411097
0.7964339615475567,711.9341511512085,0.002799741344429442,816.4735501293417,456.6850759302322,0.000380714380960107,111.02569272203242,62.100942403995525
0.7998345886259485,710.947969298475,0.0027530063208798063,812.3019098237511,455.78113860929864,0.0003743592597646232,110.45842479933978,61.97802321424584
0.8032497357588388,709.9900739875251,0.002696065871380598,809.7521069907052,454.6239946870851,0.0003666163845073022,110.1116975528801,61.82067248864978
0.8066794649442002,709.029749815624,0.002665062924819853,811.172214628191,456.3108198257247,0.0003624005423434188,110.30480660603524,62.05005031661338
0.8101238384447242,708.06408685103,0.002629733407652818,809.5292159646517,457.2561268658999,0.0003575963645272684,110.08138838908023,62.17859504283732
0.8135829187889534,707.0609535512035,0.002565383265714557,803.7480734547621,454.1026384379478,0.0003488459045958661,109.29525716439623,61.74977743184572
0.8170567687724156,706.0535370559995,0.002534428405241638,804.3824709978514,455.672597262973,0.0003446366012735781,109.38152380055547,61.96326354669399
0.8205454514587639,705.0472735915462,0.0025027161105830066,803.8340268004706,456.8993032961257,0.00034032430054843887,109.30694527082363,62.130073466103504
0.8240490301809217,704.066271549342,0.0024443365347846914,799.9552305712249,453.9280526874179,0.00033238573004263435,108.77949886645278,61.726036915219176
0.8275675685422323,703.0810808081749,0.0024114919892138983,798.5929698475436,455.1391667625536,0.00032791946359277813,108.59425595136904,61.89072660925279
0.8311011304176139,702.0916834830681,0.0023805457099905264,797.5440746673023,456.3092734729669,0.0003237113271658235,108.4516251044045,62.04984004049837
0.8346497799547185,701.0980616126789,0.002324169339325277,792.8465446920702,453.13466052337276,0.0003160451564671256,107.81284566139617,61.618149875155986
0.8382135815750971,700.1001971589728,0.0022935967225885747,792.2294554538798,454.47798855485496,0.0003118878314062221,107.72893264286601,61.80081828520382
0.8417925999753688,699.1159980066504,0.0022667679764166145,793.1342383145779,455.97531692457983,0.0003082396052902216,107.85196681078989,62.00442796668673
0.8453869001283955,698.1455369653332,0.0022109124103036723,786.2687991978098,452.45990717021334,0.00030064425462749864,106.91839078293283,61.5263955759026
0.8489965472844612,697.1709322331955,0.00218458180303482,788.3370276556263,454.1568682610116,0.00029706376642754044,107.19963259070494,61.75715171074416
0.8526216069724567,696.1659500477122,0.0021567225474484696,787.4741249232127,455.4357062720027,0.0002932754095974818,107.08229336568927,61.931050639897535
0.8562621450010692,695.1465993997006,0.0021070107584919553,780.336878312321,452.09281842406153,0.0002865155019379205,106.11175641568434,61.476478120125236
0.859918227459977,694.1228963112064,0.0020765874007819146,781.1570199477103,453.3056967471473,0.0002823784734154995,106.22328090191523,61.64140772009428
0.863589920721049,693.1307214053168,0.002050887262924236,781.1312237304078,454.67653166471825,0.0002788837176965317,106.21977308112281,61.82781657106899
0.8672772914395499,692.1351313113215,0.0020181768213025117,777.4157100855575,454.11382148494863,0.00027443568696764863,105.71453016642907,61.751298124757106
0.8709804065553504,691.1450942956088,0.0019747078239161957,774.7464456088303,452.50486092803555,0.00026852468648761666,105.35155828872405,61.53250847705155
0.8746993332941417,690.1781733435231,0.0019497039256015348,774.4160565219399,453.8227955161615,0.00026512460680261433,105.30663132540235,61.711723836306994
0.878434139168657,689.2071238161492,0.0019244233347088689,773.3228943263116,454.80469791739506,0.000261686901912069,105.15798096188728,61.845244872310076
0.8821848919798959,688.210079165428,0.0018791151761335307,769.4382332728262,451.8861695366561,0.0002555258086458025,104.62973704708413,61.448377594553044
0.8859516598183563,687.1930518490437,0.001855733110100596,769.7024421594008,453.2965107236869,0.0002523462689311753,104.66566469550658,61.640158586404766
0.8897345110652698,686.1716820123772,0.0018312973138950596,768.187593742307,454.29403774007756,0.00024902344089773284,104.45967260323356,61.775804288566434
0.8935335143938433,685.1812862576007,0.0017881633686131545,764.170910460438,451.22095457054365,0.00024315800146739355,103.91347604396492,61.35792034408854
0.897348738770506,684.1893279196685,0.0017641710732822784,763.1500749665686,452.39458674851096,0.00023989548156251708,103.77466080880617,61.51751317540444
0.9011802534561608,683.1931341013982,0.0017423119858458306,762.8897549851849,453.68065666172595,0.00023692303949808202,103.73926198142479,61.692395512965824
0.905028128007442,682.192686718065,0.0017006416945473315,757.722751276649,450.388113855008,0.00023125663063938495,103.03664256901806,61.244669011752286
0.9088924322779782,681.1879676077257,0.0016776897102505756,757.1912668503427,451.5751196157822,0.00022813557429225792,102.96437026259456,61.40608040938314
0.91277323641966,680.1789585308884,0.0016581910171319801,758.3257215467218,453.1045434854654,0.0002254841033287179,103.11863566226035,61.61405450060787
0.9166706108839139,679.1656411701823,0.0016205858992748377,751.6568843949678,449.8315072547123,0.0002203704848173509,102.21179395954185,61.168980542282945
0.9205846264229808,678.1538433942547,0.0015975791839266,753.4206619342095,451.13824022365844,0.00021724198603329106,102.45163592756501,61.34667268314529
0.9245153540912009,677.1711614771997,0.0015769183525617706,752.6027412602679,452.28792161869274,0.00021443248520606903,102.34041345207679,61.50300863949452
0.9284628652463034,676.1842836884241,0.00155242976597875,748.7578769627673,452.0152171399274,0.00021110247863239296,101.8175811790845,61.46592574359602
0.932427231550702,675.1931921123245,0.0015176561619665635,745.8890372866504,449.93503275920625,0.00020637389498962458,101.42747066993343,61.183058145714206
0.9364085249727955,674.1978687568011,0.001498987157554942,746.299932409175,451.3121893458568,0.00020383524674204496,101.48334500365456,61.37032662978864
0.9404068177882748,673.1982955529312,0.001480515160953336,746.2724705916394,452.47402202141086,0.00020132338800721216,101.4796106912389,61.528314941363526
0.9444221825814348,672.1944543546413,0.0014431645188203736,739.959171942476,448.9942178879164,0.00019624437360954067,100.62111581926982,61.055124273524974
0.9484546922464919,671.186326938377,0.0014252993708051519,740.4798507232706,450.41074855476046,0.00019381503534909435,100.69191875258497,61.24774692311779
0.9525044199889076,670.1738950027731,0.001408422999760966,741.2045125174772,451.78452178617425,0.00019152015294228772,100.79045970063922,61.43455533183665
0.9565714393267171,669.1571401683207,0.0013721594401184213,733.758849342758,447.96162791019276,0.00018658896217775843,99.77798365457849,60.91471064033816
0.9606558240918641,668.1426022179526,0.0013556784323251578,735.2775656195878,449.58049876669395,0.00018434784204996685,99.98450170608982,61.13484791023757
0.9647576484315417,667.1581643764299,0.0013390177305552082,735.3214093340695,450.86449713045056,0.0001820822867788245,99.99046366134368,61.30944855439494
0.9688769868095372,666.1695231657111,0.0013061413932119884,728.8833528945272,447.22669906161013,0.00017761169722069862,99.11500397759706,60.81477355786639
0.973013914007585,665.1766606381796,0.0012886814492995677,729.2080294264185,448.5227494205724,0.000175237459417824,99.15915413635983,60.99101305623549
0.9771685051267239,664.1795587695863,0.001272850061695588,729.4322476134569,449.8285885350066,0.00017308467593181345,99.18964377014267,61.16858364898844
0.9813408355886603,663.1647911028349,0.0012509714273759125,724.6533821601099,448.59508276250153,0.00017010957584342822,98.5398041675013,61.00084908753534
0.9855309811371372,662.1172547157157,0.0012253001297010879,723.5232186684201,447.5306526969211,0.00016661874186972586,98.38612229436025,60.85610577605084
0.98973901783931,661.0652455401726,0.001209958937251101,723.6176789127098,448.78438774796933,0.0001645326160929974,98.3989671857291,61.02659115492255
0.9939650220871263,660.0880449199609,0.00119410877345208,722.4776076967293,449.620364289437,0.00016237727938274487,98.24393804058822,61.14026890308857
0.998209070598714,659.1119137622958,0.001164271822086553,716.8619018065735,446.25973598079383,0.00015831999155811608,97.48030321557893,60.68328400028396
1.0024712404197726,658.1340859438722,0.0011497551676008721,717.345837366968,447.57875157858757,0.00015634598808914418,97.54610973290836,60.8626463573781
1.0067516089249735,657.1538815561811,0.001135687828086527,717.4593878810842,448.8021178855138,0.0001544330833611358,97.56155055703145,61.029002134191394
1.0110502538193629,656.1694918753659,0.001108600402659951,713.2456383523543,445.68218009986145,0.00015074968152703402,96.98855653865785,60.60474680608332
1.0153672531397737,655.1808990309919,0.001093454654147028,712.3519554439123,446.65956012639947,0.00014869013260450668,96.86703176425713,60.73765288060572
1.019702685256242,654.1880850763206,0.0010795449117144609,711.8412154624926,447.73483513729127,0.00014679865824025303,96.7975803285934,60.88387090926329
1.0240566288734294,653.1910319879847,0.001053672031316226,705.7053304985848,444.1844544961067,0.00014328041264800666,95.9632105214237,60.40108310792917
1.0284291630320517,652.1897216656602,0.0010397902446031581,707.1865561771749,445.68728297958376,0.00014139273975793726,96.16463052702838,60.60544070578889
1.0328203671103142,651.1841359317381,0.0010272043816839057,707.8119366940789,447.0163494639294,0.00013968128915565727,96.24967101008276,60.78616980237105
1.0372303208253533,650.1742565309942,0.0010108048579376078,703.763734126143,446.3933363664076,0.00013745124939018577,95.6991883957801,60.70145124569975
1.0416591042346819,649.1600651302579,0.0009884221619148844,701.6265147365957,444.525481677378,0.0001344076059916753,95.40856506427615,60.44745666042414
1.0461067977376444,648.1415433180795,0.0009756925400539478,701.2507545802118,445.6328663621142,0.00013267660676337682,95.35746845293674,60.598041026216684
1.0505734820768755,647.1186726043956,0.0009632742408023152,700.7026739142868,446.5890744606174,0.00013098794180096184,95.28293935693328,60.72806809997297
1.0550592383397663,646.0914344201935,0.0009392598290312302,695.422472152781,443.2087177632278,0.00012772241445868055,94.5649270487692,60.26840049173779
1.059564147959936,645.0598101171746,0.0009272578309754691,695.5451740458741,444.425432522708,0.00012609035895856267,94.58161229555621,60.433851777936844
1.064088292718711,644.0237809674152,0.0009167204913307905,697.0538645113347,445.95686231825596,0.00012465747061415463,94.7867670173526,60.64209863893919
1.068631754746608,642.9833281630267,0.0008927975875774726,689.4292072239033,441.91016700685907,0.00012140438671362429,93.74995099683231,60.091820984370145
1.0731946165248265,641.9384328158147,0.000881203001381693,689.8598238670775,443.1770093068525,0.0001198277318862783,93.80850710204659,60.26408871295004
1.077776960886746,640.8890759569351,0.0008703344789836996,690.0982110545376,444.3640160880604,0.00011834980865421403,93.84092346460926,60.42550024934148
1.0823788710194284,639.8352385365508,0.0008521842508347271,683.3794404154802,441.4501844499952,0.0001158817046317587,92.92729170725028,60.02927164396865
1.0870004304651302,638.7769014234851,0.0008378955978360582,684.9825361598046,442.1160332849994,0.00011393870525720377,93.14528384610787,60.119815089182254
1.0916417231228173,637.7140454048748,0.0008268488549033385,684.0864489094822,443.03956135741106,0.00011243654724334876,93.02343212452956,60.245398268173794
1.0963028332496887,636.6466511858213,0.0008164903411307714,684.014812188431,443.97874119034896,0.00011102797599570973,93.01369082111835,60.373109804605036
1.1009838454627068,635.5933924528315,0.0007961242833358803,679.0301518568699,440.71307968173784,0.00010825855906317526,92.33586682276844,59.92903867562383
1.1056848447401324,634.6061826045722,0.0007856505448392286,678.5130382727418,441.6990228296723,0.00010683431932902103,92.26554869196715,60.06310918037763
1.1104059164230684,633.6147575511555,0.0007761993181293224,679.0586636542614,442.9305289759629,0.00010554912277565552,92.3397439135274,60.23057182869207
1.115147146217008,632.6190992944283,0.0007566525408676406,673.307816243256,439.35818465574926,0.00010289111323496962,91.55773227647627,59.7447973627213
1.1199086201933917,631.6191897593877,0.000746699092846378,673.2886502758823,440.46604405231835,0.00010153762363159134,91.55512605021946,59.8954462807704
1.1246904247911689,630.6150107938545,0.0007375617357939178,673.6583928217267,441.65232166043324,0.00010029510769676744,91.60540437494251,60.05675866275845
1.1294926468183675,629.6065441681428,0.0007208605558111802,667.6627156160132,438.28223968488714,9.802404811796658e-5,90.79010029681702,59.598488231578195
1.13431537345367,628.5937715747293,0.0007102913166877435,669.2992182901477,439.55916170035516,9.658682201916831e-5,91.01263517624876,59.77212661986021
1.1391586922479957,627.5766746279209,0.0007002255947091307,667.0614750149034,439.99152070547404,9.521806518038788e-5,90.7083424073909,59.83091965490749
1.1440226911260905,626.5552348635209,0.0006915910933770549,667.416185839137,440.9557427403936,9.404392856377468e-5,90.75657668879573,59.96203647963234
1.1489074583881225,625.5294337384943,0.0006744839619820028,662.8308333692651,437.88971814888623,9.171766690677231e-5,90.13305136545664,59.545112374594325
1.1538130827112856,624.4992526306299,0.0006658423810683078,662.8211364118648,438.9624612939152,9.054256759460908e-5,90.13173275395663,59.69098611511021
1.1587396531514091,623.464672838204,0.0006573673856146095,662.4309444932952,439.8576960418685,8.939012090369805e-5,90.07867368297157,59.81272191172555
1.1636872591445744,622.4256755796393,0.0006408768752333132,657.1332755737906,436.388404945768,8.714770859513858e-5,89.35828615601885,59.34096082756315
1.168655990508738,621.3822419931649,0.0006325001810860876,657.1838958078342,437.48270996515316,8.600862911085032e-5,89.36516959584317,59.489766594519345
1.1736459374453636,620.3343531364736,0.0006242273627453266,656.4015731776326,438.27402792803696,8.488367486475011e-5,89.25878781294708,59.5973715805947
1.1786571905410577,619.2819899863779,0.0006100278496373463,651.0999649341531,434.992335860727,8.29527969093291e-5,88.53786460890709,59.15112058444697
1.1836898407692156,618.2251334384647,0.0006012605361799317,652.5721438812152,436.2808232067505,8.176060023649571e-5,88.7380544220155,59.32633164931632
1.1887439794916723,617.1637643067488,0.000593172425229747,651.3754382135422,436.98277167777815,8.066076286771059e-5,88.57532401180598,59.421783994635625
1.1938196984603606,616.0978633233242,0.0005860632617072853,652.2378339045176,438.08259535671266,7.969404471176974e-5,88.6925942883212,59.57134019986292
1.1989170898189778,615.0274111380146,0.0005707793537914723,646.0498364251564,434.4313172412431,7.761570859961512e-5,87.85113811794136,59.07483215985772
1.2040362461046576,614.0129320095917,0.0005633745484287702,645.8692875017224,435.40396870323946,7.660878847986894e-5,87.8265867172361,59.20709523479521
1.2091772602496504,613.0104342513181,0.0005567561416959868,646.8242706790925,436.7229689401108,7.570880440554463e-5,87.95644722378724,59.386455503080654
1.2143402255830102,612.003656011313,0.0005422644066949154,640.4190940392408,432.83222265007566,7.373818953751468e-5,87.08545860041559,58.8573841057422
1.2195252358322892,610.9925790127036,0.0005352698583724199,640.8169545069268,433.98531570698447,7.278705698379047e-5,87.13956045591911,59.01418398663973
1.2247323851252387,609.9771849005784,0.0005287915801524868,641.3820808086043,435.19956366671147,7.190612786257133e-5,87.21640745128015,59.179299832515746
1.2299617679915185,608.9574552416539,0.0005169239174861874,634.9678680680519,431.7127635099386,7.029233955515026e-5,86.34419008101321,58.70515783155605
1.2352134793644127,607.9333715239395,0.0005087482170944215,636.2367398701635,432.69573275509,6.918059160037596e-5,86.5167337853164,58.83882393911103
1.2404876145825534,606.904915156402,0.0005021208597913107,635.694638057508,433.5651694445905,6.827939040974617e-5,86.44301770563884,58.95705166457066
1.2457842693916503,605.8720674686282,0.0004960331532447169,636.3357971882185,434.60638357475636,6.745157199931884e-5,86.53020379589361,59.09863802711152
1.2511035399462307,604.8348097104849,0.00048285772898060803,629.7106664468508,430.71171023808085,6.565995167604244e-5,85.62930537754575,58.56903262218208
1.2564455228113836,603.7931230517802,0.0004767887472786922,630.172175602692,431.86796741013734,6.483467950713286e-5,85.69206230790402,58.726262765733026
1.2618103149645135,602.7469885819198,0.000470993514831422,630.6209495762166,432.9920850226905,6.404663230481818e-5,85.75308748291218,58.87912250823783
1.2671980137971004,601.6963873095654,0.00045873313316438643,624.2371560323953,429.04979924566175,6.23794412887669e-5,84.88500657534951,58.3430426692357
1.2726087171164682,600.6413001622886,0.0004528922005838361,625.0822349210263,430.31622151940053,6.158517969168815e-5,84.99992207873618,58.51525328181241
1.2780425231475603,599.5817079862258,0.00044713689636379287,624.9810278660555,431.2266633477234,6.0802562008904534e-5,84.98615974266943,58.6390569673778
1.283499530534722,598.5175915457291,0.0004387593612890827,620.0944635947437,429.0225106334261,5.9663368173629063e-5,84.32167504115378,58.339331909620284
1.2889798383434932,597.4489315230188,0.00043039620642576883,620.5625754718147,428.9515178847254,5.852612978802066e-5,84.38532982264056,58.329678174846514
1.2944835460624038,596.3757085178312,0.0004245650792961441,619.4802419210299,429.5598773333131,5.773320155560668e-5,84.2381519597286,58.412404099272045
1.3000107536047827,595.2980428439295,0.00041952829165678115,620.438393387998,430.7391888122144,5.7048289182553744e-5,84.36844329658318,58.57276921319315
1.30556156131057,594.2877958414763,0.00040834137491856077,613.7740619169988,426.73639801548904,5.5527070056609174e-5,83.46221428527019,58.02846178160838
1.311136069948139,593.2732352694387,0.0004031245184493771,614.1660635994278,427.8196232611621,5.481767156693273e-5,83.51551945153429,58.17576089895981
1.3167343807161254,592.2543427096651,0.0003982060303624319,614.633403065915,428.919297368241,5.414884580165024e-5,83.5790691990979,58.32529676510951
1.3223565952452647,591.2310996653617,0.00038824106291047154,608.8919829245439,425.21652684007904,5.2793789763238294e-5,82.79833950086949,57.8217866846975
1.3280028156002368,590.2034875607569,0.00038293768426172847,609.364183861854,426.27425220957906,5.207262581597919e-5,82.86255032087774,57.965618278311034
1.3336731442815195,589.1714877407634,0.0003781298226226214,609.5766603948293,427.2622365179954,5.141884325448777e-5,82.89144330125293,58.09996634411555
1.3393676842272482,588.1350814706408,0.000372852284498601,608.1194652835056,427.3632821523893,5.070119315303198e-5,82.69329101984684,58.113706729892094
1.345086538815086,587.0942499356543,0.00036391996952300396,605.080561531138,424.88249893358784,4.948655924649582e-5,82.2800548603059,57.77636490746932
1.3508298118640991,586.048974240734,0.00035887940476498834,603.8254753347741,425.35050155237764,4.880113325335704e-5,82.10938575001434,57.84000483179831
1.3565976076366424,584.9992354101311,0.00035463560746874583,604.8691498705903,426.5617468825038,4.8224053279960994e-5,82.25130668339546,58.004712374145875
1.3623900308402517,583.9450143870741,0.0003453575254743311,598.6971498563299,422.69844162397135,4.696240128841941e-5,81.41202588004903,57.47937246269707
1.3682071866295453,582.8862920334227,0.00034064015358365395,598.3101801051689,423.4305237479036,4.632092370239485e-5,81.35940496577899,57.57892244190475
1.3740491806081316,581.82304912932,0.00033656540084047674,599.1745496857337,424.662915035869,4.5766830742603826e-5,81.47694365571554,57.7465054535397
1.3799161188305282,580.7552663728438,0.00033006228228668497,594.2442687205436,422.18019791880516,4.4882523783518804e-5,80.80651427145959,57.40890065579556
1.385808107804085,579.6829243796566,0.0003235792151505309,593.7199154046489,421.85231640392124,4.400094345597369e-5,80.73521166757354,57.36431467708876
1.3917252544909193,578.6060036826527,0.0003195041406477712,594.0456820870673,422.85043744038984,4.344680674267646e-5,80.7795100671672,57.50004115527877
1.3976676663098568,577.5244847316061,0.0003153764962405836,593.5908707307248,423.49952074576925,4.2885521469509155e-5,80.71766391686901,57.58830479052162
1.4036354511383822,576.4856087576135,0.0003073130163097461,588.7863150705398,420.0867319689555,4.178903347558747e-5,80.06433090894843,57.124227003801295
1.409628717314597,575.4727467738331,0.0003031695917745331,588.259494741587,420.80518004553676,4.1225602389313316e-5,79.99269283573373,57.22192299820871
1.415647573639187,574.4555600549775,0.0002994669996864411,588.870849481054,421.8486421889467,4.0722116573535934e-5,80.07582606575383,57.36381505004916
1.421692129377396,573.43403013522,0.000292301171466308,583.1570419911482,418.20101435881725,3.974769303961824e-5,79.29885119063798,56.86780338308441
1.4277624942610119,572.408138469889,0.0002878094981850249,583.2008076463021,418.9376786494793,3.913690639814466e-5,79.30480253122964,56.96797645441217
1.4338587784903556,571.3778664351299,0.00028420056179901673,583.498946502034,419.91126042615963,3.864615607049127e-5,79.34534404415403,57.100366035385555
1.4399810927362842,570.343195327568,0.00028055725494838886,583.2341153395107,420.56645568001113,3.815073197888928e-5,79.30933177741387,57.18946078550395
1.4461295481421987,569.3041063639685,0.00027337304668225375,578.6811152080702,417.2719568298979,3.717380908986164e-5,78.69020578922161,56.74146829762994
1.4523042563260626,568.2605806808955,0.00026962668704171196,577.8158954241834,417.77987099643053,3.666437167549455e-5,78.57255148695104,56.81053547338069
1.4585053293824268,567.2125993343699,0.0002663211102637198,578.2266722905489,418.78433059217747,3.6214872789015854e-5,78.62840973996511,56.94712388143314
1.464732879884466,566.1601432995253,0.00025957173152801216,573.3138057888946,415.2427795396903,3.529707888196695e-5,77.96034840900022,56.465536745082495
1.4709870208860216,565.1031934702623,0.00025594916125409867,572.8540398444795,415.9052560775783,3.4804474591195046e-5,77.89782852398913,56.555621618645716
1.4772678659236538,564.0417306589026,0.00025297398488302234,574.2734584590546,417.2992661216631,3.439990420735756e-5,78.09084388244229,56.74518186928882
1.4835755290187038,562.9757355958391,0.0002489850632676108,571.0542458533379,416.3826042287792,3.385748273455567e-5,77.65308896740238,56.6205323670077
1.4899101246793625,561.9051889291878,0.00024317021517488422,568.8667316979904,414.3967340945521,3.3066768157866585e-5,77.35562645389142,56.35048980742492
1.49627176790275,560.8300712244353,0.0002399678186023213,568.6226212593812,415.1132996409148,3.263129992036748e-5,77.32243183228611,56.44792981163946
1.502660574177003,559.7743081316796,0.00023679166103111502,567.906952306811,415.5712661015799,3.21993997143147e-5,77.22511374867378,56.51020499928118
1.5090766594833713,558.7477344826607,0.00023088926735574485,563.8105218322555,412.43186841073805,3.139678051566178e-5,76.66807300797481,56.08330347466907
1.5155201402983236,557.7167775522682,0.00022756971242419825,562.7169796362588,412.7439842672578,3.0945380852138796e-5,76.51937097125595,56.125745607882266
1.5219911335956615,556.6814186246942,0.00022471383792209524,562.8815859987922,413.64063279805384,3.0557033373064985e-5,76.54175447090982,56.24767365349263
1.5284897568486435,555.6416389042171,0.00022100265764591937,560.1624693782273,412.37140911617325,3.0052379718438333e-5,76.17200359981013,56.075082099880554
1.5350161280321173,554.5974195148613,0.0002160965310639887,558.2781841134633,411.0036222334136,2.9385234895125266e-5,75.9157747522581,55.88908772672487
1.5415703656246618,553.5487415000541,0.00021355493164185483,559.7346612650499,412.40889648572886,2.9039623164751847e-5,76.11382940407516,56.08017970674433
1.5481525886107372,552.4955858222821,0.0002104762001358427,557.6010943728468,412.21614221408595,2.8620971148276865e-5,75.82370274640436,56.05396859858179
1.5547629164828463,551.4379333627446,0.0002051811515407309,553.5165282194021,409.07015084179756,2.790093993823217e-5,75.26827533962147,55.62617045208884
1.561401469243702,550.3757649210078,0.000202469552576212,553.7043692088837,409.9249921690879,2.753221133291193e-5,75.29381832993082,55.74241347124702
1.5680683674084077,549.3090612146548,0.0001997401088257684,552.8071200381953,410.2914478243339,2.7161056158208698e-5,75.17180860811659,55.79224483806735
1.574763732006644,548.237802878937,0.00019593933346044292,548.2259507923011,407.84022325442925,2.664421918565858e-5,74.5488521278709,55.45892245934754
1.5814876845848658,547.1619704664215,0.0001921180585468918,548.5916161177176,407.8124143371155,2.612459464388239e-5,74.5985760240735,55.45514094761562
1.588240347208509,546.0815444466386,0.0001895559331124178,548.1380598459505,408.3552916764437,2.5776191745640126e-5,74.5369005426652,55.52896248494829
1.595021842464207,544.996505205727,0.00018708235246749078,547.6633302201806,408.8576097269729,2.5439829343498222e-5,74.47234586658486,55.597268689745675
1.6018322934620155,543.9214913937737,0.0001822451192135398,542.9993843650467,405.41641082189665,2.478205277156533e-5,73.83813325883747,55.129327637436184
1.6086718238376474,542.8818827766777,0.00017990833915912158,543.5896706874341,406.44134574402506,2.4464292785048056e-5,73.91840156371644,55.26870032098028
1.6155405577547173,541.8378352212831,0.0001775357394843843,543.0914562990816,406.93515758839635,2.4141661975515956e-5,73.85065338304096,55.335849834993304
1.6224386199069962,540.7893297741366,0.0001740089265510102,538.1599101772084,404.1562800515385,2.3662078957833566e-5,73.18005196026996,54.957972555967594
1.6293661355206743,539.7363474008575,0.00017078154079273265,539.2048140101733,404.5625393275023,2.3223212641297993e-5,73.32214005591551,55.01321649807874
1.636323230356635,538.6788689857915,0.0001683619868708992,537.7476125420067,404.63216725413656,2.2894196900117753e-5,73.12398691009328,55.02268464164095
1.643310030712737,537.616875331664,0.00016618353878655902,537.4853282937074,405.172876842439,2.259796720892379e-5,73.08832097780082,55.09621140388967
1.6503266634261085,536.5503471592316,0.00016195872819300632,533.4589748268656,402.0287379874187,2.2023469085017312e-5,72.54080944759993,54.66866516636907
1.6573732558754481,535.4792651069318,0.00015968526532900016,532.6474136273798,402.3697581893475,2.1714319095634172e-5,72.43045174606146,54.71503776979921
1.664449935983339,534.4036097305325,0.00015780175702726754,533.7352696931916,403.60374920290064,2.1458195901056177e-5,72.57838057152001,54.882838315292446
1.6715568322185699,533.3233615027774,0.000154617559016864,528.5983368095107,400.65429183391063,2.1025202340134132e-5,71.87985024951888,54.481765252369165
1.6786940735984677,532.2385008130329,0.00015144484160537413,527.344938962637,400.0104341563257,2.0593769933822722e-5,71.70941072433963,54.3942122083582
1.6858617896912398,531.1490079669315,0.00014952336550412088,527.7056190938911,400.8662075143458,2.033248380256143e-5,71.7584567239525,54.51058196690358
1.693060110618326,530.0548631860145,0.00014758826631205938,527.4198457533876,401.3902925223183,2.006934517639229e-5,71.71959669831436,54.5818480857462
1.700289167056761,528.95893827794,0.0001437826656972641,523.1007119263018,398.0798248695366,1.9551852056848976e-5,71.13227231403344,54.131684128413184
1.7075490902415462,527.9280291857004,0.00014186554652993754,523.1108826269387,398.80391087256135,1.9291158390104477e-5,71.13365534607841,54.23014677924053
1.7148400119680323,526.8927183005394,0.00014004796167421085,523.1074234777589,399.4707564301948,1.9043999596465463e-5,71.13318496411212,54.320825760774134
1.7221620645943125,525.8529868276077,0.00013743694026946174,519.0849400283804,397.1842003373144,1.868894772720601e-5,70.58619968656161,54.009895328159864
1.7295153810436248,524.8088158918052,0.00013453369834323453,517.9846241708723,396.4063398663044,1.8294159131852296e-5,70.4365765539157,53.9041203185208
1.7369000948067643,523.7601865374395,0.00013284691109285144,518.4583149984251,397.3440248548434,1.8064786456008958e-5,70.50098997215416,54.031628583045844
1.744316339944508,522.7070797278799,0.00013109672887502165,518.0012388449239,397.72906504886873,1.7826793206756054e-5,70.43883585024643,54.08398711230954
1.7517642510900477,521.6494763452132,0.00012753744491827382,512.1330656022528,393.6552529833702,1.7342794714913002e-5,69.64087001390396,53.53002206773499
1.7592439634514345,520.5873571898962,0.00012602415921302557,513.9677902183982,395.21492423174107,1.7137015123296203e-5,69.89035950615934,53.74210925750566
1.7667556128140325,519.5207029804073,0.00012425370078976018,512.5766410573635,395.1902172868406,1.689626467541279e-5,69.7011882840676,53.73874955813489
1.774299335542985,518.4494943528961,0.00012218057238203763,509.7405925226178,393.7707806279193,1.6614356562733993e-5,69.3155367793574,53.54573174597574
1.7818752685856893,517.373711860832,0.00011950307745538845,508.84916726211827,392.7890977588245,1.625026549212447e-5,69.19431900440169,53.4122405623883
1.789483549474283,516.2933359746518,0.0001179257569632132,508.68958215457496,393.3653199371872,1.603577832317616e-5,69.1726183049604,53.49059639706828
1.7971243163281398,515.2083470814041,0.00011631624458695575,507.7070476585384,393.4757683661528,1.5816913637981695e-5,69.03901131545233,53.50561539349997
1.8047977078563802,514.157107147245,0.00011328434344420597,503.0587511067715,389.97905705908806,1.540462970718542e-5,68.40692673101528,53.03012565466603
1.8125038633603847,513.1244823097084,0.00011181167479954588,503.73175991215317,390.9659496158106,1.5204373304026367e-5,68.49844380320174,53.16432526190986
1.8202429227363262,512.0874483533322,0.0001103814010287359,503.8168715956293,391.64037351934405,1.50098818398985e-5,68.51001745872944,53.256034761949685
1.828015026477709,511.04598645198695,0.0001086323086028892,501.0087178450934,390.5210085593309,1.4772036782720928e-5,68.12815914210199,53.10382129456357
1.8358203156779183,510.0000776991589,0.00010613027350000985,499.8966740602392,389.08314607246894,1.4431805086950727e-5,67.97694122263466,52.908297901775676
1.8436589320327827,508.9497031076071,0.00010464805077590207,498.94878312812926,389.24450267820197,1.4230249501119032e-5,67.84804513366059,52.93023949305435
1.8515310178431452,507.8948436090185,0.00010325244305525165,498.39489856131115,389.5305741406024,1.4040471995247734e-5,67.77272681170236,52.96914005789933
1.8594367160174485,506.83548005366185,0.00010070613798114384,494.6589043971962,386.505861189302,1.3694220380985814e-5,67.26469891537843,52.557833591633226
1.8673761700743274,505.77159321004007,9.922203790611815e-5,494.1363443141617,386.8517059468008,1.3492409509252806e-5,67.19364015885338,52.604862247698705
1.8753495241452147,504.7031637645412,9.793366276622324e-5,494.11400007878626,387.43027344587904,1.3317213702395354e-5,67.19060174540998,52.68353700374124
1.883356922976959,503.63017232108746,9.665656933911216e-5,493.81501863679,387.82302445792243,1.3143552005218144e-5,67.14994565593419,52.736944065332516
1.8913985119344503,502.5525994007836,9.396335080892878e-5,487.93962139412815,383.66706262490464,1.2777322807814193e-5,66.35099748574507,52.171808132436674
1.899474437003261,501.470425441563,9.283111683236744e-5,489.22283641206826,384.9536478951273,1.2623359386033742e-5,66.52549160898464,52.3467605492661
1.9075848447922945,500.4291398665863,9.166929633023362e-5,489.54167035500507,385.7073251186298,1.2465372729824695e-5,66.56884728091333,52.44924707294458
1.915729882536448,499.38657503533466,8.951650791829648e-5,483.88440360514653,381.85937806624054,1.217263229177692e-5,65.79956092777076,51.92599560082826
1.9239096980992838,498.33955864329164,8.800524696884454e-5,484.38476258772096,382.48520440427257,1.1967128030469155e-5,65.86760073462209,52.01109670752386
1.9321244399757151,497.28807168310846,8.683200331718561e-5,484.1230433083234,382.8896821904635,1.1807588031731261e-5,65.83201162792142,52.06609839912233
1.9403742572947016,496.2320950662782,8.570946636581619e-5,483.92809319502,383.34419233994726,1.1654943230669274e-5,65.80550192485471,52.12790359071444
1.9486592998219552,495.17160962278973,8.342863612085472e-5,479.36267755959864,379.8529835867432,1.1344791410211533e-5,65.18468765180648,51.653162100068116
1.956979717962661,494.1065961007794,8.232797394606286e-5,479.62597609585634,380.56333156159104,1.1195121184654505e-5,65.22049150898725,51.749756626576264
1.9653356627642058,493.0370351661817,8.1241777404908e-5,479.283298759932,380.9423435330714,1.1047418024650254e-5,65.17389356518967,51.80129542618206
1.9737272859189223,491.96290740237794,7.976582874223125e-5,475.7770800480211,378.8475478817807,1.0846715598135782e-5,64.69711099058797,51.51644095874854
1.9821547397668404,490.8841933098444,7.804234648994512e-5,474.87409974495756,378.05031123295646,1.0612353063153623e-5,64.57432193802637,51.408031138020014
1.9906181772984544,489.80087330579784,7.703801731917321e-5,475.1094565694731,378.7516340039571,1.0475782390547962e-5,64.60632622582548,51.50339839940864
1.9991177521575003,488.71292772384,7.597698262116605e-5,474.10342519163896,378.73199797659316,1.0331500787880374e-5,64.46952408372738,51.50072825346203
2.007653618643744,487.67391214410696,7.407282385778953e-5,471.0288859870594,376.0048541184547,1.0072569502570376e-5,64.05144214471612,51.12988582267601
2.016225931715785,486.6366622623901,7.29977609233489e-5,470.1415813884936,376.09218640732615,9.926380312489273e-6,63.93078470554296,51.14176144052966
2.0248348469938646,485.5949835137424,7.206976250836557e-5,470.39673723948613,376.77185562562573,9.800189247448464e-6,63.96548130423136,51.23418420887482
2.0334805207626965,484.54885698771375,7.102705671144862e-5,468.91240073028644,376.3384228468172,9.658400045104254e-6,63.763638281710435,51.17524515995152
2.0421631099743003,483.49826369310966,6.914020771558305e-5,464.65166722599236,373.0825485632296,9.401822576312204e-6,63.18425528915263,50.732504917240774
2.0508827722508527,482.4431845576468,6.824926121133833e-5,465.0162613702271,373.83671451359135,9.280669903581564e-6,63.233833524013576,50.83505789896691
2.0596396658875475,481.3836004276068,6.740795731931678e-5,465.56010202533366,374.6637103449349,9.166267731721082e-6,63.3077860549364,50.94751443235811
2.06843394985547,480.3194920674881,6.575301267419853e-5,459.41981285232555,370.3886261604226,8.941225076497573e-6,62.47281735467806,50.36618000584142
2.077265783804484,479.25084015965746,6.47220402692634e-5,461.0253074777357,371.63973916848204,8.8010314040668e-6,62.691135698143576,50.53630883410701
2.0861353280661272,478.17762530399864,6.384724825795724e-5,460.49991454655856,371.8887927244185,8.68207545132641e-6,62.61969172530948,50.57017563061053
2.0950427436565255,477.0998280175604,6.29582907281473e-5,459.4928371569636,371.7543340899918,8.5611932432843e-6,62.482747344457515,50.55189167881892
2.103988192279313,476.0453460801583,6.133019079068047e-5,455.9470791970401,368.82471706069543,8.339800984650425e-6,62.00058814448979,50.153516544638066
2.112971836328568,475.0212106585432,6.049251883955666e-5,455.8092700302135,369.2513745042186,8.22589269131673e-6,61.98184858065708,50.21153427003121
2.121993838891764,473.99270236633896,5.9715068139118175e-5,455.8762316085368,369.79898445531404,8.12017340309271e-6,61.99095414888758,50.28599935729854
2.131054363752725,472.95980253218937,5.86883087693089e-5,452.819787106392,368.05316664252507,7.980552627534391e-6,61.575332763402024,50.04859958849936
2.1401535753946055,471.922492405015,5.733639034712123e-5,451.34975904689645,366.738330642898,7.796716079120441e-6,61.375435432250924,49.86980558145365
2.14929163900287,470.88075315367286,5.657485750515226e-5,451.28182605070054,367.1950378732425,7.693161332862231e-6,61.36619776869141,49.93190953645883
2.1584687204682966,469.83456586661424,5.584660637217356e-5,451.2520725260621,367.666481124549,7.59413229940272e-6,61.36215182539859,49.99601732482154
2.167684986389985,468.78391155154173,5.442283652872181e-5,446.805467274743,364.18698723381254,7.400525252216771e-6,60.757493624026466,49.52286884440854
2.176940604078384,467.7287711350643,5.355731446140768e-5,445.8604822794346,364.0740294662567,7.282829844846216e-6,60.62899269010225,49.507508623138385
2.186235741558326,466.6691254623509,5.2882130031806746e-5,446.2449877614017,364.80512824785717,7.191016926963329e-6,60.68127850815973,49.60692488550545
2.1955705675720796,465.604955296783,5.2181664809943784e-5,445.89966417398455,365.02784897996,7.095766276807292e-6,60.63432072183565,49.637210892396126
2.2049452515824117,464.55602232593475,5.0790760782571205e-5,441.89463406038607,361.8089226163833,6.906628388477117e-6,60.089708783501045,49.19949490113015
2.214359963775665,463.5204039846769,5.010291537727931e-5,441.8000980327363,362.2277143479403,6.813093806008276e-6,60.07685358696058,49.25644303140946
2.2238148750648445,462.48036374286715,4.948480673718606e-5,442.39810669248993,363.04735504731366,6.729042167185495e-6,60.15817199059093,49.367899399367346
2.2333101570927245,461.43588271980036,4.850692599995369e-5,437.8552813597687,360.12852991269983,6.596068005029773e-6,59.54042959170897,48.970991768429826
2.242845982234962,460.3869419541542,4.745870245069564e-5,437.03852691031864,359.42998774551506,6.453528487778435e-6,59.429365701740174,48.87600261906307
2.2524225236032254,459.33352240364525,4.683583025164752e-5,437.1148744044747,359.9368256413693,6.368829090761032e-6,59.43974758542143,48.94492344139232
2.2620399550483397,458.27560494468264,4.623241460945406e-5,437.0875420480529,360.37858894815633,6.286775434934429e-6,59.4360308773848,49.004995292032724
2.2716984511634406,457.2131703720215,4.504877771165203e-5,433.4231760763729,357.3084890103256,6.125822141972262e-6,58.93774312473395,48.5875170133187
2.2813981872871443,456.1461993984141,4.437665534935103e-5,432.78394417695665,357.38516946148025,6.034425610074057e-6,58.850819103213034,48.597944173153
2.29113933950673,455.0746726542597,4.3816035290674566e-5,433.2141558392768,358.0849114220301,5.9581913825739e-6,58.90932013832755,48.69309647280118
2.3009220846613387,454.00410319522075,4.321879628689507e-5,432.498189488825,358.06327833775913,5.876977638289432e-6,58.8119616139614,48.690154763095435
2.310746600345181,452.9823535641012,4.202045305403125e-5,427.7168795416603,354.33110768742574,5.7140245487173475e-6,58.16178960420234,48.182646795759005
2.3206130649107637,451.9562412492806,4.1486821830761534e-5,428.39667147748753,355.20531578510804,5.641460316584855e-6,58.254229059920306,48.30152334676671
2.3305216574721244,450.92574762289905,4.092397610682055e-5,427.8732342003736,355.2991016983637,5.564923438707694e-6,58.18305102080452,48.31427654126411
2.340472557908086,449.89085397755906,4.015324954496079e-5,424.27980913579813,352.9136917410717,5.460118512184116e-6,57.69440995340436,47.98990376410259
2.3504659468655205,448.85154152598585,3.928074869131975e-5,423.513543004989,352.2326061641527,5.341474115607258e-6,57.59021156514177,47.89728839650318
2.3605020057626285,447.80779140068665,3.87448823586966e-5,423.1350191085536,352.425027804056,5.2686059488718195e-6,57.538739134948614,47.92345427274203
2.3705809167922345,446.7595846536076,3.8238709117430034e-5,422.9718982165449,352.74676150441144,5.199775507591664e-6,57.516557632522925,47.96720425943582
2.3807028629250917,445.70690225579045,3.727311305253529e-5,419.209322546861,349.6239355744333,5.06847183954556e-6,57.00491513035058,47.54255619573403
2.3908680279132053,444.64972509702665,3.6706191554822986e-5,418.96125227642136,349.8733512086231,4.991380729867176e-6,56.97118204295915,47.576472228356565
2.401076596293168,443.59341696697635,3.6205673196352785e-5,418.48606236482647,349.98119831830445,4.92331925076544e-6,56.9065647762994,47.59113749223259
2.4113287533895096,442.5784534144385,3.575447195716229e-5,418.8705395630592,350.620864087319,4.8619640113578335e-6,56.95884674827859,47.678120512202014
2.421624685318062,441.5591561535119,3.478118136511602e-5,414.7465580774991,347.25901424501467,4.729614026248511e-6,56.39805956645915,47.220969502827415
2.431964578989337,440.5355066800556,3.431457898167335e-5,414.82932551029864,347.7311136873288,4.666164508699208e-6,56.409314446130324,47.285166521344806
2.442348622111922,439.50748641091974,3.386922741784295e-5,414.86740179365165,348.1546451478191,4.605604719749183e-6,56.41449213466031,47.34275916936514
2.452777003195883,438.4750766836076,3.3263882766741755e-5,411.4111915876057,345.99663932670376,4.52328875346535e-6,55.944509815871875,47.049309257669215
2.4632499115561908,437.4382587559371,3.250591528206607e-5,410.6095603582596,345.09144511846284,4.4202188315633335e-6,55.835502411367884,46.92621915389059
2.473767537316156,436.39701380570057,3.205308223115404e-5,410.03160513066103,345.1237878194528,4.358641695161334e-6,55.75691091321551,46.930617178519
2.4843300714108825,435.3513229303226,3.163303221148806e-5,409.945052701719,345.4342200114995,4.3015224603693055e-6,55.74514134226181,46.97283036369781
2.494937705590729,434.3011671465178,3.086753500508143e-5,405.3652940320158,341.866507738554,4.1974286319720305e-6,55.122376674964286,46.48768577270166
2.5055906324247963,433.2632992872196,3.0343193237778342e-5,405.4323083892955,342.19747715169933,4.1261275984863804e-6,55.131489420181964,46.53269164993852
2.516289045304418,432.2362516507759,2.9944981905214048e-5,405.4928264372346,342.61465517494554,4.071978031680805e-6,55.13971878437088,46.589420344961134
2.5270331384466735,431.20481870911937,2.9554039839799057e-5,405.351447234639,342.901627383956,4.018816954239894e-6,55.12049375999356,46.628443395116655
2.537823106897915,430.16898173780015,2.8758676207823444e-5,401.5394138748199,339.7153186027526,3.910661830057346e-6,54.602125903023335,46.19516280739479
2.548659146537304,429.12872193241884,2.836271804742079e-5,401.48926577443297,340.0611926969333,3.856818654071202e-6,54.59530666487011,46.24219545272046
2.5595414540803736,428.0840204082841,2.7975867028737237e-5,400.9734793851353,340.1035895607938,3.804213885278923e-6,54.525169008654174,46.2479606623572
2.5704702270825934,427.034858200071,2.7599242141073893e-5,400.69678172573094,340.20229280106776,3.752999686065052e-6,54.48754311213239,46.26138252473546
2.5814456639429597,425.9812162614759,2.6840299774993857e-5,396.5561870588555,336.86514891839965,3.6497971978561124e-6,53.92449683696749,45.80759108075345
2.592467963907597,424.9230754648707,2.6483047777648798e-5,396.63054445563944,337.29807865570604,3.601217362691481e-6,53.93460810326097,45.866461725095554
2.6035373270733726,423.8781032363231,2.614722516201086e-5,396.99828864557014,337.87165154009676,3.5555515373539426e-6,53.98461468758338,45.94445730352669
2.6146539543915317,422.8664901503706,2.5586715655301047e-5,392.04989714255146,334.34440402577826,3.4793323429294773e-6,53.311722596473466,45.46481519066554
2.6258180476713444,421.85055766190766,2.5074599195364974e-5,392.406477809403,334.5209814576169,3.4096937309869955e-6,53.36021114278608,45.4888265400667
2.63702980958377,420.83028732787693,2.4728734952215173e-5,391.95472460978147,334.579330602311,3.3626624252240533e-6,53.29878084670432,45.4967609724906
2.6482894436651345,419.8056606264728,2.440877977282668e-5,391.98875380925836,334.9472898109975,3.319154285338833e-6,53.30340820474194,45.54679679548988
2.6595971543208266,418.7766589568048,2.3779437240539894e-5,387.77796681989344,331.4942225116873,3.233575039574522e-6,52.73081703834702,45.07724185539295
2.67095314682901,417.7432636385601,2.3414066505588532e-5,387.88771974678536,331.8904624721366,3.1838912023676625e-6,52.74574145902729,45.13112335110836
2.682357627344348,416.70545591166433,2.3087218559801494e-5,387.2021186137929,331.78045955590864,3.139445770436609e-6,52.65251205715697,45.11616493638234
2.6938108029017456,415.6632169359412,2.282417669021842e-5,388.5515235676843,333.0137927272643,3.10367681529932e-6,52.83600681916683,45.28387602718881
2.70531288142011,414.63777931645046,2.2173037492294028e-5,383.6391194454762,329.07195653676865,3.0151336157105868e-6,52.16800836347611,44.74785732385515
2.716864071706123,413.63282576156735,2.185901974085268e-5,383.22742857796857,329.13341453913,2.972432859053782e-6,52.11202582277394,44.75621450491069
2.7284645834580346,412.623581239151,2.1583596045432235e-5,383.64321897466624,329.7539766490131,2.9349801986812896e-6,52.16856582558629,44.84059977142165
2.7401146272694645,411.6100274275566,2.1256821134364152e-5,382.12438089970385,328.9292296999126,2.8905446981561753e-6,51.962031211723314,44.728449045498245
2.751814414633233,410.5921459269087,2.0684818241899116e-5,378.6480223690857,326.0420351820742,2.8127626103409897e-6,51.48930908379782,44.33584260856531
2.7635641579451917,409.5699182587683,2.0414660370348097e-5,378.99652322380143,326.6067836670159,2.77602600714238e-6,51.53669892123089,44.41263822765725
2.775364070508087,408.5433258657964,2.013512667184537e-5,378.46667774670294,326.5633616989405,2.738014460399071e-6,51.46464948237133,44.40673362231619
2.7872143665354265,407.51235011141785,1.975879487128804e-5,375.9741101725557,324.63960970526125,2.6868401157511782e-6,51.1257051999358,44.14513801068885
2.7991152611553716,406.47697227948265,1.9331553937396232e-5,375.13643467101485,323.99960629600383,2.628743046180423e-6,51.01179642380936,44.058109077729526
2.811066970414641,405.4703744851701,1.9063386024645782e-5,374.6734883670115,324.00351578556126,2.5922770415263545e-6,50.9488440671936,44.058640697873535
2.8230697112824332,404.46214425227555,1.8817417327017236e-5,374.8273534289868,324.39843523089496,2.558829730173991e-6,50.96976694349353,44.112342627324445
2.8351237016543664,403.4496090610332,1.8334620817510278e-5,369.9811502417625,320.5192789483078,2.4931781032433974e-6,50.31077062224337,43.58484726218611
2.8472291603564313,402.43275053005976,1.8047833691877176e-5,370.83234001161526,321.36397525315533,2.454180221092614e-6,50.42651709537877,43.69971074107111
2.8593863071489674,401.4115501994867,1.780739163685468e-5,370.75008026345785,321.6203249348591,2.4214844335632415e-6,50.41533125167217,43.734569679227434
2.8715953627306496,400.3859895306254,1.753848018682318e-5,369.0522020035134,320.7208120953261,2.3849173212349804e-6,50.184450398351025,43.61225213923401
2.8838565487424956,399.35604990563036,1.7077210061312416e-5,366.1653316316085,318.1444227058663,2.322192894695139e-6,49.79188803942503,43.26190960010197
2.89617008777189,398.3217126271612,1.6839074302210725e-5,366.09174986964786,318.38850698027017,2.289810721859333e-6,49.78188224549319,43.29510066384672
2.9085362033566247,397.31710373147,1.6615118648622556e-5,365.96229347955847,318.604359590128,2.2593567878957615e-6,49.76427850880792,43.324452729852446
2.920955119988957,396.3235904008834,1.639855377240273e-5,365.99997649471356,318.8887966547918,2.2299078664974404e-6,49.76940271994837,43.363131046051556
2.9334270631196846,395.32583495042525,1.5931292958467913e-5,361.61752894480844,315.26022561122863,2.166368814263898e-6,49.17346881006346,42.8697107587209
2.94595225916224,394.32381926702084,1.5720152594909146e-5,361.84150342771153,315.7317305726196,2.137657528856085e-6,49.203925304474616,42.93382693854327
2.958530935496798,393.31752516025614,1.5522909282305864e-5,362.32082749631945,316.3522613148875,2.1108359920003e-6,49.2691047420046,43.018207939623714
2.971163320474406,392.3069343620475,1.5243959384732219e-5,359.0904924310626,314.1354866112449,2.072903831665225e-6,48.82983737285639,42.716766518720846
2.983849643421128,391.29202852630976,1.4870483327094586e-5,357.4793077860196,312.6427731138992,2.0221178166035698e-6,48.61074528923572,42.51378437673708
2.996590134642209,390.2727892286233,1.4684068122967537e-5,358.1795432501193,313.4383860063512,1.9967687074146122e-6,48.70596469647541,42.621973395853594
3.009385025426255,389.2773530421784,1.4469832816436958e-5,356.98648561642227,312.86224468205995,1.9676365655230513e-6,48.543730353161365,42.543628555870605
3.022234548049431,388.28793980019384,1.4181416344506927e-5,354.1803726002718,310.5980629833287,1.9284171216312024e-6,48.16214953964321,42.2357406377496
3.03513893577968,387.2943019449647,1.3883139666319568e-5,353.5427823265799,310.136171107631,1.8878568673359685e-6,48.075448749644245,42.17293166438618
3.0480984228809556,386.2964214381664,1.3690896337173366e-5,353.1299853205977,310.123332498652,1.8617152381475331e-6,48.0193157940384,42.171185844873406
3.061113244617476,385.2942801644544,1.3521998126770944e-5,353.7238599423504,310.80935332935877,1.8387481245080651e-6,48.10007204298201,42.264472318071334
3.074183637257994,384.28785993113445,1.3181966379758523e-5,349.5606790857758,307.3558094308484,1.7925099331379265e-6,47.53395445294487,41.79485256906989
3.087309838080087,383.2771424678333,1.2951675556879214e-5,349.063588662346,307.2120025308727,1.761194530289112e-6,47.466359111248806,41.77529742158779
3.100492085374464,382.26358568228966,1.2782870973992389e-5,349.2832840397448,307.6302983751428,1.7382401483049135e-6,47.496233724406416,41.832178120130294
3.113730618449292,381.2839342347524,1.259648013884122e-5,348.11775007926985,307.0318077139168,1.7128943528576287e-6,47.33774210476695,41.750794172983746
3.1270256776345398,380.3000998550441,1.2259869872512355e-5,345.0400684916543,304.30443545422014,1.667121421216929e-6,46.919232858277915,41.37992068370083
3.140377504286341,379.3120646828108,1.20845049052041e-5,344.8450937637238,304.4175944898009,1.643274945147384e-6,46.892719808065394,41.39530827379621
3.1537863407913758,378.3198107814382,1.192623723652862e-5,344.92423340450154,304.74150020744656,1.621753393656325e-6,46.90348137338215,41.43935361570905
3.1672524305712715,377.3233201377259,1.1766607819313183e-5,344.7139628868617,304.8156618905008,1.6000466688979411e-6,46.87488837134762,41.44943826846139
3.1807760180870197,376.32257466156057,1.1436838598863293e-5,340.953926722815,301.59280058984785,1.555203996244242e-6,46.36359119618862,41.01118719664732
3.194357348843418,375.3175561855871,1.1275999471388263e-5,340.67753143752896,301.64951899509435,1.5333327726854462e-6,46.32600641709918,41.01889987788677
3.2079966693935225,374.3242398036664,1.1139642570404664e-5,341.5133129994905,302.51192927089284,1.514790690842458e-6,46.43965765156523,41.13617213767516
3.221694227343126,373.3380156312949,1.0961155679257489e-5,339.465658525859,301.17891750705587,1.4905196893773425e-6,46.16121353496857,40.95490655416278
3.2354502713552535,372.3475804624217,1.0669163200546338e-5,336.8223238093838,298.8166270626234,1.4508139729908246e-6,45.8017676374911,40.63367761421463
3.249265051154676,371.35291631686334,1.053075180811441e-5,337.2787256447799,299.4032740545518,1.4319925173258598e-6,45.863830064285494,40.71345103571962
3.2631388175324405,370.3540051376643,1.0382998809370545e-5,336.61865752911604,299.155460435925,1.4119007715066641e-6,45.77407269275312,40.67975284835075
3.277071822350429,369.35082879076907,1.0198823297147419e-5,334.15331916679395,297.31716162379576,1.3868562200649566e-6,45.4388310925474,40.42977732983652
3.2910643185459265,368.34336906469326,9.953621141664922e-6,332.7876568897185,296.0805885258099,1.353513144633956e-6,45.253125627486554,40.261625667380876
3.3051165601362147,367.34695735060114,9.810415569392846e-6,332.1118890133741,295.81687362603674,1.3340397668856582e-6,45.16123337135829,40.22576519226347
3.31922880222318,366.37321264660056,9.69605799205695e-6,333.2132073330461,296.8697734034066,1.3184891967052527e-6,45.31099282079751,40.36894059228817
3.33340130099795,365.3953102311414,9.489666432329008e-6,329.3259301910281,293.7830953667142,1.290423663061027e-6,44.78239316508704,39.9492079908103
3.3476343137455404,364.4132323515577,9.283436507365097e-6,328.5994079579659,293.20112012925586,1.262380108832597e-6,44.68359923086724,39.870069843744005
3.3619280988495253,363.4269611793828,9.165979288948982e-6,329.1607831032014,293.8545091120698,1.2464080433103439e-6,44.759936136535316,39.95891897354419
3.3762829157967316,362.4364788100255,9.020367277048535e-6,327.1978888738238,292.58112383806065,1.2266074331285017e-6,44.493017886063875,39.78576151838045
3.3906990251819464,361.4417672624457,8.819155031492089e-6,324.23093719262863,290.0239037546452,1.1992461928978523e-6,44.089565911869116,39.43802565950429
3.40517668871265,360.4583385449651,8.656762828797501e-6,324.37666503476083,290.2555672260395,1.177163779090366e-6,44.1093822728756,39.469527717820654
3.4197161692137623,359.4987328318917,8.537995969617034e-6,324.1100024469701,290.2803243666757,1.1610136260194647e-6,44.07312096529518,39.472894242907124
3.434317730632421,358.5350297782602,8.425009268690234e-6,324.05991689037774,290.44550764355574,1.1456494703321337e-6,44.06631023197118,39.4953561925181
3.4489816380427687,357.56721188917726,8.203861637025353e-6,320.0145579155678,286.97948395354194,1.1155773767590585e-6,43.516214295101676,39.02403941671588
3.463708157650765,356.5952615950495,8.076387234427036e-6,320.55950470444895,287.59515788625384,1.09824315466385e-6,43.59031724028905,39.107759979200004
3.4784975567990206,355.61916125126464,7.977227339253573e-6,321.32222283275246,288.3887296007292,1.084759195446636e-6,43.694033164133906,39.21567143488682
3.493350103971651,354.63889313787104,7.853209748712872e-6,319.6270743200756,287.2864294644244,1.0678950375111862e-6,43.46352350726032,39.065778476074556
3.50826606879915,353.67097159685443,7.633310168939392e-6,315.6702245199528,283.86510561040586,1.0379926565096624e-6,42.925463223511905,38.60054007262764
3.523245722063282,352.71227378795,7.52852109715276e-6,316.25961676857986,284.5242433194691,1.023743230691806e-6,43.005609950467665,38.6901709256251
3.538289335702001,351.7494825150719,7.4264844781385405e-6,316.05962306544336,284.58496752495455,1.0098680888610964e-6,42.97841441005211,38.698428323526045
3.5533971828143884,350.78258029987916,7.328007467109273e-6,316.02212444745646,284.733353729946,9.964769895842274e-7,42.97331527360433,38.718606173986664
3.5685695376656046,349.8115495894013,7.124942839479678e-6,312.83608596126516,281.90269619170397,9.68863858765298e-7,42.5400714411343,38.33368774767344
3.5838066756918745,348.83637275572005,7.024850510226678e-6,312.6966948195536,282.0040826022147,9.552531053125795e-7,42.52111675721908,38.34747447286223
3.599108873505486,347.8570320956489,6.926775159564039e-6,312.24088925386394,281.8461938530629,9.419166246090091e-7,42.459135412361995,38.326004447599544
3.6144764088998094,346.9169390571116,6.8308290331941235e-6,311.7588577156479,281.65198218249566,9.28869680047819e-7,42.393587807744765,38.29959515944072
3.6299095608543404,345.9755167878852,6.635629150334339e-6,308.12049610248573,278.46694320682417,9.023260128214477e-7,41.898836179341636,37.86648724239358
3.6454086095397686,345.0300748180741,6.547950341084667e-6,308.5137462135002,278.96840823089735,8.904032744394809e-7,41.95231110940089,37.9346774509616
3.6609738363230613,344.08059598429327,6.458271435277183e-6,308.2164591113424,278.9298329820494,8.782085589606362e-7,41.91188541961685,37.92943191211397
3.676605523772568,343.12706304987336,6.361810519460957e-6,307.112318108493,278.21529756334814,8.650916123095148e-7,41.76174213612074,37.83226796868535
3.6923039556631556,342.1694587045475,6.19254898511131e-6,304.8864639616669,276.1484731941358,8.420750931590945e-7,41.45906607452581,37.55121709166646
3.7080694169813584,341.2158349811185,6.100312531391541e-6,304.055114318724,275.6923912572401,8.295325972425534e-7,41.346017501198084,37.489198165304636
3.72390219393055,340.265868364167,6.021231692531562e-6,304.2910290698576,276.05271624519696,8.187790279271999e-7,41.37809765696528,37.53819587182756
3.7398025739361382,339.3118455638317,5.923331447191912e-6,302.4992461968964,274.7479777062691,8.054663583927494e-7,41.134447468117806,37.36077493751481
3.755770845650788,338.3537492609527,5.768483377003075e-6,300.4639385713657,272.8796607910309,7.844098106862596e-7,40.857682300414346,37.106717497802585
3.771807298959657,337.3915620624206,5.690300106705186e-6,300.5369215473614,273.1188737835198,7.737782945241967e-7,40.86760667024305,37.13924615497094
3.787912224985657,336.4252665008606,5.610138172542251e-6,299.9827775694112,272.857525364222,7.62877715725327e-7,40.79225307304457,37.10370747856219
3.8040859160947447,335.4671027825995,5.51741003544921e-6,298.38976462950234,271.63642737707295,7.502683597284945e-7,40.57563201392939,36.93766015237113
3.8203286659012248,334.5412660436302,5.376528116204316e-6,296.4963654984005,269.9411586838331,7.311109569275147e-7,40.318163844756526,36.707134153106225
3.83664076927308,333.61147615143443,5.30338502166749e-6,296.5081889023289,270.12581313983395,7.211648138620134e-7,40.31977161467299,36.73224383227276
3.853022522337326,332.6777162267724,5.232007789639951e-6,296.3749912040894,270.1896224895675,7.114587962828972e-7,40.301659127485024,36.740920754207565
3.8694742224853877,331.7399693183329,5.139347202098039e-6,294.38875580944284,268.58892554865906,6.988586258080036e-7,40.03156689906597,36.5232548093962
3.885996168378497,330.7982184024257,5.0098246697960935e-6,292.4650070391172,266.91561051124285,6.812458949734809e-7,39.769971725756655,36.29571411179258
3.902588659953111,329.8576237025789,4.942241339381729e-6,292.5118831417494,267.12719949075506,6.720557796604641e-7,39.776346031165595,36.32448640088752
3.9192519984263643,328.94114008655,4.8745945768451395e-6,292.25537684373523,267.0789937260346,6.628570387216574e-7,39.741465796012754,36.317931285390586
3.935986486301533,328.0207432534157,4.783202930694495e-6,289.9420379171494,265.16862782241503,6.504294214139383e-7,39.42689338055073,36.058155940839235
3.952792427373524,327.09641649445615,4.6697094793038135e-6,288.69896833281183,264.08363241136095,6.349963567934511e-7,39.257858312996,35.910616112888384
3.969670126734396,326.1681430296082,4.609718431302172e-6,289.1761949495978,264.6280099155362,6.268386551012803e-7,39.32275253486719,35.98464164561235
3.986619890778894,325.23590600716085,4.543108258769383e-6,288.4049882015997,264.16565863493724,6.177808717271397e-7,39.21788231168013,35.921770201459275
4.003642027210012,324.30333053065937,4.45032344442705e-6,285.45093253188884,261.68619507291237,6.051638086455361e-7,38.81618396270467,35.58460782858236
4.020736845044578,323.3802103675928,4.354532071152965e-6,285.310164601326,261.5238527422966,5.921379077172511e-7,38.79704206031075,35.56253219647906
4.037904654618868,322.45314865058117,4.293139596833541e-6,284.9136038617448,261.3738974884817,5.837896372948303e-7,38.74311694441277,35.5421409836474
4.055145767594236,321.52212854991126,4.234595030537241e-6,284.7133288422736,261.3525696200952,5.758286310538713e-7,38.715883150044064,35.53924077780299
4.072460496962772,320.5871331640103,4.143533968668253e-6,281.35381993709746,258.5101954126333,5.634459672524455e-7,38.25905046594312,35.15272909557066
4.089849157052984,319.6481455191389,4.057034125973322e-6,281.3921820389895,258.5256025404512,5.516835470809283e-7,38.26426702064494,35.15482418736949
4.107312063535509,318.71977269615354,4.0049624761278355e-6,281.85137065267867,259.04836195349117,5.446027408571892e-7,38.32670839907885,35.22591004918404
4.124849533428837,317.80782426170043,3.947522487177691e-6,281.14643355767885,258.62660074295127,5.367919372345545e-7,38.23084965474425,35.16855812326304
4.142461885105068,316.89198197453646,3.8624472841479975e-6,278.02755531956893,255.94881568736338,5.252232423903149e-7,37.80673840601247,34.80442760034499
4.1601494382956945,315.9722292086239,3.7818524268099026e-6,277.94905882768325,255.87302349799427,5.142637938394368e-7,37.79606429735766,34.794121228110036
4.177912514097405,315.04854926693497,3.728047240724314e-6,277.4696978135709,255.64132286575065,5.069472579195114e-7,37.730879835904716,34.76261411658768
4.195751434977906,314.1209253811489,3.672428527270124e-6,276.44253319487956,254.94236434077413,4.993841149510938e-7,37.59120395379965,34.66756835006261
4.213666524781789,313.21667376091057,3.5978304105144883e-6,274.33547465864206,253.06532671997874,4.892401150784201e-7,37.304681954949125,34.41232505151226
4.231658108736399,312.31709456318004,3.520488460152953e-6,273.63828371997636,252.51297733415834,4.787230032699577e-7,37.209876548316394,34.33721548651094
4.249726513457744,311.4136743271128,3.475521590416615e-6,274.11427031123753,253.04484200403812,4.7260831913692307e-7,37.27460214905729,34.40953949920973
4.26787206695642,310.506396652179,3.4228469953569566e-6,272.98649306719904,252.2478206553477,4.6544552322709275e-7,37.121244762604675,34.301158955420426
4.286095098643569,309.5952450678215,3.348562454526115e-6,270.0436768498744,249.68504881462502,4.55344164030612e-7,36.721074776656764,33.952668157574394
4.304395939336863,308.68899491183055,3.27770808692178e-6,269.5863637575487,249.32124949737917,4.4570924659280083e-7,36.65888843533772,33.903198004863846
4.322774921266495,307.8068037792082,3.234228556401489e-6,269.7730940113536,249.60979597683433,4.397968137963197e-7,36.68428038560673,33.942435127436816
4.341232378081229,306.920845852101,3.1902029946035034e-6,269.5674039104671,249.57149197084365,4.3381013058371146e-7,36.65631023772702,33.93722647273089
4.3597686448544435,306.03110504698674,3.12043689156027e-6,266.5894750043956,246.96884424071956,4.243231975193585e-7,36.251365558721595,33.583313272355106
4.378384058090222,305.13756521166937,3.057620321499231e-6,266.75650849639453,247.12321066591636,4.1578127573347325e-7,36.27407910425411,33.604304325020294
4.397078955729454,304.2402101249862,3.0122274833218564e-6,265.9633463590816,246.60215846987418,4.0960866756697014e-7,36.16622334368219,33.53345061395917
4.41585367715598,303.35487717366897,2.9734360535339293e-6,266.24148767396593,246.95188263432124,4.043337320063504e-7,36.204045551339455,33.581006799475794
4.434708563202745,302.468697529471,2.9062221562443183e-6,262.80390144679336,243.96523253045154,3.9519385294236304e-7,35.73659575813661,33.17487619469633
4.453643956157987,301.5787340605746,2.8446665866849e-6,262.42498416500644,243.65628665081064,3.8682340450572846e-7,35.685069834623135,33.13286512122639
4.472660199771454,300.6849706107417,2.8094243981077828e-6,263.11937985488004,244.36409994136824,3.8203110180444054e-7,35.77949513778108,33.22911497633752
4.49175763926064,299.7873909547499,2.767604364193202e-6,262.18785558206696,243.70805601406016,3.763443306478125e-7,35.65282461959947,33.13990482191926
4.510936621317059,298.8969154194153,2.7095145693372126e-6,259.457320695001,241.3241459364797,3.684451651292905e-7,35.2815210699742,32.81573600137575
4.530197494112529,298.01091527082366,2.6545224664081103e-6,259.8974418760448,241.67977617119448,3.6096722990287967e-7,35.341369621099076,32.86409530604134
4.5495406073055005,297.12113206394696,2.613068172718139e-6,258.7100364306032,240.80923534122994,3.5533019282739507e-7,35.17990387355443,32.74571743737148
4.568966312047403,296.22754964581947,2.5766686538829454e-6,258.36719118569107,240.63651073189487,3.50380514062191e-7,35.133283097159655,32.72223000241596
4.588474960989014,295.33015179450535,2.5260434945236346e-6,256.306559901197,238.8194582965375,3.4349640448369896e-7,34.85307436808398,32.475143608354756
4.608066908286869,294.4450560353778,2.4671990017041236e-6,255.14912542128866,237.821527689429,3.3549461363924613e-7,34.6956841318763,32.33944302512681
4.627742509609685,293.5793295771739,2.434650952462912e-6,255.41567518617427,238.15998511068636,3.3106866534835065e-7,34.731930097574306,32.3854671365583
4.6475021221448225,292.7099066256278,2.401074574716312e-6,255.15499069136698,238.05298353262532,3.265028829077286e-7,34.69648170293459,32.370916849749015
4.66734610460476,291.8367713973906,2.351941334099762e-6,252.43041269131126,235.69102371793582,3.1982164739891557e-7,34.325988182619724,32.04973286948907
4.687274817233619,290.9599080417208,2.29682411145249e-6,251.44348320869034,234.81036343649646,3.1232669814506845e-7,34.19178355411899,31.92997893773697
4.707288621813696,290.09387788382475,2.266191412695854e-6,251.6205141194422,235.0746777716572,3.081612030119289e-7,34.21585656848219,31.965920925267294
4.727387881672027,289.2497089697748,2.235388751883827e-6,251.47492888038528,235.06152884189834,3.039725961013985e-7,34.19605959892471,31.96413290771938
4.747572961686994,288.4019356091462,2.193339611068035e-6,249.4200777293679,233.28470039205246,2.9825467053393824e-7,33.91663686386339,31.722516250987393
4.76784422829494,287.5505424116125,2.141771586546009e-6,248.69759460988774,232.6026122329119,2.912423482805625e-7,33.818392176319556,31.629764550269005
4.7882020494968245,286.69551392113334,2.1094576814522864e-6,247.93323672003368,232.05885733097787,2.8684823937523885e-7,33.71445327444679,31.55582368023266
4.808646794864903,285.83683461567404,2.0826881127206756e-6,248.29466025557025,232.4738492948732,2.832080603249483e-7,33.76360036364844,31.612255110568956
4.8291788355494365,284.9744889069237,2.042603993785304e-6,245.76502856771202,230.31429319370858,2.7775734233016827e-7,33.419616029518366,31.31859438871715
4.849798544285433,284.1084611400118,1.9924189652859065e-6,244.7197620613627,229.32600590229669,2.7093308261895304e-7,33.277478616826684,31.18420512268397
4.870506295399405,283.238735593225,1.9662842248396126e-6,245.0614634067923,229.7233108905254,2.6737922877800416e-7,33.32394384350104,31.238231442989168
4.891302464816175,282.3652964777206,1.9379935742900627e-6,244.51621643145478,229.3577946565954,2.6353221000523054e-7,33.24980007836395,31.188527820542618
4.912187430065695,281.5125027973722,1.9052887854250753e-6,243.03552396183235,228.12039718877674,2.5908494794942013e-7,33.048452579572235,31.02026405864207
4.9331615702899,280.673537188404,1.8565945231202618e-6,241.73438924269874,226.87805086397327,2.5246340558209686e-7,32.87152169982284,30.851327341353283
4.95422526624959,279.8309893500164,1.8291228515163352e-6,241.17016049963587,226.49833203802297,2.4872775319069367e-7,32.794796756262436,30.7996924222747
4.975378900331346,278.98484398674617,1.8035029250791744e-6,240.8353190135524,226.31084391548006,2.452439047797774e-7,32.74926434686766,30.774197415511548
4.996622856554471,278.13508573782116,1.7753854777239156e-6,239.87431776675373,225.53589554999,2.414204385208908e-7,32.61858549129953,30.668818399756894
5.017957520577956,277.29965669745974,1.7274462412178561e-6,237.9517753127373,223.74060050311152,2.3490156605918342e-7,32.35715435527451,30.424690618534168
5.039383279707487,276.464052091408,1.7041724096339306e-6,238.18409893447893,224.03306532940337,2.3173674427960235e-7,32.38874618214443,30.464460565681556
5.060900522902477,275.6248796068034,1.6806142048821017e-6,237.96395775204354,223.9402224510948,2.2853325287263032e-7,32.358810947533755,30.45183560694666
5.082509640783122,274.78212400945824,1.655912812219696e-6,237.3068463249815,223.44935905485136,2.2517430850620466e-7,32.2694556323817,30.385087028757955
5.1042110256374915,273.93998102577535,1.6073283730613192e-6,234.31508433628525,220.69876821121275,2.1856770010815465e-7,31.862629903364724,30.011056230379396
5.126005071428659,273.111807285711,1.5847535931899376e-6,234.26085645161254,220.7456735562813,2.1549793676692882e-7,31.855255888052547,30.017434512232832
5.1478921738018455,272.2800973955299,1.5636548241119659e-6,234.33464091927937,220.9018117090406,2.1262888430087782e-7,31.865289246308354,30.038666487925973
5.169872730091604,271.44483625651907,1.5411659797960008e-6,233.81088912025854,220.5282090232395,2.0957080664692022e-7,31.794068437879854,29.987863253715496
5.1919471393290335,270.6060087054967,1.4985766098157492e-6,231.70051487726812,218.5280048482587,2.0377941964619828e-7,31.507095562648768,29.715871522841223
5.214115802249024,269.7777153167861,1.4749721190916609e-6,230.86785144275456,217.8982555644571,2.0056963418091586e-7,31.393868337337516,29.630236966199185
5.236379121297531,268.95397251199137,1.45600037287146e-6,231.21534893848002,218.2851852637752,1.979898185017543e-7,31.441121736025053,29.682852434140205
5.258737500638874,268.12671247636166,1.4349691677871883e-6,230.62898097464523,217.86045909263967,1.951299535215715e-7,31.361386257313647,29.62509732699677
5.281191346163088,267.29592019196576,1.3942222000625858e-6,227.4819302417677,214.95333148407406,1.8958910003375231e-7,30.93344405686667,29.229780348851904
5.303741065493281,266.4653216422419,1.3740295930618063e-6,228.0164317678291,215.50467880877434,1.8684326928421957e-7,31.006126634498912,29.30475365159465
5.326387067993034,265.6500655522508,1.3544423594215062e-6,227.6488646257917,215.26882148932782,1.8417975840492889e-7,30.95614412550019,29.272681305502154
5.34912976477384,264.83132846814175,1.3354604396667413e-6,227.2953149457736,215.04290594129492,1.815985593083593e-7,30.908067738788773,29.24196086120478
5.3719695687025615,264.0090955267078,1.301778123599798e-6,224.9559520873948,212.84569736255708,1.7701837116482123e-7,30.589956537466254,28.94318008077348
5.394906894408927,263.18335180127866,1.2791222860725197e-6,224.8403186263829,212.82119488783246,1.7393758544277867e-7,30.574232470093033,28.93984818566276
5.417942158293054,262.3720244597431,1.261208418951557e-6,224.63495921121063,212.72208697764535,1.7150162226170534e-7,30.54630728951262,28.926371295467096
5.441075778533018,261.56234775134436,1.244132921694265e-6,224.56579036810928,212.7370515383309,1.6917966227749803e-7,30.536901573039753,28.928406206109496
5.4643081750924365,260.7492138717647,1.2129714728323138e-6,221.2860080320971,209.7443220375823,1.6494226665632664e-7,30.09091026594162,28.5214489128847
5.487639769728092,259.9326080595168,1.1902816802998125e-6,221.5637617535398,210.0287391495686,1.6185686366532823e-7,30.12867976787394,28.56012451587916
5.511070985997593,259.1235864760818,1.172356362014734e-6,220.86337778616013,209.49080883547543,1.5941934333224643e-7,30.033440166863706,28.486975684849774
5.534602249267063,258.3235235249199,1.1564244567707952e-6,220.75417499012718,209.4722759300157,1.5725289125818982e-7,30.018590554068744,28.48445554360761
5.558233986718859,257.5200444515588,1.1308435576515917e-6,218.13065742630016,207.0869931271299,1.5377434985937526e-7,29.66183943231328,28.160100057154438
5.5819666273593285,256.71313466978285,1.1065402181855022e-6,217.86693311423852,206.85375974498635,1.5046953355607453e-7,29.62597767729421,28.128384519260667
5.605800602026597,255.9085801331223,1.092076851459655e-6,218.1763023038789,207.20334034235108,1.4850277626237457e-7,29.66804631329747,28.175921182240693
5.629736343398393,255.11870066785306,1.0761102932028016e-6,217.57263889466122,206.74631042382217,1.463316120028918e-7,29.585958965619493,28.11377334745617
5.653774285999893,254.32544856200354,1.0554695336008962e-6,215.67735334235493,205.04485331071322,1.4352484057380207e-7,29.32823427714976,27.882405834583494
5.6779148662116254,253.52880941501638,1.029738021608209e-6,214.6996030651844,204.13575374822275,1.40025818537729e-7,29.195277855211998,27.758784672988227
5.702158522277376,252.730927287124,1.0152957500943754e-6,214.6225432985234,204.13493294771007,1.3806192981279843e-7,29.18479911530281,27.758673058906552
5.726505694312156,251.95181778201103,1.0013204804339672e-6,214.46221266219453,204.06563707082512,1.361615449261377e-7,29.1629970373786,27.749250068127843
5.750956824310181,251.16938162207418,9.839974443793986e-7,212.92315186669668,202.726384123912,1.338059241253138e-7,28.95371249786792,27.567135796162145
5.775512356152909,250.3836046031069,9.591837200114844e-7,212.08975008607035,201.89146331543358,1.3043170467077688e-7,28.84038487078783,27.453601608661927
5.800172735617085,249.59447246025326,9.447883819324716e-7,211.54337337772185,201.47859306898457,1.2847419804739998e-7,28.766087482315214,27.397458693672142
5.824938410382841,248.80197086774908,9.308169401988153e-7,210.94201611207728,201.01086127130327,1.2657433368981121e-7,28.684313728614267,27.333855596134615
5.849809830041819,248.00608543866178,9.18109919337855e-7,210.86969153331057,201.00307999675505,1.2484640779031583e-7,28.67447888894661,27.33279748298834
5.874787446105339,247.20680172462917,8.916607134788908e-7,208.49892977856882,198.76959681314514,1.2124979231884836e-7,28.352098003420792,27.029084009840297
5.899871712012587,246.40410521559724,8.785134488677371e-7,208.20932676524467,198.57763102108956,1.1946200120103204e-7,28.312717211276812,27.002980120695902
5.925063083138853,245.64810750583442,8.671229226940542e-7,208.47810771530257,198.88421787159746,1.1791309486021888e-7,28.34926657795983,27.044670408705493
5.950362016803798,244.88913949588607,8.541852935956803e-7,207.748043095326,198.29684612986793,1.1615381039521674e-7,28.249990942941526,26.964798434285086
5.975768972279753,244.1269308316074,8.300069596465562e-7,204.7627486703459,195.50600096153062,1.1286599259004609e-7,27.844044686066294,26.585293772994465
6.001284410800055,243.36146767599834,8.179939553563923e-7,205.54076543333085,196.26156347440897,1.1123244044034462e-7,27.949840948598094,26.688036662061513
6.026908795567427,242.5927361329772,8.061849918477221e-7,205.1329214966063,195.9635528895816,1.0962663416080056e-7,27.89438152117371,26.64751259166913
6.052642591762381,241.82072224712857,7.952576147402795e-7,205.09161228685934,195.9841825299868,1.0814070774861427e-7,27.888764212900558,26.65031785108781
6.078486266551662,241.04541200345014,7.75258960146989e-7,202.32864681734426,193.40807099302071,1.0542125103213279e-7,27.513050688351758,26.300013094888943
6.104440289096735,240.27123161619468,7.60349399830328e-7,202.1484390927689,193.28670840636119,1.0339381944898354e-7,27.488545684544015,26.283509969647124
6.130505130562299,239.51535121369332,7.496880196921201e-7,201.97804984432474,193.1969405940025,1.0194406383224623e-7,27.46537581659434,26.27130316447912
6.156681264124837,238.7562433403797,7.397230130099205e-7,202.06574397919212,193.33211569637024,1.0058900245922856e-7,27.477300638984197,26.28968454300237
6.182969164981209,237.99389421554494,7.23785150204217e-7,199.77799114112014,191.22479558655363,9.842174026410707e-8,27.16620747058517,26.00312697485776
6.209369310357281,237.23765930999613,7.070500550210307e-7,199.00161955417087,190.51898052788732,9.614606882908255e-8,27.060634922353707,25.907148843282457
6.235882179516585,236.49529897353563,6.970171011542057e-7,198.82124313508126,190.41438598605555,9.478176786313456e-8,27.036106979131333,25.89292587003369
6.262508253769017,235.7497688944675,6.873162942486004e-7,198.6070025205815,190.28091222140836,9.346263289974612e-8,27.00697411545159,25.874775842788075
6.289248016479584,235.00105553857165,6.744490041768691e-7,196.84731334798113,188.68969701016093,9.171291327509572e-8,26.767688091633104,25.658399242381854
6.316101953077169,234.24914531383925,6.57851351358134e-7,196.15461403192984,188.00937293886471,8.945593152538938e-8,26.67349346475206,25.565887425827395
6.3430705510633505,233.49402457022617,6.487255313871919e-7,196.16332360537626,188.07417971215216,8.821498442579271e-8,26.674677809823677,25.57469997939533
6.370154300021245,232.73567959940516,6.388407046832083e-7,195.39955751806102,187.43993853558655,8.687082608524001e-8,26.570819382433914,25.488454606266124
6.397353691624401,231.97409663451677,6.294023668569154e-7,194.93382127569635,187.05604474286525,8.558738218783179e-8,26.507487644466288,25.43625196692549
6.424669219645728,231.23393106956536,6.113756169008243e-7,192.8307930402488,185.05834993278052,8.313606897494839e-8,26.221513693910794,25.164601464466795
6.452101379966445,230.493262740906,6.032705172840501e-7,193.17431408460422,185.42696317634412,8.203392145358545e-8,26.268226366854226,25.21472622442587
6.4796506705851025,229.74943189420222,5.948392570110037e-7,193.01864424994136,185.33723751755218,8.088742195928289e-8,26.247058073984686,25.20252515138347
6.5073175916266095,229.00974261770813,5.86212147413563e-7,192.5403283560737,184.9554214335902,7.971429048540597e-8,26.182015730055475,25.15060504300081
6.5351026453513175,228.28733122086572,5.704618808973591e-7,190.23902669115787,182.76564940909927,7.757253800580494e-8,25.869080165309786,24.852835499965497
6.563006336164136,227.56183525973245,5.607577749394406e-7,190.08631913945698,182.67566739288796,7.625295443073967e-8,25.848314689552744,24.840599566932756
6.591029170623692,226.833241563784,5.524504677641531e-7,189.59195635547735,182.2772051877488,7.512331032451617e-8,25.781090257679065,24.786415885976872
6.6191716574515285,226.10153690626024,5.445942665025037e-7,189.23999108909854,182.00929892602153,7.405500849514256e-8,25.733229322676806,24.74998546114789
6.64743430754133,225.36670800392542,5.324365303929667e-7,187.49042912695143,180.3454816248503,7.240177542558484e-8,25.495320417021833,24.52373628455647
6.675817633968206,224.62874151682664,5.21113389568706e-7,186.93650902767857,179.8591505191311,7.08620322782367e-8,25.41999726328993,24.457604016222497
6.704322151998006,223.89194620004986,5.136427383885192e-7,186.67016313904037,179.66796588899143,6.984615831363184e-8,25.383779021088404,24.43160635102477
6.732948379096667,223.17629052258332,5.068830999053393e-7,186.82845419000267,179.85827806188678,6.89269692657727e-8,25.405303752149205,24.457485377756
6.76169683493961,222.45757912650976,4.963439125084592e-7,184.57628981785697,177.785361381175,6.749382966035553e-8,25.099049973932207,24.17560605613606
6.790568041421175,221.7357989644706,4.847100994016208e-7,184.19747561889503,177.40881255319513,6.591184067984196e-8,25.04753806782572,24.124402199668804
6.819562522664101,221.0109369333975,4.783250945877335e-7,184.47989106240954,177.71594216565535,6.504359506137332e-8,25.08594147997132,24.166166293525176
6.848680805029025,220.2829798742744,4.71074030479927e-7,183.81401675419085,177.15263141102824,6.405758098239482e-8,24.995394570859478,24.089566179852984
6.877923417124054,219.55191457189864,4.6291313328295045e-7,182.41058177827665,175.89213227426052,6.294784599540831e-8,24.80455269929301,23.918161007189408
6.907290889814355,218.82501864445547,4.5026776973323304e-7,180.96443258320164,174.49646364125613,6.122830437938548e-8,24.60790246348662,23.728375218335408
6.936783756231793,218.11718985043697,4.441421837350551e-7,181.15227083140059,174.71451864821856,6.039533504600248e-8,24.63344508103091,23.758026770667602
6.9664025517846,217.4063387571696,4.376110352224592e-7,180.70345532305157,174.34748108709425,5.9507216517525266e-8,24.572414258034936,23.7081162751318
6.996147814167112,216.6924524599893,4.3170399079190794e-7,180.70411357340913,174.38872192153934,5.870396489995862e-8,24.572503768224113,23.713724285595795
7.02602008336952,216.00153808250104,4.1981092366388707e-7,178.16901236819163,171.97939914001435,5.708672204344603e-8,24.2277756782754,23.38609979516691
7.056019901687669,215.31154226118363,4.1296363738966345e-7,178.41590758965006,172.2472371138325,5.61556144751221e-8,24.2613489801758,23.422520934070576
7.086147813732913,214.618600284143,4.070506209342302e-7,178.18524749867242,172.07575334469757,5.535155076976722e-8,24.229983363518578,23.39920223102652
7.116404366441993,213.92269957183416,4.012450185482609e-7,177.84527165661075,171.80756805602132,5.456209344262072e-8,24.18375277421452,23.362733863559598
7.146790109086978,213.22382749099953,3.925802638098095e-7,176.28803252162382,170.3202689404531,5.338384290780463e-8,23.9719963080456,23.16048797994871
7.1773055932852134,212.5219713544401,3.8377350157496855e-7,175.529504450948,169.63203237975443,5.218628191197501e-8,23.86885015654743,23.066900207391846
7.2079513730093625,211.82506979379403,3.782893102034907e-7,175.32835097458928,169.48867212351274,5.1440530692058495e-8,23.84149690786885,23.047405795410565
7.238728004597447,211.14798389885618,3.729466379582787e-7,175.09872515178444,169.31683608258632,5.071402352361749e-8,23.81027193304911,23.024039189749615
7.269636046762945,210.46800697121523,3.6622625919168064e-7,173.87301350839246,168.18228555009833,4.9800173089886006e-8,23.64359723273151,22.869760758099655
7.3006760606049435,209.78512666669124,3.570020473876913e-7,173.06184510671298,167.39549443928416,4.8545846473683403e-8,23.533292944617802,22.76277134234719
7.33184860961832,209.09933058839695,3.516863006151578e-7,172.69107786672808,167.0931701869386,4.7823000684420605e-8,23.48287527995317,22.721660690890054
7.363154259703973,208.4106062865126,3.4667413204877727e-7,172.4390787324071,166.89874996567306,4.714143606174074e-8,23.448607937858736,22.695223043593632
7.394593579179087,207.71894125806008,3.4138313823082474e-7,171.80336219008453,166.3421745724135,4.642195622833633e-8,23.36216194156769,22.619538817718965
7.426167138787465,207.05049008546325,3.321011445410358e-7,170.19663686267643,164.78370721074805,4.515977231669939e-8,23.14367624480353,22.407615334850263
7.457875511709878,206.38461425409258,3.270191713612663e-7,170.16820317445917,164.79709104309825,4.446871552424198e-8,23.139809775485,22.40943529491844
7.489719273574471,205.71589525493613,3.223540947530105e-7,169.9286014470842,164.61374942328575,4.3834349154442365e-8,23.107228257375827,22.38450413782065
7.52169900246722,205.04432094818839,3.179018950546793e-7,169.83182179370888,164.55770143567395,4.322893020906962e-8,23.094067968159244,22.37688262130087
7.553815278942422,204.36987914220913,3.097773261835961e-7,167.3298676210816,162.1799237453106,4.212413521989088e-8,22.753847277445235,22.053547694933975
7.586068686033235,203.69255759330207,3.0381616928582926e-7,167.35127715393034,162.22132741537385,4.13135252817068e-8,22.756758588185196,22.059177848108295
7.618459809262255,203.01234400549265,2.995620682900101e-7,167.26127359641964,162.17438441142997,4.0735044190806197e-8,22.744519725923844,22.0527944453263
7.65098923665216,202.32922603030465,2.953106819490275e-7,167.02264632303286,161.98692969140728,4.0156932244054457e-8,22.712070716000692,22.027303980704097
7.683657558736377,201.6431912665361,2.893037699137625e-7,165.2207786496764,160.29733383476517,3.9340100431523654e-8,22.467049175993488,21.79754938501113
7.716465368569795,200.97069262860413,2.8255036939976134e-7,164.950795207906,160.02535184117156,3.842175963508569e-8,22.430336292102407,21.76056473407925
7.749413261739545,200.3117347652091,2.78438818366668e-7,164.72467331115237,159.84916550034225,3.7862662770846964e-8,22.39958778809672,21.736606566009215
7.782501836375806,199.6499632724839,2.743345061697968e-7,164.2937228124096,159.48244987435888,3.7304550257915065e-8,22.34098628454006,21.686739847852397
7.815731693162663,199.0010978299094,2.7031821642693975e-7,164.0110879531577,159.23993692960806,3.675840721286179e-8,22.302553035807307,21.65376245663041
7.849103435349006,198.3670347283689,2.626739049848979e-7,162.12750794842586,157.42902506030293,3.571891858141598e-8,22.046420090913266,21.407511068920055
7.882617668759495,197.7302642935696,2.5858781488135864e-7,161.90377377582598,157.25407111755504,3.516328394487666e-8,22.015996274373762,21.383720484785442
7.916275001805548,197.07449996388905,2.5515776509472963e-7,162.06197112699166,157.43407509878247,3.4696858971806536e-8,22.03750826395037,21.408197783168635
7.950076045496385,196.39847909007233,2.514931445768669e-7,161.73601698843052,157.16253970269202,3.4198536605460896e-8,21.993184373698654,21.371273861451
7.984021413450127,195.71957173099747,2.451695251761067e-7,159.59451493531506,155.11020859584409,3.333863829721972e-8,21.701978677108563,21.092193806994036
8.01811172190493,195.07398900571127,2.4037381217087935e-7,159.46400616815436,155.0072766480315,3.26865077310586e-8,21.68423183610187,21.07819691657755
8.052347589730179,194.45774338485677,2.3693446094542458e-7,159.28436136491425,154.87025815717055,3.221881792988868e-8,21.65980337945378,21.059564870430858
8.086729638437708,193.83886650812124,2.3350546916967553e-7,158.95649629686565,154.59413984342507,3.175253682723645e-8,21.615219637220264,21.022017754480835
8.121258492193101,193.19608864833106,2.289990722044882e-7,157.6596196150525,153.36517417399597,3.113974803002296e-8,21.438867773831,20.854900565248744
8.155934777827014,192.5372392212867,2.232305287225508e-7,156.71677262496996,152.4661359612689,3.035533004614852e-8,21.310657570097867,20.73264756594976
8.190759124846549,191.87557662791554,2.2006510279495546e-7,156.62299945672146,152.40995996371345,2.9924889150278864e-8,21.297906108691826,20.72500864238395
8.225732165446694,191.2368210219595,2.1707161767777325e-7,156.63318866241076,152.44899391052587,2.9517829106832754e-8,21.2992916570905,20.73031655589056
8.260854534521792,190.60461837860774,2.1360144771347657e-7,155.86735931032695,151.75056377423195,2.9045948512429913e-8,21.19515266286527,20.63534264070655
8.29612686967707,189.96971634581277,2.0772753190084284e-7,154.19077455051269,150.126337499949,2.8247201790034253e-8,20.967167341924874,20.414477130475355
8.331549811240206,189.3321033976763,2.0444955619429436e-7,154.11891598332173,150.08867095744733,2.7801456151993824e-8,20.95739587143557,20.409355159318995
8.367124002272968,188.69176795908658,2.0162340321103745e-7,154.08393002677713,150.08423278064942,2.7417150264001702e-8,20.95263841167427,20.408751647235434
8.402850088582879,188.05154849409107,1.987158217656391e-7,153.77845524052975,149.82456784261592,2.7021771572224187e-8,20.911099344368466,20.37344189394799
8.438728718734934,187.4416117815061,1.9402232385360285e-7,151.91180675258835,148.03096635367038,2.6383540417166333e-8,20.65726878070918,20.129544406091952
8.47476054406339,186.82907075092237,1.9000122177964747e-7,151.7587977443422,147.89668179905956,2.5836742981785634e-8,20.63646231229321,20.11128412601898
8.510946218683578,186.21391428237916,1.87350076098531e-7,151.70601185288047,147.8758603216774,2.547623493384416e-8,20.629284382077884,20.1084527802277
8.547286399503786,185.59613120843562,1.8470577811862305e-7,151.54274630846805,147.74752493461546,2.5116658049894588e-8,20.607083209531442,20.091001479757466
8.583781746237172,184.97571031396808,1.8105812799939182e-7,149.88387967650561,146.18411554624137,2.4620643352013567e-8,20.381507234758082,19.87840597029502
8.620432921413753,184.35264033596619,1.764768347341751e-7,149.21099207604,145.5238749030072,2.3997670007374426e-8,20.290006644256493,19.78862513812146
8.657240590392432,183.72690996332864,1.739328118438071e-7,149.07933944021315,145.42685293664948,2.3651728728983876e-8,20.272104257719853,19.77543189870493
8.694205421373063,183.09850783665792,1.7144468843874138e-7,148.86453056694845,145.25007508056316,2.3313388773474525e-8,20.242894121086188,19.751393295217053
8.731328085408599,182.4987506334624,1.6880981411660716e-7,148.27443796688078,144.71588146577005,2.2955093337199703e-8,20.162652158952476,19.678752587969775
8.768609256417266,181.90225189732377,1.6452952802239226e-7,146.85141490866738,143.32651052435554,2.2373051544684303e-8,19.969146661104393,19.489823171708863
8.806049611194789,181.3032062208834,1.6168748271470892e-7,146.91481953073028,143.40904258474964,2.1986584586896195e-8,19.97776854736782,19.501046044973506
8.843649829426695,180.7016027291729,1.592571325022992e-7,146.49882324933694,143.04085348515923,2.165610074471027e-8,19.9212005479462,19.450978960953147
8.881410593700641,180.09743050078976,1.5716896752352415e-7,146.66737796404516,143.22308127291387,2.137214792927655e-8,19.94412095235989,19.475758656958554
8.919332589518811,179.49067856769904,1.5379824800287114e-7,144.9968020177144,141.6252808170828,2.0913790803448173e-8,19.716952721794726,19.258486581932825
8.95741650531035,178.88133591503438,1.501503985945195e-7,144.43814431071803,141.09130116075957,2.0417749005837292e-8,19.640985338768118,19.185874969182645
8.995663032443877,178.26939148089795,1.4797927049711438e-7,144.26386800657036,140.95070822677985,2.0122514700985056e-8,19.61728690127438,19.16675686317119
9.034072865240027,177.6889070213996,1.4596601842016446e-7,144.2977681308525,141.00466860959477,1.98487486905221e-8,19.621896707411015,19.174094503050185
9.072646700984052,177.1102994852392,1.4340044120125422e-7,143.10688475496602,139.8916809812665,1.9499876411786003e-8,19.45995802398642,19.022748237875245
9.11138523993849,176.5292214009226,1.395900861209391e-7,141.91249309409343,138.7221171660226,1.89817367705914e-8,19.297542277011164,18.86370863059157
9.15028918535587,175.94566221966193,1.3761606819325408e-7,142.34281478511832,139.15266635385913,1.8713305897561624e-8,19.35605827404718,18.92225556309525
9.18935924349148,175.35961134762778,1.3557272664382276e-7,141.97876035948906,138.830582363703,1.843544826095186e-8,19.30655343119268,18.87845794329961
9.228596123616185,174.7710581457572,1.3361407370723712e-7,141.70182451127428,138.58919513117917,1.8169106749886358e-8,19.268895145284045,18.84563362865896
9.268000538029314,174.1799919295603,1.3056512764459e-7,140.19832499155626,137.13331132273294,1.7754505017075923e-8,19.064446298585345,18.64765966081894
9.307573202071582,173.58640196892625,1.2767573040146036e-7,139.66972670222867,136.63875229367412,1.7361599049189054e-8,18.99256645479251,18.580408543150163
9.347314834138068,172.99027748792898,1.2577535825463748e-7,139.3627181172879,136.36810293132166,1.7103182675508312e-8,18.950818818498277,18.543605106057562
9.387226155691279,172.3916076646308,1.2410674757615337e-7,139.48129932603433,136.50172715570898,1.687628168596281e-8,18.966943726454943,18.561775593117062
9.427307891274229,171.8176895221608,1.2178342970892626e-7,138.18659471762015,135.27438599794752,1.6560352314360384e-8,18.790887225914517,18.394879308203556
9.467560768523601,171.2541492406696,1.1850975787043653e-7,137.10803064963972,134.22418388518398,1.6115191924834777e-8,18.6442219447506,18.252070741962502
9.507985518182945,170.6882027454388,1.1692837528054246e-7,137.42271763092506,134.54404448582068,1.590015238378199e-8,18.68701370460893,18.295566020841466
9.548582874115962,170.11983976237656,1.152263606909012e-7,137.16639787633747,134.32033124959554,1.5668709064144766e-8,18.652158836001217,18.265145051271727
9.589353573319814,169.5490499735226,1.1355844657247735e-7,136.89040536204874,134.07681869360985,1.5441902794217795e-8,18.614628826510835,18.232031730931414
9.6302983559385,168.975823016861,1.1072330657832488e-7,135.19136969123073,132.42665811688894,1.5056374834659456e-8,18.383590586163514,18.00763962281719
9.671417965276305,168.4001484861317,1.0850379944080169e-7,134.93356635876023,132.19390301577135,1.4754561851978059e-8,18.34853397769279,17.97598912252594
9.712713147811282,167.82201593064204,1.0699655852206821e-7,134.91997144449078,132.20075097859046,1.4549604242420632e-8,18.34668531428658,17.976920322092177
9.754184653208819,167.24141485507653,1.054706135861903e-7,134.74231333130615,132.0494603320947,1.4342103223514773e-8,18.322527011692593,17.956347519915187
9.79583323433522,166.65833471930694,1.0335883230773777e-7,133.24932390105567,130.62331767653967,1.4054939016810869e-8,18.11950734780517,17.762417813033252
9.837659647271405,166.11042458547175,1.0075900645756561e-7,132.68157741249064,130.06480857673824,1.3701409541267805e-8,18.04230405423436,17.686470637907757
9.879664651326618,165.564359532754,9.939104349300357e-8,132.8428885820596,130.23704479166616,1.35153912241594e-8,18.064239467013326,17.709891660023125
9.921849009052206,165.01596288232133,9.797870965132594e-8,132.68832795346415,130.10835305108645,1.3323339267176607e-8,18.043222006184813,17.692391901894762
9.964213486255483,164.46522467867874,9.648831699517852e-8,132.2154445288701,129.6733521901678,1.3120672717782099e-8,17.978918380202067,17.63323962205603
10.006758852013611,163.91889377583666,9.398520196941424e-8,130.51266690780812,128.01538987384166,1.2780294171956111e-8,17.74737130203887,17.40778661791649
10.049485878687575,163.4061694557491,9.225789203609603e-8,130.5530467068633,128.06758431796865,1.2545411141315469e-8,17.752862227202787,17.414884121950177
10.092395341936198,162.8912558967656,9.090466043036544e-8,130.30442677640673,127.84798059416366,1.2361396023598817e-8,17.71905439595207,17.385021972030042
10.135488020730229,162.37414375123726,8.976488461781401e-8,130.65481183239908,128.19858498903912,1.2206407048002126e-8,17.766700450811825,17.432697853026152
10.178764697366464,161.85482363160241,8.786189785346465e-8,128.96263828942563,126.57515170943915,1.1947635133444356e-8,17.536595336218998,17.211940175784758
10.22222615748198,161.33328611021625,8.569659023570364e-8,128.48507189721892,126.10595324504604,1.165319230895834e-8,17.471654911012187,17.148137637998804
10.265873190068374,160.80952171917951,8.450188852089504e-8,128.53285192013158,126.16803109957826,1.1490734400233907e-8,17.478152133293687,17.15657910778193
10.309706587486092,160.2835209501669,8.334791993577205e-8,128.54100986756632,126.19314269899763,1.1333815463273308e-8,17.47926146716615,17.15999383287676
10.353727145478816,159.7552742542542,8.208576356922954e-8,128.11387939482535,125.79875399122545,1.1162184937218046e-8,17.421179418321774,17.106364074172127
10.397935663187903,159.22477204174515,7.992388188045965e-8,126.42927472084605,124.15598019177713,1.0868207977351152e-8,17.1921035335467,16.8829764346822
10.442332943166909,158.6920046819971,7.851113017775643e-8,126.5925362081201,124.32626541497936,1.0676099198797323e-8,17.21430415439542,16.906132157073156
10.486919791396126,158.1569625032465,7.732426899313285e-8,126.22695792422337,123.99194523556105,1.0514707460918186e-8,17.164592094271324,16.86067063599266
10.531697017297251,157.61963579243297,7.632072217616979e-8,126.43770259436043,124.20846805064176,1.0378243174335155e-8,17.193249572502843,16.89011383783386
10.57666543374806,157.0800147950233,7.467469494674551e-8,124.76126882304814,122.59377555706973,1.0154413126984315e-8,16.965284783278413,16.670544750012827
10.621825857097166,156.538089714834,7.282509869982839e-8,124.21509543168622,122.06059898838393,9.902901360880547e-9,16.891015042252885,16.598042342712407
10.66717910717884,155.9938507138539,7.181291969931979e-8,124.26109619127533,122.12031742456242,9.765263252858115e-9,16.897270316778695,16.606162974108173
10.7127260073279,155.4472879120652,7.075210532973874e-8,123.96449030193817,121.85085117483602,9.6210116108869e-9,16.856937259665116,16.569520419017024
10.758467384394654,154.89839138726416,6.973338814762674e-8,123.76894958447983,121.67604790632015,9.482484427962353e-9,16.83034724507403,16.545750323863327
10.804404068759892,154.3471511748813,6.788289003951672e-8,122.01664347432751,119.96736319311395,9.230850024984843e-9,16.59206518473063,16.313399987594366
10.850536894349997,153.79355726780005,6.666590169513751e-8,122.19473371746219,120.14931896958014,9.065361536168598e-9,16.6162822492123,16.33814269496527
10.89686669865206,153.2375996161753,6.567154830825168e-8,121.88806066488884,119.86988663403304,8.930147390441513e-9,16.57458023927488,16.300144931757707
10.943394322729084,152.679268127251,6.478702661704166e-8,121.9485269332434,119.94174905036078,8.809868376530165e-9,16.582802562373182,16.30991692566027
10.990120611235264,152.11855266517682,6.343503510253076e-8,120.44176212017109,118.4882502751118,8.626021888877132e-9,16.377909694607855,16.112267279364833
11.037046412431312,151.62212659320062,6.182200756016907e-8,119.82306862286674,117.8823554913198,8.406679204423905e-9,16.293778525741516,16.029876504946586
11.084172578199846,151.14143970236157,6.096622917499849e-8,119.912192255164,117.98119932391452,8.290308762276631e-9,16.305897734027123,16.043317485347472
11.131499964060879,150.65870036657904,6.012161045253e-8,119.880332242881,117.96450394277906,8.175455833197413e-9,16.30156534636644,16.041047214307422
11.179029429187336,150.17389982228917,5.920364077170151e-8,119.43581967297544,117.54936489533989,8.050628495317749e-9,16.24111964547436,15.98459578325911
11.226761836420653,149.68702926850935,5.766912681548189e-8,117.7479514570055,115.90095627912426,7.841962244030218e-9,16.01159997778656,15.760441910209192
11.274698052286439,149.1980798666783,5.6649435648507955e-8,118.18110460066701,116.32640868977408,7.703302616712365e-9,16.070501001367944,15.818295772842188
11.322838947010208,148.7070427404959,5.582163297604771e-8,117.97895288612071,116.14530174841025,7.590736367465849e-9,16.043012010280734,15.793668491752062
11.371185394533185,148.2139089757615,5.4969650168159885e-8,117.55466442543118,115.74911100394336,7.474882055445547e-9,15.985316423871895,15.739793688523559
11.419738272528146,147.71866962021292,5.399078571706322e-8,116.82559906099871,115.04465298799883,7.341774125927484e-9,15.88617666960437,15.644000090309094
11.468498462415385,147.2213156833631,5.2586238498176944e-8,116.05161068036797,114.28531670957607,7.1507810093556744e-9,15.780928194494894,15.540744037118513
11.517466849378696,146.7218381363373,5.1749753459863274e-8,115.69480374332343,113.95440965699906,7.037034114779997e-9,15.732408879512652,15.495746639795417
11.566644322381443,146.2202279117093,5.113949326793219e-8,116.23406010756827,114.48658307843343,6.954049723504743e-9,15.805738029471721,15.568112637142965
11.616031774182701,145.71647590333646,5.029534343949207e-8,115.46523478353178,113.75698481987595,6.839260555565497e-9,15.701191637038225,15.468900418875394
11.665630101353466,145.21057296619466,4.9086934174798305e-8,114.04907284656514,112.37155067900864,6.6749386670204336e-9,15.508619128065472,15.280506336561055
11.71544020429293,144.7025099162121,4.809953555828653e-8,114.11936654122935,112.44389761807986,6.540670244762749e-9,15.518177804084859,15.290344216827267
11.765462987244806,144.19227753010298,4.742027075802657e-8,114.06447989419331,112.4033542200856,6.448302469984732e-9,15.510714208959946,15.284831045155135
11.815699358313786,143.6798665451994,4.666016322724491e-8,113.46278243996264,111.83353570761903,6.344941540368705e-9,15.428894195740336,15.207345993664592
11.866150229481988,143.16526765928373,4.5852082405851356e-8,112.74189134865712,111.13953407140949,6.235057107546115e-9,15.330865995345288,15.112974274705438
11.916816516625534,142.64847153041956,4.469259501441035e-8,112.0051711511478,110.41134654143076,6.077387712356513e-9,15.230685321693548,15.013953890108011
11.967699139531165,142.12946877678212,4.393852830776547e-8,111.73740547472576,110.16453079098585,5.974848225987841e-9,15.194274013933203,14.980391394833653
12.018799021912944,141.6326887049748,4.336075464570815e-8,111.92406315220663,110.35573710879262,5.896281417477881e-9,15.219656095129729,15.006392009163367
12.070117091429031,141.17595788628162,4.2721898522858434e-8,111.6484356554003,110.10006410869491,5.809408494799779e-9,15.182175721440572,14.971625087513951
12.121654279698495,140.7172769106834,4.1742659716601996e-8,110.15385203290987,108.6427596929033,5.676249659724602e-9,14.97893927613047,14.773457942669502
12.17341152231827,140.2566374513674,4.0785709591031296e-8,109.89607698795942,108.39182608645494,5.546121683655945e-9,14.94388651425283,14.739335493168532
12.225389758880107,139.79403114596707,4.0206544516235166e-8,109.84568704598941,108.35418613271332,5.467365668082064e-9,14.937034390001457,14.734217137604503
12.277589932987647,139.32944959640994,3.9621899131928425e-8,109.65683196504033,108.18143854044786,5.387864429151407e-9,14.911353501523044,14.71072657738452
12.330012992273542,138.8628843687655,3.897732961702205e-8,109.06960508892939,107.62018640630279,5.300214588089627e-9,14.83150122621678,14.634406399008498
12.38265988841666,138.39432699309174,3.803827691142258e-8,108.28085597566518,106.8384231605352,5.172520338686e-9,14.724245557407697,14.528100682317222
12.435531577159374,137.9237689632816,3.73186671869958e-8,108.04240113860516,106.61616512602986,5.074666381100555e-9,14.691819995718264,14.497877593963551
12.48862901832488,137.45120173690856,3.6786308062633866e-8,107.9421176869634,106.52944893982493,5.002275131500596e-9,14.678183253064056,14.486085754972454
12.541953175834665,136.97661673507147,3.625863526552545e-8,107.78412738652308,106.38606164044234,4.9305211379753276e-9,14.65669941865574,14.466587665611234
12.595505017725975,136.50000534223884,3.550204638922673e-8,106.50885283650177,105.14494066081811,4.8276386819747105e-9,14.483285055992718,14.29781757319024
12.649285516169398,136.02135890609236,3.4618159954901475e-8,106.03486415553158,104.67815483592855,4.707446051554505e-9,14.418831135055806,14.234343110909155
12.703295647486513,135.54066873737003,3.413732507159885e-8,106.14871994439386,104.79839114956829,4.642061170445822e-9,14.434313471044334,14.25069308331191
12.757536392167612,135.05792610970826,3.3631169779065934e-8,105.88955699926353,104.55690291730477,4.5732331698700675e-9,14.3990719797475,14.21785503452634
12.81200873488951,134.57312225948337,3.3151903254815294e-8,105.76355478100308,104.44312085417954,4.508061557335922e-9,14.38193794819845,14.20238272390976
12.86671366453339,134.08624838565282,3.2336999432732586e-8,104.35317163112315,103.05962219285134,4.3972493193470345e-9,14.19015125015527,14.014251831941937
12.921652174202798,133.5972956495951,3.162557492060407e-8,103.94968226051141,102.67188479443539,4.300508403164276e-9,14.135283965267659,13.961526531475622
12.97682526124164,133.1062551749494,3.118881471665619e-8,103.98654547580372,102.71705718048828,4.241116884370987e-9,14.140296698396789,13.967669162124999
13.0322339272523,132.6517987601573,3.07590438059944e-8,103.98189848050575,102.7213614286866,4.182675783541151e-9,14.139664790759422,13.968254462331958
13.087879178113822,132.2233303285236,3.023754463024509e-8,103.38840521837537,102.14733303028973,4.111761291292916e-9,14.058960399853621,13.890196942202815
13.143762024000164,131.79303241519875,2.9419085175902423e-8,102.16327058974022,100.9440386886516,4.000465551377156e-9,13.892364163147095,13.726570591039684
13.199883479398558,131.36089720863112,2.8975953113448915e-8,102.53340750253682,101.31203601468428,3.940207574626471e-9,13.94269611467048,13.7766115973113
13.256244563127881,130.92691686391532,2.855931362258549e-8,102.40904768068289,101.20001271556045,3.883552110305381e-9,13.925785419442285,13.761378446911927
13.312846298357202,130.49108350264956,2.8140067424777385e-8,102.18252350185577,100.98800789184733,3.826542180803869e-9,13.894982212322363,13.732549610497774
13.369689712624334,130.05338921279264,2.7497799056236626e-8,100.69086130878297,99.53018514327943,3.739205254188927e-9,13.692143028778771,13.534311981734358
13.42677583785448,129.6138260485205,2.6869399248795224e-8,100.62396004039056,99.46215251548439,3.6537542020188706e-9,13.683045661612287,13.525060770072391
13.484105710378978,129.17238603008187,2.6483962662347057e-8,100.56347477382923,99.41184835730334,3.6013417705273125e-9,13.674820755100148,13.518220310870786
13.541680370954113,128.72906114365333,2.611946862843479e-8,100.57732077599073,99.43331263790634,3.5517771488665783e-9,13.67670356193592,13.521139066318957
13.599500864780012,128.28384334119391,2.5718968536480437e-8,100.2229219526313,99.09519812869598,3.497316352019668e-9,13.628511707028776,13.47516158474775
13.657568241519598,127.8367245402991,2.506921840164097e-8,98.88647882328036,97.78104572552266,3.408962039984259e-9,13.446779519628114,13.296460534503652
13.715883555317678,127.38769662405389,2.4556166016957432e-8,98.70603653689133,97.609929145633,3.3391961591383248e-9,13.422242619639725,13.273191762581444
13.774447864820061,126.93675144088553,2.424657335749932e-8,99.0163146368435,97.92005254745169,3.29709713526603e-9,13.46443485106989,13.315362957852592
13.83326223319278,126.48388080441559,2.3849103807076035e-8,98.41039262644146,97.33757682151554,3.2430484374672217e-9,13.382040374323207,13.236156753370421
13.892327728141389,126.02907649331131,2.344079926822914e-8,97.85562703414391,96.79827007058812,3.187526376452698e-9,13.306602248772872,13.162820751730317
13.951645421930353,125.57233025113628,2.2850163614715055e-8,97.14703566171751,96.09714380669479,3.10721056883426e-9,13.210246588545996,13.067480211767895
14.011216391402513,125.12372853846291,2.2458250328397134e-8,96.97437607677091,95.93655028209163,3.0539174228486705e-9,13.186767995735785,13.045642385774741
14.071041717998614,124.71691631760943,2.2159035713214624e-8,97.09493153581988,96.06166040945578,3.0132296260205525e-9,13.203161366164274,13.062655109034358
14.131122487776974,124.30836708311658,2.181770618708984e-8,96.72814651333621,95.71080631643545,2.9668149600727292e-9,13.153285211333705,13.014945273589262
14.191459791433171,123.89807341825444,2.1362715918820292e-8,95.75154731516056,94.7524517716875,2.904944480975877e-9,13.020485315400691,12.88462632181539
14.25205472431986,123.48602787462495,2.084128466184426e-8,95.35459370958088,94.36263273443419,2.834039224457141e-9,12.966506776805032,12.831617955971293
14.312908386466649,123.0722229720268,2.0541988628563638e-8,95.30168908001728,94.31814613571422,2.793340356234559e-9,12.95931270034711,12.82556858004362
14.374021882600065,122.65665119831957,2.02514372899156e-8,95.22937649748428,94.25456960122018,2.7538306089321485e-9,12.949479491951108,12.816923316786841
14.435396322163628,122.23930500928734,1.994531983460151e-8,94.93922746220068,93.97744278275414,2.7122041502119997e-9,12.910024450658113,12.779239062364672
14.497032819337957,121.8201768285019,1.9465253163524565e-8,93.85710366145838,92.910087149347,2.646923732125419e-9,12.762875109972944,12.634097926364593
14.558932493061036,121.39925904718496,1.9077668669319883e-8,93.90435124268308,92.95968049695583,2.5942192238770183e-9,12.769299929777677,12.640841728134781
14.621096467048506,120.97654402407017,1.876402987747201e-8,93.3769098633237,92.4512167141285,2.551569998897354e-9,12.697577404896911,12.571699814470186
14.683525869814066,120.55202408526436,1.8510783771704378e-8,93.43428386893112,92.51389369585661,2.5171330911523886e-9,12.705379235973734,12.580222754757703
14.746221834689958,120.12569152410829,1.8188491757206898e-8,92.80326341799551,91.8993956015299,2.473307183794222e-9,12.619571823503607,12.49666208510933
14.809185499847555,119.69753860103663,1.7718508318169193e-8,91.85355516093294,90.96186705634517,2.409397903599195e-9,12.490428611078046,12.369175094061887
14.872418008318007,119.26755754343756,1.7408236030914822e-8,91.79761608239087,90.91357597716802,2.3672064625912054e-9,12.482821904229574,12.362608377335926
14.93592050801299,118.83574054551168,1.717347762548734e-8,91.89798286222486,91.01774930218644,2.335283549006587e-9,12.496469978016634,12.376774072686985
14.999694151745562,118.40207976813019,1.6933603441622177e-8,91.85097492314083,90.97792052762198,2.302664981723491e-9,12.490077745225488,12.371358076926203
15.06374009725108,118.01755941649353,1.6551722445715625e-8,90.43930932229233,89.59429902180102,2.2507360464858605e-9,12.298116656956017,12.183210480320609
15.12805950720822,117.63164295675068,1.617906883126606e-8,90.4639018120397,89.61382052705338,2.200061868880135e-9,12.30146079248806,12.185865053323342
15.192653549260081,117.24407870443952,1.5939997505477818e-8,90.46823398645222,89.6245613383251,2.1675524758307094e-9,12.302049890157013,12.187325610143157
15.257523396035383,116.8548596237877,1.5694270813980204e-8,90.14326508341377,89.3125960213319,2.13413807295202e-9,12.257859974185763,12.144903947593365
15.322670225169768,116.4639786489814,1.547055700414094e-8,90.03503000182769,89.21235592601745,2.1037170253810918e-9,12.24314195312064,12.131273100618534
15.388095219327136,116.07142868403719,1.5106685114469144e-8,88.87000876359764,88.06449601912631,2.0542370041281234e-9,12.084720054468955,11.975184833839716
15.453799566221173,115.67720260267296,1.4778871461994412e-8,88.80435329808573,88.00120401251355,2.0096602534863164e-9,12.075792094049058,11.966578261248559
15.519784458636877,115.28129324817874,1.4567002815245428e-8,88.75618871921355,87.9596252324922,1.9808499346858373e-9,12.069242579085468,11.960924296274829
15.586051094452221,114.88369343328668,1.4354010215958e-8,88.59931428107163,87.81139007536493,1.951886778589958e-9,12.047910481845665,11.940766985602355
15.652600676659892,114.48439594004066,1.4121989679077407e-8,88.16301934697312,87.38796933746455,1.9203361658005725e-9,11.988582231369298,11.883189393859407
15.719434413389141,114.08339351966515,1.3769766838318424e-8,87.10216337405889,86.34062240599954,1.8724402053232326e-9,11.844324932094326,11.74076908083423
15.786553517927713,113.68067889243373,1.3513535804529266e-8,87.26407448293206,86.50270679067948,1.8375974011456604e-9,11.866341925809785,11.762809636937567
15.853959208743849,113.27624474753691,1.3302030412284197e-8,86.91758397838193,86.16894817610452,1.8088364784130945e-9,11.819225459779512,11.717424478558264
15.921652709508447,112.87008374294933,1.312183880055099e-8,86.97586978113814,86.23103259579665,1.7843336656615857e-9,11.827151278841065,11.725866841084855
15.98963524911725,112.46218850529651,1.2881826217107103e-8,86.27927644563337,85.54885258202873,1.7516962785292762e-9,11.732427135471427,11.633102649792054
16.05790806171316,112.08729646674894,1.2556693490506648e-8,85.52111730074954,84.7991792277167,1.707484085505142e-9,11.62933115123417,11.531160580187281
16.12647238670864,111.71704911177333,1.2341855920697208e-8,85.50420774207254,84.78762445830883,1.678270046658406e-9,11.62703175590723,11.529589339725726
16.195329468808225,111.34522086843559,1.2165242990781818e-8,85.42831755748342,84.71830302057305,1.654253870158362e-9,11.616712058087902,11.52016287313182
16.26448055803111,110.97180498663201,1.2002326604822147e-8,85.50447635412378,84.79783176360036,1.6321001768708365e-9,11.627068282306718,11.53097734934421
16.333926909733822,110.59679468743737,1.1742682649161692e-8,84.37885839008682,83.69133778842944,1.5967932768080922e-9,11.474004519031388,11.380514104004975
16.403669784633056,110.2201831629815,1.1468779837598918e-8,84.19691182667799,83.50935086618173,1.5595474292390536e-9,11.449263064470294,11.355767161368927
16.473710448828523,109.84196357632598,1.1286886903151514e-8,84.04592731830587,83.36626474523787,1.5348132672505028e-9,11.428731891562544,11.336310026849157
16.544050173825955,109.46212906133985,1.1134926728699187e-8,84.12806916340989,83.45163647859441,1.5141494213340518e-9,11.439901702578094,11.347919044475372
16.614690236560175,109.08067272257506,1.0959029955963561e-8,83.73853713894889,83.0738233753084,1.490230629307722e-9,11.38693236530275,11.29654326934445
16.685631919418288,108.69758763514125,1.0718498448337256e-8,82.88256078684148,82.2281635251559,1.4575226778358648e-9,11.270535003218765,11.181548765657812
16.75687651026296,108.31286684458003,1.0467020557057304e-8,82.56302663145361,81.91468683145439,1.4233262154039715e-9,11.227084115012198,11.138921583105594
16.828425302455774,107.92650336673883,1.0320737371113482e-8,82.59156458579406,81.94726486356647,1.4034343376445195e-9,11.230964762644955,11.143351608526737
16.900279594880754,107.53849018764393,1.0168990655594177e-8,82.43272534035218,81.79570897940738,1.3827995182971504e-9,11.209365487011548,11.12274273880622
16.972440691967908,107.1488202633733,1.0007509282347721e-8,82.07059339025528,81.44347583937589,1.3608409608845404e-9,11.160122066192933,11.074845377813377
17.04490990371693,106.78443246215873,9.754734784127245e-9,80.88695223806292,80.27455032650954,1.3264681832692132e-9,10.99916819471033,10.915892568152998
17.11768854572097,106.43509498053935,9.567984243277688e-9,81.09470934259363,80.48074324253808,1.3010734743276293e-9,11.027419417845229,10.943931089832994
17.190777939190507,106.08426589188556,9.428600416816219e-9,80.98903966305856,80.38144470638963,1.2821197851546235e-9,11.013050245239162,10.930428277941022
17.264179410977377,105.7319388273086,9.291686867818997e-9,80.85776910665972,80.25672043887899,1.2635020092106992e-9,10.995199814620952,10.913468024669593
17.337894293598787,105.37810739072583,9.127200213193753e-9,80.26385772218411,79.67433115641262,1.2411347876755932e-9,10.914438566609352,10.834273574941893
17.41192392526158,105.02276515874442,8.904646721818028e-9,79.5044903624494,78.9221741450104,1.210871522510687e-9,10.811178286920327,10.731993772719964
17.486269649886488,104.66590568054485,8.739280658202578e-9,79.50424749356947,78.92546670673394,1.1883847171968927e-9,10.811145261128333,10.732441501793524
17.560932817132542,104.3075224777638,8.617797599525473e-9,79.51842338966061,78.94354300797225,1.1718652099311883e-9,10.813072927594964,10.734899553088043
17.635914782421565,103.94760904437649,8.498547689588169e-9,79.51807847866047,78.94703992509994,1.1556493706603e-9,10.813026025913075,10.735375070814774
17.711216906962786,103.58615884657863,8.317534282859257e-9,78.37763151091819,77.82534048411064,1.1310348085953453e-9,10.65794578530238,10.582844156075375
17.786840557777552,103.22316532266775,8.120464652354255e-9,77.95970260082461,77.40993239832747,1.1042368893757616e-9,10.601114983196968,10.52635614065944
17.862787107724117,102.85862188292424,7.996176432644222e-9,78.26858329484423,77.71738374249007,1.0873359307491063e-9,10.643117192596842,10.568163984230813
17.93905793552262,102.49252190949143,7.870111312212482e-9,77.93307961834029,77.3913474012793,1.0701933456380475e-9,10.59749473723532,10.52382891589976
18.015654425780063,102.13096398230992,7.75980144710012e-9,77.88624885432253,77.34915350542536,1.0551931913939403e-9,10.591126597061091,10.518091306255108
18.092577969015476,101.79173115664175,7.606464057208816e-9,77.21274044724336,76.68415238310216,1.034342068990559e-9,10.4995415880449,10.427663134693193
18.169829961685146,101.45104986896851,7.4200593764229855e-9,76.75520083452129,76.23140906724149,1.0089943907864117e-9,10.43732444403308,10.366098200641453
18.24741180620797,101.10891393462285,7.302584833204507e-9,76.71459621622745,76.195245679262,9.930199694031718e-10,10.431802947503188,10.361180631418346
18.32532491099093,100.76531714253001,7.191384165661509e-9,76.47790592051189,75.96598762271289,9.778986820777489e-10,10.399617331645528,10.330005666183476
18.403570690454618,100.42025325509513,7.092504299134084e-9,76.48855928806218,75.97986700085649,9.64452801711226e-10,10.401065997694669,10.331893011551493
18.48215056505897,100.07371600808995,6.933436036734888e-9,75.51280745954901,75.0157540991328,9.428223838977364e-10,10.268381328769015,10.200791026975061
18.56106596132902,99.72569911053901,6.774814133965617e-9,75.38441557423076,74.88839547052905,9.212526629520238e-10,10.250922345553837,10.183472548057257
18.6403183118808,99.37619624460567,6.669349929672091e-9,75.20165179529371,74.71209602822236,9.069114312768375e-10,10.22606976440437,10.159499000224008
18.71990905544735,99.02520106547719,6.580776890213462e-9,75.31249270537084,74.82460277917788,8.948670936974605e-10,10.24114213119605,10.174797891362322
18.799839636904835,98.67270720124966,6.470057850213279e-9,74.79022314711654,74.3133472120066,8.798112990405591e-10,10.170122880806826,10.105276345325475
18.880111507298786,98.31870825281234,6.3295248921638296e-9,74.13935658446546,73.66764217045048,8.607013486750576e-10,10.081616754703296,10.017472093097682
18.96072612387041,97.9631977937315,6.184431656060232e-9,73.8940739124258,73.4266601286343,8.409712826549993e-10,10.048262730471158,9.984702877093106
19.041684950083084,97.62367704916849,6.093934466443422e-9,73.80984640266158,73.34691379994572,8.286652953207963e-10,10.036809306638453,9.973858813150942
19.122989455648913,97.29927207196083,6.004183653413133e-9,73.66145260769693,73.20395560784137,8.164608017551751e-10,10.016630424078214,9.9544190746485
19.204641116555383,96.97348194494401,5.914990164451548e-9,73.52002491407306,73.06692028337146,8.043320942218005e-10,9.997398805794704,9.935784739434274
19.28664141509219,96.64630075378216,5.775467483785325e-9,72.6935050606215,72.24779196351783,7.853595233786318e-10,9.885006996821303,9.824398045859722
19.368991839878134,96.31772255888623,5.6492088018980075e-9,72.49439851529468,72.0527350725458,7.681906173969383e-10,9.857932093884276,9.797873822953854
19.45169388588815,95.98774139530627,5.569069738506761e-9,72.48017183559186,72.04176261055326,7.572931486109642e-10,9.855997521761408,9.796381765809572
19.534749054480415,95.65635127262314,5.490415508363293e-9,72.42397902294942,71.9896408325366,7.465975903950081e-10,9.848356311646716,9.789294143057694
19.618158853423658,95.3235461748396,5.393540202467339e-9,71.86932785402794,71.44415725383912,7.334242941589534e-10,9.772933745614004,9.715118204126437
19.701924796924494,94.98932006027127,5.268111345001942e-9,71.25383443083004,70.83280696325883,7.163682293480079e-10,9.689237729171616,9.631985579074785
19.78604840565493,94.65366686143682,5.161243123904878e-9,71.14292194321507,70.72549407016565,7.01836076683181e-10,9.674155629124376,9.617392959029974
19.870531206779958,94.31658048494796,5.0862263951121494e-9,71.0591725085146,70.64589701534555,6.916351531154375e-10,9.662767214887044,9.606569193644512
19.95537473398528,93.97805481139872,5.015845019225809e-9,71.06832673424033,70.65764635019026,6.820645540295605e-10,9.664012024657515,9.608166891500066
20.040580527505174,93.65228687988116,4.916004938588019e-9,70.18911560977752,69.79111530389547,6.684881018438428e-10,9.54445515214531,9.49033428116653
20.1261501341504,93.34081351169255,4.8063886332128864e-9,69.82215685540913,69.42519645648584,6.535822592283949e-10,9.494555372908481,9.440575910540483
20.21208510733635,93.02801020929569,4.72279939415029e-9,70.0742888118746,69.67629412264247,6.42215628711629e-10,9.528840776421559,9.474720669205979
20.2983870071112,92.71387129411524,4.646164034780362e-9,69.72225265913715,69.33153422266057,6.317946005476423e-10,9.480970202151662,9.427839534217336
20.385057400184255,92.39839106332931,4.58668146459813e-9,69.88414668314431,69.49413757035416,6.237060426778582e-10,9.502984872633153,9.449950659940566
20.47209785995437,92.0815637897661,4.4942207511518974e-9,69.04810202364597,68.66890338137796,6.11133051478921e-10,9.389297861642222,9.337733678172482
20.55950996653854,91.76338372179971,4.390280897559994e-9,68.624340350443,68.24737310290044,5.969991040355046e-10,9.331673908840624,9.280413154851349
20.64729530680056,91.44384508324595,4.3042335815434086e-9,68.393342618594,68.02176306299287,5.852982193392401e-10,9.300262379108043,9.249734254154792
20.735455474379833,91.1229420732574,4.245329612826127e-9,68.44103056874837,68.07154518637502,5.772883408442454e-10,9.306747081153253,9.256503726029049
20.823992069720326,90.800668866218,4.188221000777992e-9,68.50796198402014,68.14006731552075,5.695225985099914e-10,9.315848547752186,9.265821501055552
20.9129067000996,90.47701961163744,4.09923950722978e-9,67.56118474475242,67.20465550782355,5.574227185333941e-10,9.187103900939682,9.13862234816995
21.00220097965801,90.15264872794225,4.0051777992961054e-9,67.22343953046911,66.8684376613285,5.446320209286778e-10,9.141176636825104,9.09290277855657
21.091876529427974,89.85313239171056,3.935839418654218e-9,67.2678081921207,66.9146625282601,5.352032504047949e-10,9.147209975436304,9.0991885276433
21.18193497736344,89.55233717560611,3.883993846941826e-9,67.39959216975817,67.04725463200725,5.281531867339924e-10,9.16513022209285,9.117218664891062
21.27237795836942,89.25025761904612,3.823588406715554e-9,67.1218746176347,66.77546869881245,5.199391351652196e-10,9.127365638536299,9.080260674641067
21.363207114331644,88.94688823813232,3.747020947318249e-9,66.42060233387411,66.08180758737431,5.095273401741814e-10,9.032005242502715,8.98593526091572
21.454424094146418,88.64222352555096,3.661403602002672e-9,66.16293680644232,65.82479573279889,4.978849237466346e-10,8.996967373034472,8.950986279178968
21.546030553750537,88.33625795047321,3.5986537004630045e-9,66.15302857638187,65.8174383622322,4.893520676785143e-10,8.99562003225909,8.949985809336866
21.638028156151325,88.02898595845458,3.540102974796647e-9,65.79771903672201,65.46869297770006,4.813902238741985e-10,8.94730433634312,8.90256272025436
21.73041857145686,87.7204019713341,3.4974094760363358e-9,66.07915864474205,65.74893478750745,4.755846772354373e-10,8.985575052442732,8.940670557377333
21.82320347690626,87.4105003871331,3.4227970123641016e-9,65.21777002219604,64.89663650615931,4.6543872644058917e-10,8.868441719089926,8.824773346650193
21.91638455690017,87.09927557995344,3.340760964827745e-9,64.80660159366643,64.48822283394234,4.542833019881268e-10,8.812530220676171,8.769236445463553
22.009963503031273,86.78931241066368,3.283189953134195e-9,64.73287034566056,64.41767033352708,4.4645468163297624e-10,8.80250409933542,8.75964257652483
22.103942014115084,86.49985859652554,3.2385495923313616e-9,64.79650953711104,64.48269788594408,4.4038439683231013e-10,8.811157882809411,8.76848515207669
22.198321796220736,86.20916886764014,3.189486470778246e-9,64.58942450256437,64.28021877298167,4.3371269625281555e-10,8.782998049083911,8.740951640703502
22.293104562701963,85.91723794687796,3.1260035484142903e-9,64.00932167294005,63.705232432389344,4.2508016255915137e-10,8.704114515748572,8.662763857694664
22.388292034228204,85.62406053457714,3.0532338057419174e-9,63.69677326460685,63.39460967647487,4.1518478862067617e-10,8.661613563281875,8.620524759263162
22.48388593881585,85.32963130844719,3.0014270961794177e-9,63.647156705647596,63.347689790235634,4.081400095020942e-10,8.654866605186218,8.614144500072493
22.579888011859605,85.03394492347242,2.956846468249084e-9,63.511244959068534,63.215438217235715,4.020778472959034e-10,8.636385056322068,8.596160668871141
22.676299996163966,84.73699601181498,2.9189973017013376e-9,63.67617946740424,63.3804022247695,3.969310425595473e-10,8.658813177892986,8.61859280180152
22.77312364197491,84.43877918271728,2.854220466064956e-9,62.763186099995664,62.476118786173416,3.881225599727799e-10,8.534662528982068,8.495626546285607
22.870360707011642,84.13928902240414,2.7875316431283694e-9,62.45014137717929,62.165009256075535,3.7905408156073764e-10,8.49209408668757,8.453321255335187
22.9680129564985,83.83852009398461,2.7384399873724286e-9,62.291866101698716,62.010494824110545,3.7237850084374873e-10,8.470571500808068,8.432310076416107
23.06608216319701,83.55232665652049,2.7018482919004857e-9,62.383409978926494,62.103016020262025,3.6740268951832056e-10,8.483019818799587,8.444891292173264
23.16457010743806,83.27262089487591,2.6606941736723465e-9,62.176412899712375,61.90014659673666,3.6180647089749723e-10,8.454871945414657,8.41730470559559
23.263478577154242,82.99172084088195,2.605703707991723e-9,61.53328083399654,61.262312617711814,3.5432875830738184e-10,8.367417571544811,8.33057077606209
23.362809367912256,82.70962139512919,2.544649792358416e-9,61.20778473882946,60.93887290707278,3.460265257665891e-10,8.32315596694229,8.28658880270628
23.462564282945575,82.42631743643457,2.505114374919582e-9,61.35233353719728,61.08387982734986,3.4065042128959046e-10,8.342811999239212,8.306307131329053
23.562745133187136,82.14180382174854,2.4675783897814638e-9,61.20251594819346,60.93753383539597,3.355462035824727e-10,8.322439506341604,8.286406713083784
23.663353737302234,81.85607538606166,2.435436125936819e-9,61.329771180272246,61.06513695071027,3.3117543479462803e-10,8.339743925194869,8.303758437789398
23.76439192172153,81.56912694231086,2.3798384737823007e-9,60.375716304266575,60.11951424528276,3.2361515578351234e-10,8.210009650904437,8.175170786778363
23.8658615206742,81.28095328128528,2.324894281008219e-9,60.077268790603384,59.82287546971824,3.161437354750052e-10,8.169426166062369,8.134833257730364
23.96776437622127,80.99154917153159,2.2845346183151254e-9,59.992073398985994,59.74028568447764,3.106555484935427e-10,8.157841127735596,8.123602534926608
24.07010233828898,80.71563085029999,2.2531119883562145e-9,60.024588588942095,59.77424197607513,3.0638263694878607e-10,8.162262607755729,8.128219978806186
24.172877264702457,80.44533279383255,2.219688041140016e-9,59.88338223319306,59.636141481860555,3.018375823140153e-10,8.143061087435436,8.109440799697445
24.27609102121939,80.17388061419301,2.17370465025595e-9,59.238003207576504,58.99587343270429,2.9558466961916723e-10,8.05530116750172,8.022375880479796
24.37974548156391,79.90126938348693,2.1230868419566696e-9,58.903664567306464,58.66349040212222,2.887015596523981e-10,8.00983713607799,7.977177776740151
24.483842527460606,79.62749415277861,2.0890708204145672e-9,59.04268113839034,58.80284041694932,2.8407599357648396e-10,8.028740885136346,7.9961268681400535
24.588384048668686,79.35254995200137,2.0564269139889108e-9,58.80954210366086,58.573669047049606,2.796370104355266e-10,7.997038176791063,7.964963690727702
24.693371943016302,79.07643178986713,2.030563716880928e-9,58.99874960419534,58.76251812720329,2.761200815962943e-10,8.022766987983683,7.990643763206058
24.798808116434937,78.79913465377612,1.9864317646970344e-9,58.1963276262439,57.96678065654349,2.7011893120799795e-10,7.913652055915977,7.882437803697771
24.904694482994095,78.52065350972553,1.9397721313145802e-9,57.810870417921,57.58367189264092,2.637740617169748e-10,7.8612368202209915,7.830341914132916
25.011032964936,78.24285890625745,1.9056552054293322e-9,57.775322463932206,57.54999844495031,2.5913477446834826e-10,7.856402938932576,7.82576293192878
25.11782549271048,77.98014928793222,1.8799561442178543e-9,57.847179360422416,57.62275633147968,2.556401651538662e-10,7.866174182236682,7.835656693645413
25.22507400501005,77.71631794767528,1.8519868074394316e-9,57.70542166074554,57.48385421656447,2.51836839264977e-10,7.846897689075558,7.816768508563884
25.332780448805075,77.45136009593952,1.8135113969169123e-9,57.0199217012556,56.80384294185456,2.4660487663085297e-10,7.753682044978772,7.724299226709622
25.440946779379143,77.18527092272731,1.7727832864044485e-9,56.76098827051558,56.54579806006926,2.410665873841414e-10,7.718471763503948,7.689209771883989
25.54957496036451,76.91804559750331,1.7427346400065329e-9,56.873428930213564,56.65871882148254,2.3698051284913717e-10,7.733761667421978,7.704564960985488
25.658666963777808,76.6496792691066,1.7159954762660693e-9,56.69560889038557,56.483965036898695,2.3334446832984743e-10,7.709581345721863,7.680801594755016
25.76822477005582,76.38016706566269,1.6938087503606578e-9,56.822810997823,56.611458954209525,2.3032747333657186e-10,7.72687854058103,7.698138470499536
25.878250368091425,76.1095040944951,1.6576284744906711e-9,56.042739951387446,55.83771238886348,2.2540760766461816e-10,7.620802932511194,7.592922877912087
25.988745755269708,75.83768544203652,1.619263987798098e-9,55.6563367146632,55.453241916569525,2.2019072867289408e-10,7.568259053997862,7.5406418205393875
26.09971293750424,75.58265450249034,1.5900050505726692e-9,55.68521269392876,55.48315674919249,2.162120403574562e-10,7.572185666930368,7.54470969881187
26.211153929273433,75.32856904125657,1.5686904374528212e-9,55.77007913095291,55.56868442485204,2.1331363699049059e-10,7.583725973359109,7.556339921781742
26.32307075365719,75.0733986816616,1.5433621632024523e-9,55.47032163747186,55.27286172775911,2.0986944802239076e-10,7.5429643548632255,7.516113364702901
26.43546544237359,74.81713879138822,1.5141839927997628e-9,54.98345900904283,54.789907599551896,2.0590174253970006e-10,7.476759809016959,7.450440304468827
26.54834003581577,74.55978471834004,1.4798694648952131e-9,54.623805564828054,54.431683811332405,2.0123558497656944e-10,7.427853420344006,7.401728323253663
26.661696583088965,74.30133179055716,1.4519956989943426e-9,54.64729340246079,54.45603850910159,1.974452550051629e-10,7.43104734309056,7.405040123360881
26.775537142047728,74.04177531613118,1.430096324495474e-9,54.50711622863654,54.318441333938125,1.944673346260754e-10,7.411985772969655,7.386329386574983
26.889863779333275,73.78111058312014,1.4117837594735046e-9,54.64728817432085,54.45875278923377,1.9197715571365463e-10,7.431046632157719,7.405409216556698
27.004678570410974,73.51998785932052,1.384380203939679e-9,54.07238227955677,53.88855163099731,1.882507658805637e-10,7.3528697883321605,7.327872132135434
27.119983599608073,73.27323509683872,1.3515608314278291e-9,53.53009273685946,53.349085909640024,1.8378792251319027e-10,7.2791281807511865,7.254514513380981
27.235780960151516,73.02542874527576,1.3249388026079137e-9,53.52447662197061,53.34437650423857,1.8016780623271946e-10,7.278364490309723,7.25387411909396
27.35207275420594,72.77656430599929,1.307553678314835e-9,53.64886157710204,53.46901688839034,1.778037425500785e-10,7.2952786032108445,7.270822965739879
27.46886109291183,72.52663726116869,1.2871129343756656e-9,53.42554677682516,53.24874291665964,1.7502416964751425e-10,7.264911813751596,7.24086967417745
27.58614809642387,72.27564307365292,1.2642194817478618e-9,53.03444780253721,52.860953398193445,1.719110725528217e-10,7.211729399530929,7.188137286323328
27.703935893949417,72.02357718694824,1.2365264061541559e-9,52.66094639435762,52.48882475828177,1.681453132077606e-10,7.160939937252301,7.137534495796488
27.82222662378712,71.77043502509557,1.2110635823765736e-9,52.64341374194451,52.47206296365118,1.6468282792808768e-10,7.158555812403292,7.135255193717652
27.941022433365802,71.51621199259718,1.1912404593036211e-9,52.36392073427662,52.1958896302902,1.6198724033588704e-10,7.12054979888041,7.097700596091189
28.060325479283414,71.26934904143317,1.1750943102583495e-9,52.40924232846026,52.242035173350004,1.597916549647988e-10,7.12671271914734,7.103975558560503
28.180137927346173,71.02972414530765,1.1557801168124434e-9,52.157877571589054,51.99308061395769,1.5716527263268364e-10,7.092531640956738,7.07012222380341
28.3004619526079,70.7890760947842,1.1296005650520487e-9,51.60362689268645,51.44163323720785,1.536053252603656e-10,7.0171635343511145,6.9951353157845295
28.421299739409495,70.547400521181,1.1050614822125281e-9,51.50809375584891,51.34708099940825,1.5026845210557753e-10,7.004172748925653,6.982277914955738
28.542653481418604,70.30469303716279,1.0905899279433378e-9,51.701655754278406,51.54029468581142,1.4830058145349478e-10,7.030493693378649,7.008551495248562
28.66452538166939,70.06094923666123,1.0733119533718143e-9,51.46449559019935,51.306031839513324,1.459510882025093e-10,6.998244183888994,6.9766959687772365
28.786917652602614,69.81616469479476,1.0548540077563274e-9,51.103203492030374,50.94801925047716,1.4344114014863736e-10,6.949114967801282,6.928012706845909
28.90983251610574,69.57033496778851,1.0327927730058147e-9,50.69710394076725,50.54364471617221,1.4044120969150128e-10,6.893892745371721,6.873025055643682
29.033272203553285,69.32778097935535,1.0096254675973284e-9,50.52223944690213,50.36997368695491,1.3729087355253804e-10,6.870114324673602,6.849408924635464
29.157238955847316,69.09596315256552,9.941276242119415e-10,50.53012072049713,50.378909643972655,1.3518344607091593e-10,6.871186035888593,6.850624053794115
29.28173502345815,68.86315550613327,9.782986516432048e-10,50.29610342442091,50.14758335993342,1.3303099098618765e-10,6.839363899823458,6.8191678468830625
29.40676266646522,68.62935381371004,9.650098974197744e-10,50.35209275781585,50.2039864500616,1.3122395983026662e-10,6.8469774404265,6.826837650947326
29.53232415459803,68.39455383090169,9.438411721885224e-10,49.749269950647744,49.60438728494587,1.2834539458774304e-10,6.765004399482457,6.7453029672432665
29.658421767277456,68.15875129519117,9.230884471631e-10,49.598251123082086,49.4540008817458,1.2552339787829377e-10,6.744468559782701,6.7248531258630795
29.78505779365708,67.92194192586126,9.078223387926761e-10,49.6010721901573,49.45782905996174,1.2344748218362438e-10,6.744852174078831,6.725373689129607
29.912234532664744,67.68412142391693,8.947985248314443e-10,49.55947157571767,49.417510998409966,1.216764781300337e-10,6.739195240017598,6.719891159153852
30.039954293044286,67.44968044424206,8.807422989637929e-10,49.34381236568099,49.20427439883228,1.1976508465774533e-10,6.709869472903139,6.690894823414559
30.16821939339746,67.22393386762047,8.632320699868191e-10,48.912978484978595,48.77560029322548,1.173840089920585e-10,6.65128382729891,6.632602868311477
30.297032162226046,66.99722339448216,8.434457627324565e-10,48.614608640608026,48.47849677196968,1.1469342768788937e-10,6.610710904081301,6.59220214222261
30.42639493797405,66.76954490916569,8.296606013015236e-10,48.77927713545899,48.643000001518004,1.1281889409532914e-10,6.633102852610956,6.6145716176486316
30.556310069070246,66.54089427843637,8.156073222222076e-10,48.443067688489286,48.30993408151757,1.1090790133316319e-10,6.587384425181692,6.5692806532514485
30.68677991397076,66.31126735141147,8.048751784320771e-10,48.52899922790144,48.39620111396863,1.0944852313468643e-10,6.599069566345657,6.581011415424253
30.817806841201893,66.08065995948468,7.888263849712187e-10,48.01630079151964,47.88652575357753,1.0726617636905958e-10,6.529351816091805,6.511704749039519
30.949393229403118,65.84906791625052,7.715232360242714e-10,47.74596334959441,47.61704565795378,1.0491325985657364e-10,6.492590794557556,6.475060311155786
31.08154146737026,65.62382574949167,7.560857051026198e-10,47.65502420554167,47.5273754492589,1.0281403378339266e-10,6.480224709382592,6.4628667783275615
31.214253954098886,65.40219589665486,7.458397239056317e-10,47.71647248650926,47.58930971091801,1.0142076493857545e-10,6.488580568503716,6.471288722067002
31.34753309882778,65.17961972495762,7.343638594720306e-10,47.546147961500594,47.42095428842223,9.98602541319206e-11,6.4654195017751706,6.448395417803633
31.481381321082786,64.95609319379176,7.208906634394231e-10,47.15932658663286,47.03658194203084,9.802814221296986e-11,6.412818764007761,6.396127703785786
31.615801050720666,64.73161224529649,7.052205306431297e-10,46.81718937533304,46.695613371091866,9.589728647553768e-11,6.36629426742789,6.349762121240039
31.750794727973222,64.50617280428472,6.910177962603517e-10,46.85850097249215,46.73705982828197,9.396597048478066e-11,6.371911900346088,6.355398092692729
31.8863648034916,64.27977077816904,6.808010142433053e-10,46.796391096629286,46.67623140045951,9.257667220236494e-11,6.363466076238912,6.347126522431681
32.02251373839077,64.05465343072649,6.710419428684698e-10,46.757866471064986,46.6387209842038,9.12496143208901e-11,6.358227421245795,6.342025781631907
32.159244004294244,63.83998691325804,6.592915420199764e-10,46.4142692352051,46.297562238027815,8.965177150802878e-11,6.311504387630467,6.295634338680243
32.296558083378855,63.6244038090952,6.447929039011451e-10,45.949504784883594,45.83465515568636,8.768021794035434e-11,6.248304795872294,6.23268731550386
32.43445846841992,63.40790020458073,6.299338823496339e-10,45.69664148367485,45.58332384193248,8.565965871872763e-11,6.2139199426504925,6.1985107849746806
32.572947662836434,63.190472169346805,6.21963956469569e-10,46.00131520950536,45.887022877494516,8.457589239018303e-11,6.255350080172004,6.239808382180305
32.71202818073655,62.97211575624362,6.118111334119034e-10,45.74171062067693,45.629742404864146,8.319529137391864e-11,6.220048533289158,6.204822873227672
32.85170254696319,62.7528270012678,6.021200119877022e-10,45.55099894848317,45.44072763621523,8.187747346150151e-11,6.194115181850969,6.179120270099111
32.991973297139886,62.53260192349038,5.896205886651707e-10,45.12863158262978,45.020052248604095,8.017777708702601e-11,6.1366808297282045,6.121915996533561
33.13284297771684,62.322063963201906,5.769652958404741e-10,45.014386310793896,44.90616610300447,7.845688526849799e-11,6.121145531072435,6.106429532575681
33.27431414601708,62.11127192243455,5.670640266603843e-10,44.99739245908865,44.890013222068156,7.711049104743274e-11,6.118834673412329,6.104233031788696
33.41638937028299,61.89957983827834,5.581145191993447e-10,44.80878369286791,44.70320113850207,7.589351927262691e-11,6.093187279299209,6.078829954146456
33.55907122972286,61.68698386771293,5.511342859182653e-10,44.96494493403921,44.85914415329143,7.49443333066266e-11,6.114422394600407,6.100035394591414
33.70236231455772,61.473480151309,5.387531652756996e-10,44.2578051500539,44.15556226709491,7.326072396521174e-11,6.018264124248796,6.004360934237777
33.84626522606836,61.25906481315814,5.27357794149103e-10,44.10650485439882,44.004498850248915,7.171115879809198e-11,5.997690009959984,5.983819031199244
33.990782576642594,61.04373396080253,5.166449791339854e-10,43.94768902393764,43.84712407405476,7.025440896477771e-11,5.976093918342094,5.962418896998739
34.13591698982265,60.83835704435006,5.102144261954442e-10,44.11596072436542,44.01520516212308,6.937996962197949e-11,5.998975837912604,5.985274896722553
34.28167110035274,60.63284374850264,5.021281760606391e-10,43.91283965197657,43.81386637354052,6.828038529056038e-11,5.971355031623359,5.957896448920231
34.42804755422702,60.4264529485399,4.933298251268733e-10,43.66121970253835,43.56352126835668,6.708396808013372e-11,5.93713925184135,5.9238540249884295
34.57504900873754,60.219180897680076,4.820649627285606e-10,43.24239858955448,43.146192358910426,6.555214974873411e-11,5.880187126217341,5.8671048121610685
34.722678132522475,60.01102383314331,4.722756568562286e-10,43.22798582234678,43.132232347607584,6.42209805203233e-11,5.878227249546477,5.865206502136132
34.87093760561462,59.801977976083386,4.6511502616434295e-10,43.14850331606288,43.05384105526649,6.324726375660535e-11,5.867419060698159,5.854546698724048
35.019830119490024,59.59362594107827,4.588736709644575e-10,43.20131136342754,43.10703941277676,6.23985518975601e-11,5.874600003717111,5.861780716890731
35.16935837711684,59.3947533584346,4.510169941301581e-10,42.93025522319982,42.83763233570459,6.133018539887432e-11,5.837741252162237,5.825146208214465
35.319525093004366,59.1950316263042,4.412896103143873e-10,42.53781353496532,42.44648251300185,6.000743645452952e-11,5.784376253036011,5.771956879525504
35.47033299325239,58.994457118974324,4.3160781898759e-10,42.371637703505584,42.28119926328285,5.869088726726245e-11,5.761779333884674,5.749481335409601
35.621784815600655,58.79302619525113,4.2502163855276807e-10,42.44997504780903,42.35973784733263,5.779528538885186e-11,5.7724318013356015,5.7601611678403675
35.77388330947853,58.59073519839356,4.1856213678230916e-10,42.324480730350416,42.235516229916584,5.6916909526473e-11,5.755366835144946,5.743269265925745
35.92663123605495,58.38758045604691,4.116566163363331e-10,42.07958629094363,41.9923242046674,5.597788315997381e-11,5.722065603556237,5.7101995319907175
36.080031368288545,58.18836016227355,4.0365223498336175e-10,41.780361592812554,41.694098268071244,5.488943150788516e-11,5.681376435628775,5.669646177637697
36.23408649097798,57.99271015645797,3.9502804266307643e-10,41.64811672701955,41.56214906910172,5.37166967311419e-11,5.663393516486723,5.65170346385672
36.38879940081243,57.796224760968215,3.8743174354546317e-10,41.514018295501295,41.42926013956464,5.268373691079846e-11,5.64515854580103,5.633632963649326
36.54417290642251,57.59890040884341,3.8162337006158276e-10,41.42045799857479,41.33673590325132,5.189390276426188e-11,5.632436031059556,5.621051334484933
36.70020982843113,57.40073351789247,3.7675445292145545e-10,41.538643094390494,41.45489763013055,5.1231817754645606e-11,5.64850707479426,5.637119200465306
36.856912999504736,57.201720490628986,3.687728413882844e-10,40.97577563751133,40.89452310271406,5.0146462387814566e-11,5.5719672416290615,5.560918360792861
37.01428526440477,57.00271483007023,3.609954375945586e-10,40.76648049073016,40.68569694850608,4.908887559441436e-11,5.543506872458427,5.532521766162519
37.17232948003925,56.81148132915251,3.533361270821555e-10,40.636015670105394,40.556204428699864,4.8047347359632e-11,5.525766007388853,5.514913116486692
37.331048515514716,56.6194312962272,3.487792981412961e-10,40.765949966084314,40.68609143856163,4.742770072234097e-11,5.543434730664854,5.532575409702696
37.4904452521882,56.42656124485228,3.4342780966018607e-10,40.62996418539182,40.55128053572314,4.6699994704656624e-11,5.524943114495122,5.514243555753777
37.65052258371965,56.232867673699225,3.376088898017558e-10,40.40526395227704,40.32775995808386,4.5908726441191295e-11,5.494387931130739,5.483848784280656
37.81128341612439,56.03834706648949,3.302304616051782e-10,40.02516460022774,39.94880449647814,4.490539314081062e-11,5.442701267358491,5.432317668999692
37.97273066782592,55.842995891930634,3.2344153073116796e-10,39.98603444499962,39.90993739772725,4.39822208555485e-11,5.437380271240693,5.427032443823408
38.134867269708856,55.65355396713773,3.1807454216376125e-10,39.91737954011018,39.84212560034344,4.3252407105387016e-11,5.42804444110522,5.417811261118749
38.29769616517215,55.46467244840031,3.134634676377831e-10,39.87207477927893,39.79752356822365,4.262538404584205e-11,5.421883809870933,5.411746188328426
38.46122031018256,55.27498444018823,3.0868604143972185e-10,39.773308037519115,39.699533488039776,4.1975740155989025e-11,5.408453312434678,5.398421302873681
38.625442673328216,55.08448649893927,3.0208045688044097e-10,39.30191484750786,39.229842397999576,4.10774996662488e-11,5.344352331506199,5.334551776875173
38.79036623587263,54.89317516638775,2.9538359027196865e-10,39.08174490851653,39.01037153426226,4.016684646241273e-11,5.314413186522008,5.304707693530552
38.955993991808754,54.701046969501846,2.9050455496854677e-10,39.23302132504938,39.161414535838944,3.9503385564883536e-11,5.334984053680418,5.325246820460273
39.12232894791333,54.51666144677447,2.8592584371866426e-10,39.069758887035746,38.999364323730205,3.888076332781065e-11,5.312783303548243,5.303210911210948
39.2893741238015,54.334582205056364,2.8167661027972384e-10,38.98205457902786,38.91251280782487,3.830294413694862e-11,5.300857097794561,5.291400669818778
39.45713255198159,54.15172551834007,2.7619774459166867e-10,38.607138580220465,38.53904093082998,3.7557917114026773e-11,5.249875276676694,5.240615223249215
39.62560727791021,53.96808806707787,2.70350755214207e-10,38.38992437572902,38.322275802660315,3.67628319016911e-11,5.220338058332134,5.21113907119358
39.79480136004747,53.783666517548255,2.6500623342732216e-10,38.39820217308734,38.330823637198336,3.6036073228905084e-11,5.221463689634918,5.212301422687645
39.96471786991257,53.598457521795304,2.610146023036262e-10,38.35194634392782,38.28521310631575,3.549328331179269e-11,5.215173730243026,5.20609921223532
40.13535989213953,53.417872113253495,2.572753659018497e-10,38.321457047431025,38.25528872475118,3.498481452956097e-11,5.211027735233601,5.202030035478818
40.30673052453321,53.23793294924013,2.5273741255764e-10,38.03633856862072,37.97150704944719,3.4367734633339797e-11,5.172256758987338,5.163440840424731
40.4788328781255,53.057225477968224,2.472894716277089e-10,37.655937936276224,37.592206640030696,3.362691282036313e-11,5.120529126522996,5.111862818456296
40.651670077231834,52.87574641890658,2.4197047923619875e-10,37.528167761626115,37.4648929190516,3.290362568539461e-11,5.103154684757556,5.0945504461663615
40.82524525950794,52.69349247751667,2.385127404736097e-10,37.74006561252202,37.676410694327544,3.243343551045574e-11,5.131968974795857,5.123313052768027
40.99956157600668,52.510460345192996,2.347127761362116e-10,37.56999075205912,37.50743029047751,3.191670882309176e-11,5.108841857947424,5.100334762300531
41.174622191235386,52.33363158685226,2.3082603549002956e-10,37.34654963244255,37.28521704847022,3.138818212114914e-11,5.0784578913338265,5.070117764919589
41.35043028321327,52.1560654139546,2.2623904020520128e-10,37.01550810033555,36.95518208672844,3.0764433404573965e-11,5.033442207217519,5.025238956237953
41.52698904352907,51.97774106603564,2.217903127943678e-10,36.96725785421608,36.906850135035484,3.015948662774202e-11,5.02688104305173,5.018666681586228
41.70430167739905,51.79865530582696,2.1729101388617717e-10,36.86979613758257,36.810115287775076,2.9547663038397064e-11,5.013628005520507,5.005512485194018
41.882371403725145,51.618804882237605,2.1421849136984005e-10,36.869152587562525,36.809865893027535,2.9129855332652855e-11,5.01354049431238,5.0054785720016035
42.06120145515343,51.441246603052704,2.1108624003681837e-10,36.811761070913676,36.75308164346711,2.8703925583951077e-11,5.005736282049414,4.997756937121762
42.240795078132734,51.268836724992575,2.0695088749407583e-10,36.40268778055852,36.34556627478061,2.814159214322287e-11,4.950109684680072,4.94234218903087
42.42115553297368,51.09569068834527,2.0261554432408247e-10,36.13519260368978,36.078699532640954,2.7552063580344137e-11,4.913735159985488,4.90605312013717
42.6022860939078,50.92180534984851,1.9858710655500314e-10,36.15984572718207,36.103312646495354,2.7004268622591032e-11,4.917087540614426,4.909400060176194
42.78419004914701,50.747177552818876,1.9530835477833685e-10,36.09227813194847,36.03641341785204,2.6558417452996742e-11,4.907899565002498,4.900302970378836
42.96687070094327,50.57180412709446,1.9249699262478966e-10,36.05524840866385,35.99991501894765,2.617612285136435e-11,4.902864189786327,4.895339845705706
43.15033136564856,50.40169514360332,1.8937645332501894e-10,35.8891213776873,35.834615633474016,2.5751785728173418e-11,4.880273906621485,4.872862107417883
43.334575373775095,50.23219065612691,1.8558226439639804e-10,35.59234404607534,35.53859923296861,2.5235844392349785e-11,4.839917536447345,4.832609210164827
43.519606070055694,50.06196241554876,1.81534817535874e-10,35.39434543179579,35.341146762916765,2.468546454063981e-11,4.812993292171572,4.805759231664348
43.70542681350466,49.891007331575715,1.7828788105346794e-10,35.4319832249501,35.378995389000366,2.4243939677860777e-11,4.818111353934655,4.810905962907317
43.89204097747863,49.71932230071966,1.7575981858455955e-10,35.42345794507405,35.3708590511557,2.3900168729235846e-11,4.816952069468259,4.809799567549768
44.079451949737845,49.5500822842307,1.7311820766349927e-10,35.334247922116525,35.28229794789253,2.3540957236877838e-11,4.804821113609323,4.7977568530779235
44.2676631325077,49.38445644339322,1.6978290259625302e-10,35.0000787140004,34.94921367075192,2.3087415838663952e-11,4.7593801219059335,4.7524633924404105
44.45667794254043,49.21812341056442,1.658330209973537e-10,34.57921520120156,34.52947830230983,2.255030310473848e-11,4.702150266704234,4.69538694454588
44.64649981117722,49.05108016616404,1.6283224641678556e-10,34.73519477663866,34.6850416129077,2.214225182560339e-11,4.723360678738584,4.716540752061782
44.83713218441038,48.88332367771886,1.6031674592370351e-10,34.72000956879178,34.670286836216974,2.1800189079366475e-11,4.721295764057563,4.714534368263081
45.02857852294604,48.71570825549586,1.5780816654897747e-10,34.583097502197944,34.53416847473207,2.1459067480530796e-11,4.702678189693792,4.696024723494239
45.2208423022669,48.55228404307313,1.5523710807757908e-10,34.424862565744455,34.3766318220864,2.1109449850209968e-11,4.681161089195199,4.674602577012795
45.413927012695325,48.38816203920897,1.5201733505410307e-10,34.10620881398911,34.05874555643294,2.0671618728451635e-11,4.637829920020757,4.631375772120702
45.6078361594567,48.2233392644618,1.4887584143757873e-10,34.002955207768196,33.95573665864828,2.0244432195708224e-11,4.623789289855936,4.617368417894391
45.802573262743124,48.057812726668345,1.4607289697013196e-10,33.94339547977134,33.89666543742025,1.9863282247727217e-11,4.615690239913486,4.609335796071261
45.998141857777256,47.891579420889336,1.4388265189119926e-10,33.86903871064196,33.822862941606964,1.9565448377810666e-11,4.605579058969714,4.599299986312344
46.19454549487645,47.73241814915008,1.4193039200563172e-10,33.90105430034049,33.85508022297165,1.929997620650244e-11,4.6099326023559275,4.6036809561313525
46.39178773951733,47.57265193099096,1.391537210182079e-10,33.57624303358997,33.531186903095325,1.892239897844519e-11,4.565764122079763,4.559637300091777
46.589872172400455,47.412203540355634,1.3616699097510076e-10,33.3097048070159,33.265265444324186,1.8516257503369674e-11,4.529519725384242,4.523476772705382
46.788802389515276,47.25107006449262,1.33581459487502e-10,33.386123283757954,33.341552358153294,1.816467180360046e-11,4.5399112614183315,4.533850418553629
46.98858200220549,47.08924857821355,1.3145006387493412e-10,33.32364571068871,33.279601126970164,1.7874840400840918e-11,4.531415437115748,4.525426167264655
47.18921463723456,46.93241258295704,1.2938559892288177e-10,33.18861432897524,33.14527968829988,1.759411036204706e-11,4.513053602012119,4.507160871624121
47.390703936851594,46.775250929255755,1.2723321146369533e-10,33.01517785559211,32.972511222260316,1.7301424446349566e-11,4.489469366371443,4.483667472946936
47.593053558857356,46.61741822409126,1.2467622862480648e-10,32.75012438997854,32.70803249171391,1.695372084845468e-11,4.453426870416172,4.4477031306060155
47.79626717667083,46.45891160219675,1.2202715340817098e-10,32.60735426430007,32.56561060754379,1.659349434637983e-11,4.434012705559329,4.428336320320172
48.0003484793958,46.29973864045315,1.1984517961348284e-10,32.6287810038371,32.58723212955442,1.629678522209994e-11,4.436926356098892,4.431276457766822
48.20530117188783,46.146024121084125,1.1815567649354809e-10,32.62303754396625,32.58180419503093,1.6067043236928372e-11,4.436145349034203,4.430538356464673
48.41112897482157,45.991653268883816,1.1634299794273013e-10,32.52061643762349,32.47993672831457,1.5820551612361906e-11,4.422217923853975,4.4166862162989196
48.61783562475824,45.836623281431315,1.1417031145333721e-10,32.270820795345365,32.230790237648456,1.552510539427629e-11,4.388250216977886,4.3828067823465435
48.825424874213546,45.68093134433984,1.1164165444431115e-10,31.96101839688639,31.92167668470922,1.5181253598906964e-11,4.346122672380261,4.340772908328934
49.03390049172564,45.52525264104028,1.0949941920713514e-10,32.002763237424986,31.963388205877482,1.488994820249414e-11,4.351799218592486,4.346444923707096
49.243266261923736,45.37241562879567,1.0775046099570951e-10,31.970715604747646,31.93171713195222,1.465212139605974e-11,4.34744131793846,4.342138228259037
49.45352598559669,45.21892603051442,1.0615467253691016e-10,31.906971112704035,31.868426158734103,1.4435122916380938e-11,4.338773215480965,4.333531796190931
49.66468347976205,45.06478105977371,1.0439618507937378e-10,31.740522642804304,31.702585018355595,1.4196000304160305e-11,4.316139222413814,4.310980388996639
49.876742577735286,44.90997791825324,1.0231438875321576e-10,31.48687065893632,31.449445461992816,1.3912913510740895e-11,4.281647122559753,4.276557970051074
50.089707129199475,44.757205009560366,1.0013416724465703e-10,31.326899481332198,31.289826358597868,1.3616442665804326e-11,4.259893924545875,4.254852647786456
50.303581000275116,44.607493299807416,9.826140539241638e-11,31.323024025522475,31.286181591536455,1.3361780794742516e-11,4.259366932378377,4.254357025132495
50.51836807359028,44.457142348486805,9.687042983463293e-11,31.316530049140965,31.27996178277499,1.31726331795652e-11,4.2584838685900115,4.253511243200881
50.73407224835123,44.306149426154136,9.535652418614722e-11,31.194037515436463,31.15803895147321,1.2966769286837388e-11,4.241827090907911,4.236931934781438
50.95069744041309,44.15451179171084,9.362360454553062e-11,30.97301091592397,30.937575402910234,1.2731123437072144e-11,4.211771455526971,4.206952864185356
51.16824758235096,44.00727411982486,9.164808239946102e-11,30.714583729407607,30.679666643307343,1.2462488017442998e-11,4.176630014145753,4.171881919524068
51.386726623531324,43.860893162234014,8.985709555070097e-11,30.727017461435082,30.692089261110496,1.2218946073545202e-11,4.178320777687635,4.173571171731685
51.60613853018375,43.71388718477689,8.831717494447863e-11,30.67262629238118,30.63808764101676,1.2009544615266875e-11,4.170924558641454,4.166227924325728
51.82648728547288,43.56625351873317,8.706199975554806e-11,30.655000975209546,30.620756204228964,1.1838863403589597e-11,4.168527833054793,4.163871161176538
52.04777688957068,43.41894502177906,8.563458665647114e-11,30.500145806139646,30.466448932302175,1.1644760939277788e-11,4.147470320028377,4.142888152290329
52.27001135972918,43.27449261617603,8.397871812412177e-11,30.275628223867695,30.24236147860567,1.1419592652036173e-11,4.116939973887868,4.112416295886616
52.493194730353345,43.129423425270325,8.214810429794751e-11,30.05331609338922,30.0205040914837,1.1170662153154328e-11,4.0867095294564795,4.082247688358773
52.71733105307427,42.98373481550173,8.064117758302346e-11,30.113368233227135,30.08057536115961,1.0965747269654092e-11,4.094875538537715,4.090416298753321
52.942424396822794,42.83742414206518,7.938481541005788e-11,30.036798883170917,30.00442429005549,1.0794904649533494e-11,4.084463486451128,4.080061125068245
53.168478847903344,42.69385832582089,7.826130580032743e-11,30.02318479779121,29.991065478544645,1.0642127584458425e-11,4.082612216119322,4.0782445673834316
53.39549851006814,42.55083593865707,7.68689018654874e-11,29.81953666169656,29.7879352135023,1.0452785735735945e-11,4.054919738661996,4.050622511058933
53.623487504591594,42.4072028721073,7.522050305913437e-11,29.507381817180125,29.47640660530648,1.0228633196650598e-11,4.012472303783689,4.008260233037566
53.85244997034529,42.262956518682465,7.377606705118541e-11,29.525109065968365,29.494060477858167,1.003221592342751e-11,4.014882890233744,4.0106608416414415
54.082390063873,42.1205659616762,7.248259610906679e-11,29.520445862189106,29.48962843132775,9.85632717927678e-12,4.014248778534946,4.010058163163813
54.31331195946618,41.98201282432029,7.135855414747598e-11,29.417915575948754,29.387553642296375,9.703477723939882e-12,4.000306506855698,3.9961778308984646
54.54521984923975,41.84286809045615,7.023207555888873e-11,29.300413908989867,29.270498789780405,9.550296931231258e-12,3.9843283971324412,3.980260479889357
54.77811794320818,41.70312923407509,6.894845352197044e-11,29.126381306417066,29.096784496031766,9.375747460743768e-12,3.960663098662206,3.9566384656843585
55.01201046936197,41.56291382307644,6.749995165097676e-11,28.919388329344915,28.89016469752192,9.178777303399715e-12,3.9325157830946766,3.928541895677886
55.246901673744276,41.424328012490875,6.615136477147444e-11,28.885811990223296,28.85675308490766,8.995393784767824e-12,3.9279500059063563,3.923998518326751
55.482795820528175,41.28515046588838,6.504881391018771e-11,28.80977144857441,28.781092795061227,8.845466731875247e-12,3.917609862235824,3.9137100820505
55.719697192093925,41.14537865666459,6.413724032214148e-11,28.809310733549648,28.780825940866837,8.72150914737798e-12,3.917547213292986,3.913673794687874
55.9576100891068,41.00501004742699,6.3062355139948e-11,28.653226705319362,28.625184539609876,8.575344128399993e-12,3.8963225975606477,3.8925093682492653
56.1965388305951,40.8679728665608,6.169986926965915e-11,28.29680525914707,28.269460685121395,8.390070597434003e-12,3.847855702391786,3.8441373329811563
56.4364877540286,40.7312019802037,6.05454199843886e-11,28.322249818773997,28.294754869571495,8.233086293913928e-12,3.8513157040760286,3.8475768863506024
56.677461215397294,40.593847107223546,5.934073314352386e-11,28.247157011326983,28.219998238156307,8.069270587944106e-12,3.841104435181983,3.837411331340129
56.919463589290366,40.45590575410449,5.84836535010293e-11,28.234239992926284,28.207295702786933,7.952723198245034e-12,3.8393479534005293,3.8356840153866756
57.16249926897579,40.32225039475308,5.7630788577033636e-11,28.19314019827906,28.166466722607716,7.836748934326817e-12,3.8337591218079825,3.830132009682616
57.406572666479974,40.190450760100816,5.658134662204319e-11,27.986215532072947,27.959980712582322,7.69404373584743e-12,3.8056210952875036,3.802053632499612
57.651688212667835,40.05808836515937,5.540241420659087e-11,27.748125276980318,27.72228793607352,7.533730167725943e-12,3.773245110177102,3.7697316973153896
57.8978503573233,39.925160807045415,5.428499175068142e-11,27.685299154431558,27.6596067939119,7.381780845900579e-12,3.76470188942499,3.761208191283872
58.14506356923004,39.79166567261578,5.3379794726054595e-11,27.731266662243176,27.705646479853808,7.258690359144216e-12,3.7709526423081448,3.7674687590923397
58.39333233625266,39.65760053842356,5.259503915741582e-11,27.6881942342274,27.66283730173814,7.151977740454009e-12,3.765095568117665,3.7616474821454013
58.642661165418026,39.522962970674264,5.1794735281793845e-11,27.620609070233584,27.59551921274347,7.0431508321420596e-12,3.7559052034708778,3.7524934348867083
58.89305458299727,39.387750525181474,5.067372148381829e-11,27.226029138125227,27.201716392001693,6.890713152499557e-12,3.7022494417017398,3.6989433462625025
59.14451713458785,39.2562962613602,4.981026721135064e-11,27.30515907933907,27.280554546746032,6.773298927973445e-12,3.71300968805256,3.709663914910477
59.39705338519608,39.12750277355,4.873212361863029e-11,27.13999133153753,27.115816066982077,6.626690823869356e-12,3.690549850116476,3.6872624496935447
59.65066791932003,38.99815936114678,4.795917183768979e-11,27.13575462390869,27.11176821567703,6.521583307641729e-12,3.689973734210115,3.686712014844667
59.905365341032756,38.8682636760733,4.724779353915793e-11,27.08477636806292,27.061047479353604,6.424848675675503e-12,3.6830416098710703,3.679814908521029
60.16115027406577,38.73942486296711,4.6478044558529946e-11,26.9679290578977,26.94450780732884,6.320176682586735e-12,3.6671524808824527,3.6639676127769123
60.418027361893174,38.61098631905341,4.5497565184837205e-11,26.66664464502933,26.643732622505325,6.1868491526910556e-12,3.626183228859821,3.623067606593812
60.67600126781581,38.4819993660921,4.4571176562700676e-11,26.555746488175664,26.53300245040979,6.060876990474381e-12,3.611103077537927,3.6080102981725055
60.93507667504597,38.35246166247701,4.3770545988556886e-11,26.616723416041342,26.593969028116472,5.952005657049469e-12,3.6193948411293815,3.616300654328812
61.195258286792395,38.22627602233965,4.3152673719233736e-11,26.65045423886687,26.62778910417003,5.867986160392818e-12,3.6239816253181596,3.62089957534856
61.456550826345676,38.10085560335408,4.246334974901009e-11,26.52715395858518,26.504872126781265,5.774250519732005e-12,3.607215008654427,3.604185080972442
61.71895903716401,37.97489966216127,4.166375945303817e-11,26.27873418260399,26.256954688408264,5.665520645396169e-12,3.573434394806257,3.5704727759885593
61.9824876829592,37.84840591217958,4.087153065456676e-11,26.15231090895488,26.130670063652936,5.557791802091082e-12,3.5562431073103475,3.5533003422442184
62.24714154778333,37.72384347254183,4.00279080817146e-11,26.053768819363746,26.032299688836243,5.4430743314124336e-12,3.5428431585215603,3.539923743571036
62.51292543611546,37.59892504502573,3.931708920347381e-11,26.07089210830239,26.04953222059489,5.346415770526929e-12,3.545171617313387,3.542267057418196
62.779844172948906,37.473473238714014,3.8743461041689064e-11,26.037524852907836,26.01637375390049,5.2684126753661265e-12,3.5406342717449646,3.5377581033513272
63.04790260387883,37.347964802215735,3.816647318476919e-11,25.99053668794882,25.969585897155685,5.189952722197304e-12,3.5342447278785585,3.5313957977931767
63.31710559519018,37.224131426212516,3.739959747831052e-11,25.703487297101148,25.683036448815624,5.085671442628868e-12,3.495211182383727,3.492430235472105
63.58745803394609,37.0997693043848,3.662463559247882e-11,25.502967936441493,25.48281198129582,4.980290588351339e-12,3.4679441620155953,3.4652033152580146
63.858964828076466,36.97487617908483,3.5967208222158977e-11,25.577125408356807,25.55685203329268,4.89089231060845e-12,3.4780282421289175,3.475271428377937
64.13163090646727,36.852082401154405,3.5339051481143684e-11,25.54251606908046,25.522446928493824,4.805474311093108e-12,3.473321995530727,3.4705929539890708
64.40546121904985,36.73159706361807,3.479740134533169e-11,25.461921518030884,25.44213749025399,4.731819651328585e-12,3.4623625886295697,3.4596723172932675
64.6804607368909,36.61059727576801,3.4237012884226054e-11,25.35099856456925,25.33149860645369,4.655616916925455e-12,3.447279065415742,3.4446274224354063
64.95663445228259,36.48908084099566,3.352338925332483e-11,25.05249195086598,25.033464379213754,4.558576960210299e-12,3.4066875440330064,3.4041001371008752
65.23398737883335,36.36938542710166,3.290951740211509e-11,25.04061772381497,25.02153417462837,4.47510144834305e-12,3.4050728630875327,3.402477844219253
65.51252455155874,36.24961444282974,3.2241213003954006e-11,24.963342391047746,24.944463946632442,4.384224090781055e-12,3.3945648100716728,3.391997681756994
65.7922510269729,36.12933205840165,3.169755623273845e-11,24.899468425660896,24.880837310119098,4.310296564754438e-12,3.3858791015721694,3.3833456055282563
66.0731718831804,36.009267809064234,3.128082611415722e-11,24.952453559767108,24.933851429067058,4.253628776696532e-12,3.3930841251974657,3.3905545705698215
66.35529221996836,35.89077726761329,3.076168123173597e-11,24.83178726910152,24.813436730209027,4.1830344259245e-12,3.376675683665927,3.3741803409912765
66.63861715889908,35.77178079326239,3.012374656581558e-11,24.57090112701018,24.55293114268796,4.096286804787245e-12,3.3411998686285873,3.3387562745191848
66.92315184340299,35.65227622577074,2.950965383834802e-11,24.452997421633953,24.435180868792038,4.012781257728376e-12,3.3251670889239455,3.3227443587315477
67.208901438872,35.53435041006247,2.8944576652206287e-11,24.437353089574458,24.41964246780065,3.935940941195324e-12,3.323039741621876,3.3206314161462207
67.49587113275335,35.416692835571126,2.8518569085714035e-11,24.454095410616233,24.43648508937403,3.878011587369794e-12,3.3253163956434832,3.322921709233049
67.78406613464362,35.29853288479612,2.8133480424996697e-11,24.485373337205665,24.467820246556368,3.825646467509182e-12,3.329569630137056,3.327182726056156
68.07349167638353,35.18060332944659,2.7545138646974782e-11,24.131079348017735,24.11413195242486,3.74564258562979e-12,3.2813920307884787,3.2790874903226728
68.36415301215274,35.0643387951389,2.7053476304673066e-11,24.073238509368792,24.056301848655814,3.67878536517147e-12,3.273526718828765,3.271223638113219
68.65605541856533,34.94757783257387,2.6518393502006287e-11,23.997476089304612,23.98065242166821,3.6060237443935348e-12,3.263224394682942,3.2609366789900567
68.94920419476551,34.830318322093795,2.6002699512381377e-11,23.946251053617715,23.929611776407963,3.5358986528683727e-12,3.256258712731644,3.25399607081469
69.24360466252392,34.717430228240914,2.5630303375873284e-11,23.952988221318037,23.936448268651823,3.4852594876238034e-12,3.257174846157882,3.2549257105893568
69.53926216633417,34.60508037679302,2.5231765734800362e-11,23.87047519859983,23.854158710142578,3.4310655487400316e-12,3.2459545616741696,3.243735813211993
69.83618207350979,34.49225081206628,2.474985999008709e-11,23.647717150977464,23.631742688749036,3.3655350497728054e-12,3.2156634805451327,3.2134912414879184
70.13436977428188,34.37893948577288,2.424516975190883e-11,23.453707563477586,23.437979114928268,3.2969062701939544e-12,3.189281672042607,3.1871428864134166
70.43383068189677,34.265144340879225,2.3805010530584898e-11,23.48764630611064,23.47185896036869,3.237052546276335e-12,3.1938967295791953,3.1917499349929352
70.73457023271439,34.15086331156853,2.3392332904306828e-11,23.535332213849898,23.519567809714903,3.180935824159436e-12,3.2003811538927462,3.198237478951702
71.03659388630692,34.036826200929504,2.302370647290896e-11,23.438747525113328,23.42324317533246,3.1308092708925043e-12,3.1872473763544287,3.185139064120244
71.33990712555791,33.92763343479915,2.266639701909607e-11,23.363149373611222,23.34783963707242,3.08222162268342e-12,3.1769673897734827,3.1748855414339463
71.64451545676187,33.81797443556572,2.2227621696792456e-11,23.145244954331023,23.13023950670052,3.0225560840993775e-12,3.1473363146529922,3.145295844122726
71.95042440972402,33.70784721249935,2.180027613875373e-11,23.035186237621094,23.0202918872793,2.964444787529615e-12,3.13237031206677,3.13034494876617
72.25763953786101,33.597249766370034,2.1361547632413272e-11,22.962561876133,22.947793983978997,2.9047856150730972e-12,3.122494707350079,3.1204865400846695
72.56616641830148,33.48618008941147,2.0964833021872493e-11,22.902587712087826,22.888008834119493,2.850839575496844e-12,3.1143393015717957,3.11235683683024
72.87601065198741,33.37463616528453,2.0666899685339088e-11,22.896505025188997,22.882026714990943,2.8103260094806913e-12,3.1135121657430274,3.111543376406338
73.18717786377577,33.26448774767848,2.0368087145415593e-11,22.88614446731249,22.871744273638548,2.7696928876437615e-12,3.11210331653408,3.1101451496372743
73.49967370254063,33.15511420411078,1.994058642501822e-11,22.59012941719333,22.57613399347408,2.7115604917887248e-12,3.0718506029092234,3.0699474774336677
73.81350384127576,33.04527365555349,1.9567090833874663e-11,22.528538323103437,22.51457598325429,2.6607718205221915e-12,3.063475323776476,3.0615766971111946
74.12867397719748,32.93625084775286,1.9187317581142437e-11,22.49806703531139,22.484173222811343,2.6091295003818573e-12,3.05933177762644,3.0574424694460056
74.44518983184825,32.82863545717159,1.8864810035112287e-11,22.504689559518557,22.49088631244072,2.5652742846183977e-12,3.0602323216030975,3.0583553286884
74.76305715120047,32.72056056859184,1.8605183250609087e-11,22.52157074836154,22.507830076143293,2.5299697195236736e-12,3.06252785914374,3.06065937528256
75.08228170576078,32.612847037098945,1.8252395886653077e-11,22.27354966080881,22.260211115577537,2.4819969940623397e-12,3.028801459738822,3.0269876579029
75.4028692906748,32.50705313407732,1.7944515816411426e-11,22.219841653327848,22.206536141196132,2.4401308514684093e-12,3.0214981383582953,3.0196888284287686
75.7248257258324,32.40080751047531,1.757751708751498e-11,22.06699849847615,22.053867574006098,2.39022563641597e-12,3.000714223015854,2.998928653862834
76.04815685597333,32.29458980608854,1.7243628718293885e-11,22.05753080191185,22.04444820206567,2.3448228337425346e-12,2.999426786859022,2.9976477889842017
76.37286855079319,32.19068206374618,1.6961976022727843e-11,22.073339148331783,22.060324633001258,2.306523141575784e-12,3.0015764371591267,2.9998066975517825
76.69896670505022,32.08633065438393,1.6704911639186256e-11,22.015195277107562,22.002341627674383,2.2715670168460296e-12,2.993669918228799,2.9919220534852333
77.02645723867218,31.981798256011622,1.642384357865419e-11,21.891188689404792,21.87854203666034,2.233346824510752e-12,2.9768072564810737,2.975087539557794
77.3553460968638,31.879842709972223,1.6096132945155475e-11,21.676301678675433,21.6639126667988,2.188784082593629e-12,2.947586494559987,2.9459018121529126
77.68563925021478,31.777451832433417,1.5790569746413486e-11,21.619224206205185,21.606864129658995,2.147232992781454e-12,2.9398249866472956,2.9381442389238446
78.01734269480812,31.674623764609482,1.5483506706893645e-11,21.58351395235319,21.57123996230453,2.1054779516455563e-12,2.9349690355015796,2.9332999939908047
78.35046245232905,31.571356639777992,1.5218892216332106e-11,21.542322364179597,21.53019256589662,2.0694951483885145e-12,2.9293677216432563,2.9277182876147654
78.68500457017419,31.467648583246,1.500174338836761e-11,21.53134025425051,21.51930098073055,2.039966820073756e-12,2.927874352553427,2.9262372282617557
79.02097512156149,31.36370746353155,1.4729521015847396e-11,21.346813506882608,21.335042878986417,2.00294948193867e-12,2.902782039460101,2.901181446133176
79.35838020564046,31.26248593830786,1.44674945120099e-11,21.262813321440554,21.251108717137534,1.967318598249319e-12,2.8913595276395947,2.8897679123318185
79.69722594760282,31.160832215719154,1.4169819536777543e-11,21.113349943063234,21.10181143814563,1.926840164715311e-12,2.871035201005513,2.8694661722216037
80.03751849879374,31.05874445036188,1.3893078618485102e-11,21.07596552326047,21.0645122329385,1.889208385764134e-12,2.865951593453308,2.8643941523191256
80.37926403682354,30.956220788952937,1.3670774833505058e-11,21.08351369175935,21.07213113610119,1.8589790761701747e-12,2.8669780083766545,2.865430185882351
80.7224687656798,30.85325937029606,1.3486083359952449e-11,21.11132941737399,21.09998279078057,1.833864363283538e-12,2.870760445914824,2.869217509126004
81.0671389158399,30.751201103564824,1.3237783612986165e-11,20.920111199486108,20.90902673269089,1.800100071218878e-12,2.8447582133884777,2.843250925608979
81.41328074438432,30.65428139157239,1.2988280363733923e-11,20.780979623486207,20.770033761866117,1.7661721245263734e-12,2.825838825733544,2.8243503857606655
81.7609005351101,30.556947850169173,1.2738846036183987e-11,20.71148507329702,20.70059517221076,1.7322535499436465e-12,2.816388818964876,2.8149079886163793
82.1100045986449,30.459198712379425,1.2502080028573181e-11,20.716212116153187,20.705353077551138,1.7000576386323058e-12,2.817031611627969,2.8155549780212867
82.4605992725617,30.361032203682726,1.2302709100107946e-11,20.725082468311285,20.71429101847038,1.6729467843517466e-12,2.8182378197076856,2.8167703769547985
82.81269092149364,30.26244654198178,1.210585793252748e-11,20.62619391477575,20.615591552652738,1.646178572153936e-12,2.8047907580645703,2.8033490278345945
83.1662859372498,30.163439937570057,1.1899096459925016e-11,20.509214772751445,20.498767246813088,1.6180627370233556e-12,2.788883702318282,2.787463027019794
83.52139073893095,30.064010593099336,1.1673256574057473e-11,20.363780670520878,20.35347655985162,1.5873525814172902e-12,2.769107284646212,2.767706111240463
83.87801177304638,29.96415670354701,1.1434679323799842e-11,20.23516891170755,20.22499295496249,1.554910373738456e-12,2.7516184025970793,2.7502346558161204
84.23615551363075,29.868599566456005,1.1223742174926548e-11,20.240245515704274,20.230098770460057,1.526226721866625e-12,2.752308729277377,2.7509289547342397
84.59582846236168,29.775084599785963,1.1039545164820534e-11,20.235150603091967,20.225076003077042,1.5011792471001643e-12,2.751615912955219,2.7502459488634527
84.95703714867774,29.681170341343787,1.0894142943130668e-11,20.278738755260964,20.26867549276555,1.48140716460725e-12,2.7575431163389292,2.7561746939455523
85.319788129897,29.586855086226777,1.0674788991827293e-11,20.010678512432236,20.000944615670633,1.4515789792472782e-12,2.7210917528543668,2.71976811826673
85.68408799133614,29.492137122252604,1.0480343849102766e-11,19.905932162434095,19.89628727134408,1.4251379430814342e-12,2.706848136430043,2.7055366050101606
86.04994334642981,29.39701472992825,1.0278920441872115e-11,19.84050101068213,19.83090284083301,1.397747988667513e-12,2.6979506786401224,2.696645500467243
86.41736083685092,29.301486182418763,1.008832497844807e-11,19.835018020060065,19.825458962465532,1.3718304395283164e-12,2.6972050907004927,2.695905231089567
86.78634713263105,29.205549745515928,9.925559162734573e-12,19.849915082599303,19.84040527978695,1.3496972210815035e-12,2.69923082281108,2.6979376609631256
87.15690893228167,29.110772766929582,9.762647614146703e-12,19.733597817585256,19.7242814499637,1.32754418558939e-12,2.683413770413399,2.682146912266344
87.52905296291557,29.017736759271106,9.61364393347404e-12,19.708377477143628,19.699100747969773,1.3072823695609411e-12,2.679984258498685,2.6787227904663666
87.90278598036915,28.924303504907712,9.423275433640662e-12,19.525387797822695,19.51628823672617,1.2813956833809581e-12,2.6551009589669725,2.6538635826012
88.27811476932499,28.830471307668752,9.2330049572732e-12,19.40192562494971,19.392938236278933,1.2555223266262882e-12,2.6383123278275815,2.637090204890743
88.65504614343492,28.73623846414127,9.059943334271781e-12,19.389440148766106,19.38049396502145,1.2319890638839886e-12,2.63661452801272,2.6353980082034605
89.03358694544393,28.641939133093455,8.913689717748219e-12,19.417927175341287,19.40900896833849,1.2121012070329508e-12,2.6404882503869467,2.6392755349105337
89.41374404731425,28.55070142864458,8.795614143447871e-12,19.45464160147006,19.445741687361302,1.196045056251127e-12,2.6454807508705116,2.644270522898112
89.7955243503501,28.459074155915978,8.621503982413391e-12,19.207735768594876,19.19912137712277,1.1723692112274448e-12,2.611906006008618,2.6107346039706485
90.17893478532307,28.3688449993757,8.463172460658996e-12,19.09780912719268,19.089281970499442,1.1508389768680703e-12,2.596957963284696,2.5957984236049776
90.56398231259777,28.280284068102514,8.304135264718041e-12,19.03434629348304,19.025862125028173,1.129212783533189e-12,2.588328161286089,2.587174467232286
90.95067392225843,28.19134499788056,8.145481210217619e-12,19.004473042662198,18.99604346691921,1.1076386905313053e-12,2.584265937389531,2.5831196669609673
91.33901663423548,28.10202617412584,8.00754890779348e-12,19.010961642809,19.002580549164925,1.0888823824758159e-12,2.5851482701068385,2.5840085923702425
91.72901749843332,28.012325975360337,7.884151235222034e-12,18.946542547013088,18.93828338175495,1.0721025222153567e-12,2.5763884336931113,2.5752653360202653
92.12068359485808,27.922242773182642,7.768031130592736e-12,18.94041654119922,18.93218042464501,1.056312280077837e-12,2.5755554072723577,2.5744354438079866
92.51402203374623,27.831774932238368,7.614347564535752e-12,18.75156392660889,18.74350487441798,1.0354140839528483e-12,2.5498748541742975,2.548778968273233
92.90903995569367,27.740920810190456,7.455656437288744e-12,18.597177681084993,18.589248089721835,1.0138349497253548e-12,2.528881106301719,2.5278028247407818
93.30574453178531,27.65273620300723,7.322003517485543e-12,18.610531509426025,18.60260477258687,9.956605606062927e-13,2.5306969863652182,2.5296190929681166
93.70414296372533,27.565088547980427,7.20232265842639e-12,18.665764807766323,18.657835237292044,9.793861200190804e-13,2.538207719822025,2.5371294411015994
94.10424248396772,27.4770666535271,7.0998077627345365e-12,18.659425513657673,18.65155192952386,9.654459411771425e-13,2.537345690035916,2.536275024449109
94.50605035584789,27.388668921713464,6.962215990584713e-12,18.435234995133527,18.427607683958307,9.467359391037547e-13,2.5068598186725244,2.5058226417710787
94.9095738737143,27.299893747782857,6.830607328115531e-12,18.2887971813553,18.281294323394118,9.288395321515072e-13,2.4869469143134646,2.4859266608069017
95.31482036306092,27.213887723757207,6.70783229468687e-12,18.256032408957783,18.248535730834092,9.121443395966123e-13,2.4824914955779307,2.4814720824179273
95.72179718066026,27.128422592061344,6.581398935109815e-12,18.22078737688792,18.21333785162875,8.949516805962166e-13,2.4776988062128598,2.4766858049928953
96.13051171469691,27.04259253991365,6.467625891126646e-12,18.245429202546205,18.23800168777116,8.794805964204653e-13,2.481049650539921,2.4800396423492432
96.54097138490168,26.95639600917065,6.362548493047554e-12,18.160769821630616,18.153474042504882,8.651919634215007e-13,2.46953750001149,2.4685454054956866
96.95318364268613,26.869831435035916,6.2657883808876446e-12,18.129786082957438,18.122537815196086,8.520343314581459e-13,2.465324269774254,2.464338635948013
97.36715597127814,26.786568805744377,6.15371246837509e-12,18.016271345126302,18.00912495550601,8.367940265858215e-13,2.449888310581375,2.4489165303468177
97.78289588585754,26.703420822828495,6.022059873165017e-12,17.815507343780993,17.808524222558372,8.188916455723322e-13,2.422588023487594,2.4216384448135746
98.20041093369261,26.61991781326148,5.913928854565145e-12,17.821034790868733,17.81405021564744,8.041877751984691e-13,2.4233396567055996,2.422389880313957
98.61970869427707,26.53605826114459,5.813690997745016e-12,17.869918948855606,17.86292615889933,7.905572326185364e-13,2.4299870214644046,2.4290361280168065
99.04079677946771,26.451840644106458,5.726977600492602e-12,17.86992339301294,17.86297718635207,7.787657728747334e-13,2.429987625789733,2.4290430668310363
99.4636828336226,26.367263433275482,5.6252820945755e-12,17.714394955596905,17.707624809637913,7.649370162795256e-13,2.4088385603982636,2.407917942523003
99.88837453373964,26.282325093252073,5.526987330051273e-12,17.617280440515483,17.610590545697782,7.515706992438758e-13,2.3956327360227267,2.3947230308568273
100.31487958959622,26.20017287797672,5.420690776331284e-12,17.508017477118155,17.501400701512985,7.371162830428158e-13,2.3807749415502317,2.379875179279875
100.74320574388925,26.118790908661044,5.32420119921273e-12,17.508899693569703,17.50228108478754,7.239954389709578e-13,2.3808949070930816,2.379994895543682
101.17336077237523,26.037061453248707,5.2248127988384165e-12,17.485527753215536,17.478960337961418,7.104804071633202e-13,2.3777167442883362,2.3768236941364163
101.60535248401176,25.954983028037766,5.136840412276392e-12,17.42990845248363,17.423437825231428,6.985177475561451e-13,2.37015352146073,2.3692736327332775
102.03918872109953,25.872554142991092,5.070137415912226e-12,17.483410695564398,17.476922220856864,6.894473418133091e-13,2.3774288625900097,2.3765465469301827
102.47487735942404,25.78977330170943,4.964705321282744e-12,17.237629918734136,17.231355067949032,6.751104764739253e-13,2.344007105080515,2.3431538384253567
102.91242630839933,25.706639001404124,4.874014237651385e-12,17.15525681897821,17.149034223049448,6.627781230470587e-13,2.3328058475987334,2.3319596866625827
103.35184351121082,25.62666816798205,4.779636363463684e-12,17.07979859396537,17.073633181097236,6.499444325280427e-13,2.322544888499326,2.321706503429174
103.79313694496022,25.547235349907158,4.698177111841976e-12,17.128740709936515,17.12255536004191,6.388674419280585e-13,2.3292001344997844,2.3283590383532307
104.23631462080976,25.46746336825424,4.619967751395056e-12,17.11729840636749,17.11116525870443,6.282323779757837e-13,2.327644187366058,2.3268101897824867
104.68138458412784,25.38735077485699,4.542469716416414e-12,17.005886614427027,16.999881581714988,6.176940414715124e-13,2.3124941909263286,2.3116776146678975
105.12835491463541,25.306896115365628,4.466536181212503e-12,16.92641201435076,16.920478656124324,6.07368448749603e-13,2.301687077179807,2.300880247360086
105.57723372655192,25.226097929220654,4.3847412734152234e-12,16.826115446264062,16.82025175334211,5.962458149571315e-13,2.2880485509254,2.287251194331955
106.02802916874353,25.145235041313597,4.295045313764043e-12,16.696472332916002,16.690701128844893,5.840487804627964e-13,2.270419423241069,2.2696346434650017
106.48074942487008,25.068272597772086,4.217660506920553e-12,16.699601901712136,16.693841710176194,5.735258409449173e-13,2.270844988213084,2.270061705943391
106.93540271353459,24.99098153869912,4.1446881872642135e-12,16.70221708400133,16.696493502235192,5.636029201863756e-13,2.2712006058876626,2.2704223018870793
107.39199728843167,24.913360460966615,4.0882799851541756e-12,16.72589759481302,16.72018950861071,5.559324209846817e-13,2.274420728715234,2.2736445318321525
107.85054143849771,24.835407955455388,4.015697022925191e-12,16.595167658535917,16.589577980457637,5.460624458213545e-13,2.256643812693431,2.255883717181904
108.3110434880617,24.757122607029512,3.941117548742339e-12,16.477529663440052,16.472021174931488,5.359209810027032e-13,2.2406471647997175,2.2398981096069095
108.77351179699546,24.678502994510772,3.8665696951783295e-12,16.398465948330696,16.3930057843096,5.257838160185176e-13,2.2298959240059366,2.2291534400727806
109.23795476086646,24.601927238261368,3.794536042684641e-12,16.37098688708913,16.365553241091032,5.159885370824848e-13,2.226159266756951,2.225420388797157
109.7043808110892,24.52729907022573,3.729810762523101e-12,16.39741440748131,16.391993843694767,5.071870651114403e-13,2.2297529333956345,2.229015834380915
110.17279841507927,24.452352253587318,3.671303410235601e-12,16.362894179160573,16.35753537561549,4.992311193052072e-13,2.225058804281929,2.224330103547337
110.6432160764062,24.377085427775008,3.606276662229508e-12,16.22681477018801,16.221581382734772,4.903886531387358e-13,2.2065544563529724,2.2058428099472973
111.11564233494825,24.30149722640828,3.5467302999472845e-12,16.179125739370104,16.173921464117655,4.822914206926712e-13,2.2000696073569928,2.199361919686121
111.59008576704767,24.225586277272374,3.480656144054386e-12,16.100585596348182,16.095424150279392,4.733065259243465e-13,2.1893895629341023,2.188687699260571
112.06655498566569,24.14935120229349,3.412594398195278e-12,16.024819884232627,16.019715727331246,4.640513547302749e-13,2.1790867911286043,2.1783927177496833
112.5450586405398,24.072790617513633,3.3554645539767537e-12,16.074298030826093,16.0691801324142,4.562827252033801e-13,2.1858149276362373,2.185118985659462
113.02560541833978,23.996159187249035,3.2949407198458922e-12,15.986280323358535,15.981263482371249,4.4805257419664174e-13,2.173846105202439,2.173163905214697
113.50820404282638,23.923769393576045,3.248160214266037e-12,15.987985065940409,15.982989386764485,4.4169126826448076e-13,2.1740779194798705,2.1733985971172096
113.99286327500887,23.85107050874867,3.189743605080194e-12,15.869619045248024,15.864711934980267,4.3374766188518893e-13,2.1579822732215925,2.1573149946347296
114.47959191330439,23.778061213004342,3.127221431860313e-12,15.735356773704481,15.730533782497375,4.2524577276566447e-13,2.139725023244304,2.1390691833341484
114.96839879369809,23.704740180945286,3.0691184260668736e-12,15.685592186326502,15.68079869819904,4.1734481079766565e-13,2.1329579359506727,2.132306107927803
115.45929278990269,23.631106081514595,3.016060585452657e-12,15.71005708724922,15.705260022147236,4.1012990039720576e-13,2.1362847217012835,2.1356324072743234
115.95228281352048,23.557157577971928,2.964602543607182e-12,15.714388973086358,15.70961979628619,4.031325338063246e-13,2.136873780129183,2.1362252580088175
116.44737781420422,23.482893327869366,2.9153321385749288e-12,15.619464888008627,15.6147907975548,3.9643264640821545e-13,2.1239658147699982,2.1233302226796003
116.9445867798205,23.408311983026923,2.868979121279995e-12,15.571882667383544,15.567249873463236,3.9012947118090885e-13,2.1174954900358833,2.1168655135300196
117.4439187366121,23.337851376874305,2.816891249565618e-12,15.474316624362373,15.469744733970472,3.8304645907526385e-13,2.104228265995549,2.1036065712722727
117.94538274936222,23.26764641508929,2.7609987861497962e-12,15.367576877835845,15.363067228256757,3.754460910441139e-13,2.0897135835576375,2.0891003524635345
118.44898792155935,23.197141690981688,2.711300955668043e-12,15.357107388951986,15.35261062959123,3.686880814856357e-13,2.088289921694259,2.087678443437611
118.95474339556175,23.12633592462135,2.661877940896167e-12,15.335585577807443,15.331131306663616,3.6196744191244983e-13,2.0853633431289436,2.0847576425043037
119.46265835276436,23.05522783061299,2.627268011191172e-12,15.413038820286861,15.408557694709906,3.5726111502660134e-13,2.09589558866033,2.095286236316611
119.97274201376449,22.983816118072973,2.5770363070542657e-12,15.234019898174989,15.229675922848665,3.504305082696222e-13,2.071552240569417,2.0709615381887994
120.48500363853022,22.91209949060577,2.529843152875613e-12,15.118631979396058,15.11436206997681,3.440130895625587e-13,2.0558615625160312,2.0552809317643583
120.99945252656761,22.840076646280533,2.4853044358929424e-12,15.074107790153485,15.06985603203256,3.3795662649015646e-13,2.049807074954541,2.0492289124524157
121.51609801708992,22.77290725777831,2.4407451791550487e-12,15.063040431077011,15.058793545950092,3.318973703811008e-13,2.048302113516569,2.047724613653833
122.03494948918751,22.705107071513748,2.3952151830449486e-12,15.03410243122163,15.029891542311024,3.2570611120686973e-13,2.04436706690125,2.0437944618754025
122.55601636199722,22.63215770932039,2.3562276785791413e-12,15.032594392785995,15.028414335116793,3.2040451302266173e-13,2.044162000843763,2.0435935883112712
123.07930809487442,22.559689947666325,2.318854140408805e-12,14.970804814459333,14.966685408427056,3.1532238517641667e-13,2.0357597314308307,2.0351995664282234
123.60483418756365,22.491371555616727,2.2779229637767546e-12,14.868316923552909,14.864266251443297,3.0975648259600686e-13,2.021823224753176,2.021272406325698
124.13260418037216,22.42276145655162,2.238611315747275e-12,14.819959510707296,14.815929979058374,3.0441080672711153e-13,2.0152474878434146,2.014699544137711
124.66262765434212,22.353858404935526,2.1949699290141256e-12,14.728378457059243,14.724402047917131,2.9847636440178393e-13,2.0027941145285317,2.0022533945266656
125.19491423142507,22.28661029222899,2.158210941389095e-12,14.767892348121478,14.763899026438391,2.934778043575754e-13,2.0081672918061453,2.007624272003414
125.72947357465686,22.222463171041177,2.117357203307577e-12,14.713511604883436,14.709577547947145,2.8792243202485693e-13,2.000772490483082,2.0002375296181643
126.26631538833225,22.15537899951681,2.0883851593313504e-12,14.748879225403412,14.744945174798058,2.8398275602246323e-13,2.0055818496687388,2.0050468896647144
126.80544941818202,22.085291575636337,2.0496253788517905e-12,14.600941228699895,14.597110510262208,2.7871212419756775e-13,1.9854649474600685,1.9849440387691504
127.34688545154899,22.01837374581412,2.0118178250818874e-12,14.494335720528884,14.490564705124434,2.735709780492767e-13,1.970968519019985,1.9704557288659403
127.8906333175666,21.95312400189201,1.975250677552004e-12,14.434868949990712,14.431125467750624,2.6859850480169766e-13,1.9628821096171372,1.9623730634773904
128.4367028873365,21.887595653519618,1.9391162746835778e-12,14.413540239247446,14.409808491124625,2.6368487703147963e-13,1.959981789227378,1.9594743387161708
128.98510407410822,21.821787511107015,1.9046536029070084e-12,14.408030511883677,14.404320278296442,2.5899857457080655e-13,1.9592325655725824,1.9587280406505956
129.53584683345935,21.755698379984878,1.8722144392910406e-12,14.370212051016654,14.366551009705478,2.54587432763193e-13,1.9540899362555924,1.9535921005968706
130.08894116347543,21.689327060382947,1.8426088026179395e-12,14.318404094084837,14.314787029989052,2.505615995692247e-13,1.9470449875172562,1.9465531319675071
130.6443971049326,21.622672347408088,1.813684895020167e-12,14.289430542318382,14.285833676807005,2.4662846924704584e-13,1.9431051064825566,1.9426159975763768
131.20222474147872,21.555733031022555,1.7762692154349132e-12,14.130780719674558,14.127267678853624,2.415406109276179e-13,1.9215315889369269,1.9210538786784093
131.7624341998175,21.4885078960219,1.7449394370775219e-12,14.11014270139009,14.106637591971076,2.372803255277956e-13,1.9187251902776195,1.9182485585468658
132.3250356498914,21.42424607851195,1.71306036512045e-12,14.088386982919554,14.084904224944932,2.329453460948321e-13,1.9157668045301885,1.915293212193175
132.8900393050667,21.362095676442664,1.6837399494982861e-12,14.09400958185455,14.09054470645205,2.289582978250713e-13,1.916531376685107,1.9160602160557183
133.45745542231927,21.29967990354488,1.6586216599067498e-12,14.084230100596368,14.08079098606159,2.2554266298735838e-13,1.9152015434272143,1.914733885811712
134.02729430241985,21.23672468370962,1.6289229881031936e-12,13.96991749045451,13.966550514002336,2.2150417869182693e-13,1.8996570879750407,1.8991992398390878
134.59956629012214,21.16805204518534,1.5999699671176324e-12,13.888866054121461,13.885540719126142,2.1756708947343376e-13,1.8886355529068601,1.8881833672588013
135.1742817743495,21.102571822565046,1.5697428176235056e-12,13.806234642523261,13.802948536836738,2.1345674173336766e-13,1.8773991696684362,1.8769523184995944
135.7514511883846,21.044854881161537,1.5433183944218185e-12,13.829175836097546,13.825878256106527,2.0986349625679013e-13,1.8805187586717198,1.8800703472041946
136.33108501005793,20.98358064889363,1.5153948585662649e-12,13.815589527108482,13.812313880337904,2.0606639846823318e-13,1.8786712654286044,1.8782258364838962
136.9131937619384,20.919548686186776,1.4881687480369825e-12,13.751494225398595,13.74827578087567,2.023641379588005e-13,1.869955459176901,1.8695178087072823
137.49778801152476,20.855243318732278,1.4686526624091462e-12,13.790056609412641,13.786830658661536,1.9971030192735797e-13,1.8751992486389037,1.8747605774574898
138.0848783714365,20.79151216285635,1.4413655184901174e-12,13.668398468970468,13.665239039150595,1.959997419765353e-13,1.8586559334075328,1.8582263078742836
138.67447549960764,20.732552450039236,1.4128207953764428e-12,13.538308409200521,13.535213183509658,1.9211817391257009e-13,1.8409660290622898,1.8405451341338446
139.26659009947898,20.670675089057312,1.3880532069037845e-12,13.517418312642015,13.514330368744496,1.88750228108575e-13,1.8381253522993122,1.8377054475635684
139.86123292019366,20.6052643787787,1.361912931685907e-12,13.475200290635051,13.472142710370886,1.8519562163840865e-13,1.8323844619325214,1.8319686861038633
140.4584147567913,20.54415852432087,1.3401132239433342e-12,13.523887927546147,13.520820605674343,1.8223125414251906e-13,1.839005103365666,1.8385880028538801
141.05814645040437,20.484185354959564,1.31932448931169e-12,13.50054288153012,13.497506823455142,1.7940436077539506e-13,1.8358305977063627,1.8354177485076772
141.66043888845527,20.423956111154475,1.2946001159966918e-12,13.358370542869505,13.355417615368559,1.7604229145425057e-13,1.8164977211138438,1.8160961761754948
142.26530300485337,20.363469699514663,1.2725110057272741e-12,13.304586531283682,13.301656525552236,1.7303857042876608e-13,1.809184064544394,1.8087856365537236
142.87274978019414,20.302725021980585,1.2489185469776725e-12,13.237325856512584,13.234423281338856,1.6983042109523832e-13,1.8000378245856963,1.7996431266566701
143.48279024195784,20.241720975804217,1.2271111617316044e-12,13.225394445708634,13.2224999811229,1.6686500959719606e-13,1.798415367680081,1.7980217726448962
144.09543546471045,20.180456453528958,1.2045946784119715e-12,13.20051548733846,13.197644378487047,1.6380317353670112e-13,1.795032277576533,1.7946418585004247
144.71069657030398,20.118930342969602,1.1839769952158828e-12,13.18544629602117,13.182603170746425,1.6099954008304358e-13,1.7929831390533095,1.7925965252394584
145.3285847280787,20.060427374472916,1.1678449361359279e-12,13.208344248351128,13.205500359149632,1.5880587069338486e-13,1.796096848026426,1.7957101303322998
145.94911115506633,20.00457999604403,1.147085873084067e-12,13.113098768546003,13.110304877427344,1.5598301212652975e-13,1.7831451787747625,1.7827652599191062
146.57228711619268,19.94277128838073,1.12400935285851e-12,12.97210375861677,12.969375259602316,1.5284502113680255e-13,1.7639723976782251,1.7636013709705953
147.1981239244833,19.882168846796503,1.10443904280557e-12,12.947705824022748,12.944985565688391,1.501838115604869e-13,1.76065471814181,1.7602848120182046
147.82663294126775,19.8256030352859,1.0840957865394203e-12,12.914029003306059,12.911330638066584,1.4741749522505474e-13,1.7560752772668988,1.7557083482097577
148.4578255763869,19.768795698125178,1.0669842830732083e-12,12.96860514035329,12.965892498375311,1.4509063904514459e-13,1.7634966486276755,1.7631277781913162
149.0917132883992,19.71174580404407,1.0498517095519079e-12,12.95146221712944,12.948776162652317,1.4276091771735363e-13,1.7611655199268041,1.7608002649115446
149.72830758478898,19.654452317368992,1.0302670237078998e-12,12.81668833575565,12.814075248271983,1.4009775329245593e-13,1.7428387002300838,1.742483367411315
150.36762002217586,19.596914198004175,1.0144275253962348e-12,12.808820232365768,12.806209629730994,1.3794386689632776e-13,1.7417687799257064,1.741413785001619
151.00966220652353,19.53913040141288,9.960478759797895e-13,12.744579467316921,12.741994252120278,1.3544456571489247e-13,1.7330331932806624,1.7326816505907647
151.6544457933516,19.481099878598354,9.769675842006369e-13,12.674295699171559,12.671742136945124,1.3284998979533775e-13,1.7234758670889967,1.7231286286327676
152.3019824879461,19.42282157608485,9.602336166277725e-13,12.685641859337878,12.683090326302233,1.305744716950013e-13,1.725018740452134,1.7246717779292933
152.95228404557295,19.364294435898433,9.425278346712222e-13,12.643547811174887,12.641031757122992,1.2816680434729622e-13,1.7192947082945331,1.7189525702742712
153.60536227169058,19.30551739554785,9.289298010193644e-13,12.657187482030729,12.654677637478564,1.2631771676127967e-13,1.7211494577901298,1.7208081641499569
154.26122902216443,19.249101678226847,9.121700619403804e-13,12.550762949914045,12.548306517350166,1.2403869420042642e-13,1.7066776388328577,1.7063436082607881
154.91989620348286,19.196408303721373,8.961272340473133e-13,12.481445688861658,12.479019205021228,1.2185715864453984e-13,1.6972517401926435,1.6969217821073876
155.58137577297217,19.137676180432507,8.796712404040412e-13,12.424232140901754,12.421825867382617,1.1961943999047662e-13,1.6894717284649796,1.6891445186192982
156.24567973901478,19.08034562087882,8.645397671474212e-13,12.417294591797294,12.414894009730535,1.1756183224561456e-13,1.6885283467779748,1.6882019108672761
156.9128201612661,19.02697438709871,8.488936176936062e-13,12.402664000816696,12.400278009192597,1.1543423781066064e-13,1.6865388499984453,1.6862143981250772
157.58280915087477,18.97337526793002,8.343169810119686e-13,12.383847440191875,12.381485837321545,1.1345207784371518e-13,1.6839801367643348,1.6836590013220771
158.25565887070124,18.919547290343903,8.20283977336709e-13,12.309149080064866,12.30683023111392,1.1154384217120663e-13,1.6738225055992013,1.6735071839196984
158.93138153553917,18.865489477156867,8.074055667564821e-13,12.281041166562371,12.278737209351373,1.0979261035775481e-13,1.6700003357725228,1.6696870391013539
159.6099894123377,18.811200847012984,7.926164430227532e-13,12.200726944566554,12.198453938140503,1.0778155598002393e-13,1.6590790485720937,1.6587699606500486
160.29149482042286,18.756680414366173,7.784540101029681e-13,12.164614037766281,12.162352876282885,1.0585572026213769e-13,1.6541683438798578,1.6538608666566084
160.9759101317226,18.701927189462193,7.653189503609774e-13,12.173538887748347,12.171277556770315,1.0406958878663703e-13,1.6553819626817674,1.6550744624103013
161.66324777099018,18.646940178320783,7.511431709999407e-13,12.136652731636833,12.134419194195342,1.0214193819319837e-13,1.650366110014544,1.6500623891633015
162.35352021603083,18.59171838271753,7.391934780910848e-13,12.141883511229487,12.139660430579168,1.0051699525069752e-13,1.6510774017981649,1.6507751028821256
163.04673999792726,18.536260800165817,7.271960209182158e-13,12.085533412581757,12.083341960946207,9.88855572288416e-14,1.6434148036205167,1.6431168056806382
163.74291970126762,18.48056642389859,7.142555410659144e-13,12.004426109430995,12.002268360047083,9.712588511266628e-14,1.6323856716716583,1.6320922566308016
164.44207196437446,18.429054962493787,7.016070437970534e-13,11.948294649896859,11.946156776526282,9.540591736729894e-14,1.6247528044743202,1.624462092213179
165.14420947953295,18.378463241637366,6.891179081599984e-13,11.917391700835092,11.915265432907287,9.370761993269889e-14,1.6205505601686807,1.6202614260386654
165.84934499322264,18.322052400542187,6.76093922054937e-13,11.87039007046896,11.868287597646528,9.193659247064885e-14,1.614159185249508,1.613873286825116
166.5574913063476,18.27097560855567,6.655154566413155e-13,11.915639480376818,11.913529933509492,9.049811176261203e-14,1.6203122897554496,1.6200254293884024
167.26866127447005,18.221193710787098,6.538597339471099e-13,11.854060591931335,11.851988513595877,8.89131434729533e-14,1.611938670370438,1.6116569050486684
167.98286780804264,18.171199253437013,6.429727440531221e-13,11.789755322625748,11.78771497064177,8.74327089941557e-14,1.603194312308626,1.602916861199056
168.70012387264322,18.11399009018854,6.309775253891762e-13,11.692015210881983,11.690011859945614,8.580157536918295e-14,1.5899034180581493,1.5896309984244203
169.42044248921084,18.060569025755242,6.204779983138401e-13,11.674248769788873,11.672248783012602,8.437382885295072e-14,1.5874875021607449,1.5872155399921783
170.14383673428088,18.00993142860034,6.092046750027637e-13,11.636037251977193,11.634052696821048,8.284085998985232e-14,1.58229142418084,1.5820215604345846
170.87031974022383,17.95907761818433,5.982746071572369e-13,11.61513598499742,11.613165516454515,8.135456768576459e-14,1.579449228441823,1.5791812802211755
171.59990469548228,17.90800667131624,5.883664297370533e-13,11.62885275101105,11.626888399564253,8.000723406850974e-14,1.5813144614898846,1.581047345084098
172.33260484481175,17.85671766086318,5.789907423387708e-13,11.60366715723275,11.601722834246512,7.873230950056182e-14,1.5778896744953657,1.5776252815993703
173.06843348951995,17.805209655733602,5.693044755515069e-13,11.543805816105266,11.541887723924606,7.741515173130398e-14,1.5697496106012006,1.569488784622173
173.80740398770868,17.753481720860393,5.585509923625356e-13,11.444765357793486,11.442883058283615,7.595287175904877e-14,1.5562818926453268,1.5560259338246636
174.54952975451695,17.707028214728982,5.488555163376346e-13,11.40875762524758,11.406886780223973,7.463446169939161e-14,1.5513854897568,1.5511310885398977
175.29482426236325,17.659362301634573,5.390068946404147e-13,11.380889705299195,11.37903006251479,7.329522658746685e-14,1.5475959547296072,1.54734307681541
176.04330104119157,17.60696892711659,5.303677094735554e-13,11.41774339650185,11.415875203344509,7.212045305371e-14,1.5526073927541342,1.5523533521432662
176.79497367871545,17.55435184248992,5.207992061495477e-13,11.380299552932918,11.378457832659866,7.081930899375517e-14,1.547515704640346,1.5472652638647892
177.54985582066635,17.507008650760017,5.122310056289455e-13,11.334620465316261,11.33280395150045,6.96541880929857e-14,1.5413041717073486,1.5410571585558415
178.30796117103986,17.45844271802721,5.042676608173984e-13,11.311462668524973,11.309656736788696,6.857131667119089e-14,1.5381551285690112,1.5379095543896673
179.06930349234514,17.40584179045929,4.943813993332321e-13,11.194697505090591,11.192933061011239,6.722696322638324e-14,1.5222771700557807,1.5220372374503115
179.8338966058553,17.359966203648682,4.858437456548712e-13,11.163361891081522,11.161606838711105,6.606599614580766e-14,1.5180160911124687,1.517777435610208
180.60175439185704,17.313894736488578,4.780296633430048e-13,11.187267585475148,11.185504795180783,6.500342173476337e-14,1.521266834850136,1.5210271271296292
181.372890789904,17.26389764470672,4.685509448471946e-13,11.116112283723952,11.114382289053744,6.371448679382405e-14,1.5115909957901683,1.5113557476836805
182.14731979906853,17.211160812055887,4.613781140026163e-13,11.155791022451092,11.154056363812229,6.273911102914544e-14,1.516986589380211,1.516750707058015
182.92505547819712,17.16449667130817,4.5351244322855325e-13,11.090453538166686,11.088749937631743,6.166952151669223e-14,1.5081018686783072,1.5078702096986822
183.7061119461644,17.117633283230138,4.456275785878553e-13,11.020044382954707,11.018367064478817,6.05973219841853e-14,1.4985274921046328,1.4982994070115252
184.49050338213007,17.070569797072196,4.385557990231757e-13,11.011516162155027,11.009839343946204,5.963568737297017e-14,1.4973678077256094,1.4971397906598096
185.2782440257967,17.0233053584522,4.306214198823586e-13,10.95725249854065,10.955593861234634,5.855675476053109e-14,1.489988927121985,1.4897633823314087
186.06934817766717,16.97583910933997,4.2218247725927384e-13,10.88816244957207,10.88652902590563,5.740921060503329e-14,1.480593925231574,1.4803718090417157
186.86383019930554,16.928170188041666,4.158042021093749e-13,10.944170848878787,10.942524210908815,5.654188009962123e-14,1.4882100584551126,1.4879861453580507
187.66170451359633,16.880297729184218,4.083939274007014e-13,10.909274841680364,10.907650707202004,5.553421624736209e-14,1.483464830184308,1.4832439771566686
188.46298560500801,16.83222086369952,4.0169648379245026e-13,10.86259052319738,10.860988690582822,5.4623484581951685e-14,1.4771166039643548,1.476898783588388
189.26768801985443,16.783938718808734,3.9430930817805836e-13,10.766551450858863,10.764983521725904,5.361896179034718e-14,1.4640570204260075,1.463843810312712
190.0758263665595,16.736208681672025,3.876682210608291e-13,10.733898749550288,10.732339152080263,5.2715893592362157e-14,1.4596168413394273,1.4594047641821823
190.8874153159231,16.695629234203846,3.8102066340340725e-13,10.710734012886308,10.709180717413611,5.1811945517488215e-14,1.4564668545034367,1.4562556343042878
191.7024696013859,16.64785182391685,3.7435548492269555e-13,10.69296482415305,10.691419675407385,5.090560132811457e-14,1.4540505649764754,1.4538404525854263
192.52100401929846,16.603949799035078,3.67507196085445e-13,10.660214137429216,10.658686475036298,4.997435742928178e-14,1.4495970616387863,1.4493893270766656
193.3430334291882,16.559417994248708,3.619550199592709e-13,10.701251757976115,10.699718686906829,4.921936150758222e-14,1.4551774386738556,1.4549689686291951
194.16857275403092,16.509885634758145,3.5597777721476124e-13,10.653339375866482,10.651827638543335,4.840656418405373e-14,1.4486622179262367,1.448456648886689
194.99763698052004,16.460141781168797,3.496091133093695e-13,10.569421507497868,10.567939462181052,4.75405406347325e-14,1.4372508997446425,1.4370493682830061
195.83024115933955,16.41848794203302,3.4355292257644205e-13,10.524228089571258,10.522758362594471,4.671700780715528e-14,1.4311054091393642,1.430905552750037
196.66640040543763,16.376679979728117,3.3730773434002073e-13,10.47072934564108,10.469275877178639,4.5867774724199537e-14,1.4238305438315222,1.4236328983072224
197.50612989829972,16.329632206102016,3.314817717123884e-13,10.462608192432185,10.46115832814507,4.507554877100965e-14,1.4227262133108625,1.4225290578894718
198.3494448822257,16.282527755888715,3.2561704856928985e-13,10.446768833189646,10.445329721347514,4.427805208604992e-14,1.4205723458256296,1.4203766525430341
199.19636066660502,16.24018196666975,3.20237894904774e-13,10.448571361593869,10.447140323911608,4.354658410185554e-14,1.4208174572131305,1.4206228618708083
200.04689262619618,16.19765536869019,3.1489060056786987e-13,10.397056467413,10.395647415882598,4.28194484122189e-14,1.4138123597289227,1.4136207541071375
200.90105620140457,16.15494718992977,3.095193079903972e-13,10.340702578240244,10.339311494934549,4.208904939423216e-14,1.4061492461081635,1.4059600838412114
201.75886689856318,16.112056655071843,3.0442416802012864e-13,10.313668097803959,10.312284056500864,4.139620215548797e-14,1.4024730438388515,1.40228483915738
202.62034029021487,16.068982985489257,2.988343943954517e-13,10.260913047789249,10.259543660770795,4.063609365137196e-14,1.3952993075046605,1.3951130955418796
203.48549201539356,16.020870479076386,2.934660511599344e-13,10.228892661604565,10.227534762095758,3.990609569075398e-14,1.390945111882747,1.3907604620143115
204.3543377799098,15.975826488803609,2.8853191618546674e-13,10.232565280843703,10.23121173990875,3.9235142230672505e-14,1.391444521931076,1.391260464750158
205.22689335663426,15.938655332168286,2.8415441096259797e-13,10.272032212838823,10.270673632924,3.8639880388220504e-14,1.3968113136216058,1.396626571230211
206.1031745857857,15.894841270710716,2.792812261444247e-13,10.215998157889874,10.21466196852438,3.7977215051279136e-14,1.3891916916929519,1.389009994012864
206.98319737521712,15.850840131239144,2.742458222154037e-13,10.131396571326997,10.130087735651905,3.729249083790291e-14,1.3776874001552304,1.377509422084216
207.8669777007051,15.806651114964746,2.694824953351101e-13,10.084268163375535,10.082971433503603,3.6644764201244207e-14,1.3712787857685564,1.371102453868666
208.75453160624048,15.762273419687975,2.6465445897734467e-13,10.03829129355217,10.037007370467173,3.598823824149554e-14,1.3650267598204764,1.364852169412874
209.64587520431814,15.717706239784093,2.6010744744719303e-13,10.025669855930103,10.02439047808447,3.536992659518418e-14,1.3633104716995494,1.3631364993626107
210.54102467623133,15.678359012950747,2.557394870943337e-13,10.02915800025218,10.027882081055647,3.477596268308714e-14,1.3637847964827732,1.3636112944597991
211.43999627236346,15.638000186381827,2.5145034288278176e-13,10.028887250164258,10.027618635048096,3.419271634620726e-14,1.363747979348818,1.3635754705491794
212.342806312485,15.592859684375748,2.4714276651697613e-13,9.978492981060608,9.97724463740147,3.3606963568434045e-14,1.3568952666852332,1.3567255144385266
213.24947118604828,15.550021152558068,2.428387047597918e-13,9.910680521991491,9.9094531584606,3.302168871411194e-14,1.3476739940032947,1.3475070946760388
214.16000735248545,15.511999632375726,2.3901075181537684e-13,9.901554895157453,9.90032841416396,3.250115608045383e-14,1.3464330731668372,1.346266293848767
215.07443134150822,15.467022746339671,2.3479816986678947e-13,9.858289161436014,9.85707426642685,3.192832083194376e-14,1.3405497128831039,1.340384509050162
215.99275975340615,15.430289609863756,2.305759897905144e-13,9.824357992630333,9.823153295990927,3.1354180410994e-14,1.3359356852505833,1.3357718682121884
216.91500925934992,15.384249537032504,2.264400121847349e-13,9.798569724396735,9.797376222083493,3.0791761972954294e-14,1.332428945388302,1.3322666505765814
217.8411966016924,15.346352135932305,2.2292530493160866e-13,9.832859923671277,9.831662553392981,3.0313825109682146e-14,1.3370917946960714,1.3369289739107912
218.77133859427317,15.301433070286341,2.189839910793477e-13,9.779872792093064,9.778695622118986,2.977787743493763e-14,1.3298864994505701,1.3297264255427224
219.70545212272467,15.261781915091014,2.1523937759700744e-13,9.717810660184062,9.716653059229497,2.926867746662607e-14,1.3214471676609345,1.321289754787173
220.64355414477677,15.22425783420893,2.1187591898236696e-13,9.707983605149739,9.706827737546481,2.88113076931984e-14,1.3201108652266054,1.3199536880573923
221.58566169056678,15.186573532377327,2.081501213807986e-13,9.666650647412663,9.665504893501383,2.8304666345673196e-14,1.3144903276546505,1.3143345257653318
222.53179186294668,15.143410406852665,2.0418567909085018e-13,9.604520721914106,9.603392052231477,2.776557362009952e-14,1.3060417771582469,1.305888298416225
223.48196183779532,15.100721526488188,2.0104512525498554e-13,9.639790019436425,9.638654308850683,2.7338514880594157e-14,1.3108377661876707,1.3106833300096783
224.4361888643288,15.06255244542685,1.9764205966086444e-13,9.634528045027682,9.633399757728952,2.6875759271541103e-14,1.310122232471087,1.3099688057263859
225.39449026541413,15.024220389383435,1.9421180428208014e-13,9.603937232773802,9.602822788907229,2.6409306341641938e-14,1.3059624331476691,1.3058108888603293
226.3568834378846,14.985724662484616,1.9096164420594955e-13,9.550299744270065,9.549201946663405,2.596734312819463e-14,1.2986687010775315,1.2985194203816306
227.32338585285368,14.947064565885851,1.876928488375078e-13,9.500944642430078,9.499859696851829,2.552284585073803e-14,1.2919572964395207,1.2918097633879337
228.29401505603443,14.908239397758623,1.8440814323611759e-13,9.457707325857125,9.456632575105633,2.5076185068249097e-14,1.2860778003760007,1.285931653637176
229.2687886680558,14.869248453277768,1.8114915239641471e-13,9.426189611860906,9.425122785290217,2.46330210300565e-14,1.2817919591152633,1.281646889922261
230.24772438478465,14.830091024608615,1.7800049322183264e-13,9.409439841724671,9.40837972289639,2.4204860110516386e-14,1.2795142921510172,1.2793701350901314
231.23083997764516,14.790766400894194,1.7530252401201767e-13,9.449347841308995,9.448281350744995,2.383798490627374e-14,1.2849410610871306,1.2847960375849843
232.21815329394224,14.75127386824231,1.7198537886360768e-13,9.388178223221116,9.387133507626217,2.338691292984118e-14,1.2766230950970834,1.2764810325984235
233.20968225718627,14.711612709712549,1.6927813736941588e-13,9.365024412086456,9.363988664258882,2.3018776861978534e-14,1.273474593936239,1.2733337508923666
234.20544486741676,14.67178220530333,1.6641909241834437e-13,9.319493596220461,9.318469372965936,2.2629998258965785e-14,1.2672832232899758,1.267143947380404
235.20545920153108,14.633836223954068,1.6344968949201515e-13,9.264353033137443,9.263342068590472,2.2226212959595946e-14,1.2597851001573828,1.2596476271931614
236.20974341361062,14.601610263455575,1.6054721994656754e-13,9.22440609670306,9.223404753461043,2.1831529394112563e-14,1.2543530365111721,1.2542168718710807
237.2183157352524,14.561267370589903,1.5816690393954304e-13,9.265466215097138,9.264455264514574,2.150784930241165e-14,1.2599364728481224,1.2597990017828085
238.23119447589823,14.520752220964072,1.552074531325662e-13,9.220422816903362,9.219427190283382,2.1105417311970156e-14,1.2538113822236605,1.2536759949411722
239.24839802316794,14.482548059304962,1.524944208114944e-13,9.199921941980394,9.19893682575233,2.0736493795982964e-14,1.251023632590657,1.2508896745321074
240.2699448431938,14.449202206272247,1.5006281725013978e-13,9.184043065481383,9.18306542288429,2.040583952092165e-14,1.2488643914705115,1.2487314496911246
241.29585348095418,14.411124395571374,1.4740611136472394e-13,9.11613577717506,9.115175504993704,2.0044575385371555e-14,1.2396302237208157,1.2394996440050126
242.326142560612,14.376954297575521,1.4520432794641482e-13,9.123898686427752,9.122935572353853,1.9745172509181715e-14,1.2406858395177778,1.24055487335579
243.360830785851,14.33556676856596,1.425182434606591e-13,9.065595800094691,9.064645966698496,1.937991341328854e-14,1.232757697397563,1.2326285371684698
244.39993694021726,14.298001891793483,1.399157248588937e-13,9.021462747243348,9.020524662704277,1.9026017772043085e-14,1.2267563973383235,1.2266288347421248
245.44347988745832,14.262260804501668,1.374347946071566e-13,8.997626290433079,8.99669643414465,1.8688655955790098e-14,1.223515068664566,1.223388624962209
246.49147857186657,14.225255642844003,1.3541525471587398e-13,9.044734187186313,9.043797084659037,1.841403491586307e-14,1.2299208938978232,1.229793464837536
247.54395201862368,14.19368143944129,1.3306630170063542e-13,9.013788516332927,9.012863066613395,1.8094619625989868e-14,1.2257128401982258,1.2255869957098475
248.6009193341445,14.15596322663422,1.3063052318517956e-13,8.928488387672854,8.927585054705714,1.7763397632389353e-14,1.2141135595206547,1.2139907225121327
249.66239970642565,14.12012800880723,1.286653062174624e-13,8.928932062726291,8.92802818005099,1.749616353135163e-14,1.2141738913343967,1.2140509795754684
250.72841240539208,14.080863503784316,1.2645361498023869e-13,8.896102932918929,8.895205614779638,1.719541337029484e-14,1.2097097211506267,1.2095877020503252
251.79897678324866,14.046030696502541,1.240661956138093e-13,8.831688323313683,8.83080654358184,1.6870767349693402e-14,1.2009504947780043,1.2008305886211659
252.87411227483005,14.013776631755098,1.2222684127202015e-13,8.87300173298324,8.872111391141976,1.66206482981625e-14,1.2065683741649669,1.2064473037155077
253.95383839795394,13.981384848061381,1.2014648767295627e-13,8.866940509979088,8.866055344073914,1.6337757689634828e-14,1.2057441570391676,1.2056237904237637
255.03817475377636,13.93885475738671,1.180687434976528e-13,8.844747524983894,8.843871932691068,1.6055221915725562e-14,1.2027263109224493,1.2026072461458404
256.1271410271456,13.906185769185631,1.1604573699763213e-13,8.797412889732186,8.796550873825627,1.578012947946674e-14,1.1962896533384613,1.196172434705784
257.2207569869619,13.873377290391144,1.140630739604335e-13,8.74793680528909,8.747086190732169,1.551052302729879e-14,1.1895617972461257,1.1894461289915856
258.3190424865336,13.837238300538656,1.1212394488487249e-13,8.712636401872208,8.71179288190165,1.5246836409578608e-14,1.1847615783754646,1.1846468748568493
259.4220174639405,13.797339476081785,1.1028841168154195e-13,8.702734884199835,8.701892988067675,1.499723696403407e-14,1.1834151503639259,1.1833006676580766
260.52970194239344,13.764108941728198,1.0820183497090041e-13,8.646812487216472,8.645984289708915,1.4713500124451282e-14,1.1758107119068923,1.175698091967186
261.6421160305985,13.730736519082043,1.0646299556425545e-13,8.660066069904719,8.659237061783053,1.4477049293160374e-14,1.1776129603677004,1.17750023019908
262.7592799231234,13.697221602306298,1.0472838392448065e-13,8.665216697592506,8.664390700366143,1.4241173361993724e-14,1.1783133529363259,1.1782010321952208
263.88121390076157,13.663563582977153,1.0290214869990959e-13,8.6313885938284,8.630573312784705,1.3992838274042302e-14,1.1737133402925755,1.1736024767592437
265.0079383309029,13.629761850072914,1.012245793783541e-13,8.593110735017472,8.592305233130674,1.3764719070443578e-14,1.1685082411320136,1.1683987073878324
266.13947366790137,13.595815789962959,9.945508799623375e-14,8.543880033387179,8.543084295071656,1.3524100122733079e-14,1.16181375268125,1.1617055466068553
267.27584045344815,13.561724786396555,9.786049849371063e-14,8.529776880026379,8.528984359131654,1.3307264679506702e-14,1.1598959779153681,1.1597882093522351
268.417059316943,13.52748822049171,9.605317732868182e-14,8.482326386549726,8.481543546578074,1.306150156288556e-14,1.1534435657001614,1.153337113568149
269.56315097586935,13.49310547072392,9.461657839282259e-14,8.517966202558446,8.517177155663173,1.2866149990269108e-14,1.1582899385682441,1.1581826424064467
270.71413623617144,13.458575912914856,9.29298232701078e-14,8.490063574222049,8.489283783344245,1.2636781683209828e-14,1.1544956838256097,1.154389646315426
271.8700359926299,13.432599280147404,9.139286792152772e-14,8.485874581116786,8.485099354270812,1.2427783446546921e-14,1.1539260562348004,1.153820639350717
273.03087122924325,13.399073863122704,8.980480348271487e-14,8.437549039951085,8.43678618217497,1.221183529442553e-14,1.1473546532992869,1.1472509183858557
274.19666301960683,13.364100109411794,8.823605166158314e-14,8.380030389049205,8.3792800073479,1.1998513310360636e-14,1.139533153068439,1.139431114676405
275.3674325272976,13.328977024181071,8.679592830263935e-14,8.360321382868655,8.359574221239482,1.1802682479702881e-14,1.136853083317604,1.1367514827973653
276.5432010062561,13.299135979874878,8.543969711641902e-14,8.363317260756236,8.36256899118828,1.161825947308193e-14,1.1372604687347148,1.1371587175547626
277.7239898011733,13.268280305964803,8.385802090609795e-14,8.316411945504615,8.315674323032933,1.1403180004941121e-14,1.1308821909358424,1.1307818875691589
278.909820347879,13.23270538956363,8.24259844759241e-14,8.306229223294256,8.305495387419572,1.1208448850896937e-14,1.1294975241734935,1.12939773571578
280.10071417372905,13.197985716525418,8.110977722252579e-14,8.317235531436987,8.316503008011999,1.10294683780437e-14,1.1309941837844082,1.1308945737962077
281.296692897998,13.17109921306006,7.972701323842904e-14,8.297090426524207,8.296364806773157,1.0841437388942953e-14,1.128254812463016,1.1281561412500904
282.4977782322699,13.135066653031902,7.835274748246802e-14,8.242298616557104,8.241585594983224,1.0654562005759298e-14,1.1208041134708346,1.1207071553830275
283.7039919808343,13.105920160383313,7.701752703214996e-14,8.200389051856668,8.199684171659268,1.0472996080678561e-14,1.1151051677403727,1.1150093167330866
284.9153560410802,13.072539318767593,7.578689786320931e-14,8.191797237377628,8.19109326138261,1.0305652685483542e-14,1.1139368357666994,1.1138411077146466
286.1318924038944,13.046043227883168,7.44051990204016e-14,8.142937483345701,8.14224341012348,1.0117766536407857e-14,1.1072927895060907,1.107198408052724
287.3536231540618,13.009391305378147,7.32684052571301e-14,8.168863849806353,8.168165294814846,9.96318306578678e-15,1.1108183082391876,1.110723317345944
288.5805704706639,12.978388590586722,7.204549538942494e-14,8.163607095825144,8.162912216205296,9.796889356484053e-15,1.1101034844066942,1.1100089932977786
289.8127566274841,12.945617301175478,7.079239849081776e-14,8.144815680103587,8.144127527317332,9.626490754846985e-15,1.1075481904264017,1.1074546140456598
291.0502039934096,12.91849388019771,6.95606047070034e-14,8.105682691252236,8.105004506761937,9.458988993011567e-15,1.102226808986897,1.10213458811481
292.2929350328398,12.884141299343204,6.840785236676483e-14,8.065941315711143,8.0652715346147,9.302235443442622e-15,1.0968226979186604,1.0967316197567372
293.54097230609216,12.859180553878156,6.734937798564548e-14,8.059170070580636,8.05850109587398,9.158301997743514e-15,1.0959019305758775,1.0958109620684369
294.79433846981243,12.826169845905627,6.61778250280461e-14,8.027171534004145,8.026507895784,8.998991902937123e-15,1.0915507061070218,1.0914604632656013
296.05305627738704,12.79840831167839,6.496515477720335e-14,7.978534447649555,7.977880839709001,8.834090597044372e-15,1.0849369386388115,1.0848480597347034
297.31714857935407,12.763657028412918,6.386992073968251e-14,7.970127439077149,7.969476900216576,8.685158500359507e-15,1.0837937369388622,1.0837052753743373
298.58663832382035,12.738267233523594,6.295069834085134e-14,8.011857478157971,8.011201335507781,8.560160815401223e-15,1.0894682704195018,1.0893790468405504
299.86154855687573,12.704153543293728,6.181175939314226e-14,7.97532191266085,7.974675560416848,8.405285638345614e-15,1.084500091759377,1.084412199499277
301.14190242301385,12.677161951539723,6.074839895694166e-14,7.933936773695158,7.933299679558628,8.260687777185663e-15,1.0788724584804599,1.0787858251561762
302.42772316555016,12.647168305033494,5.980594391438478e-14,7.917882953504204,7.9172492917983295,8.13253087125445e-15,1.0766894281701047,1.0766032615945493
303.71903412704484,12.615619317459103,5.876450425334291e-14,7.8749440751719915,7.874317837201013,7.99091384057776e-15,1.070850514330476,1.070765357249116
305.01585874972744,12.589524237508176,5.76916141016436e-14,7.8262461454565155,7.825628570155985,7.84502010980327e-15,1.0642284732613772,1.0641444941471259
306.3182205759203,12.553635588481594,5.689306218175581e-14,7.871271519564386,7.870646002372874,7.736431435906848e-15,1.0703511129348888,1.0702660538665503
307.6261432484684,12.527477135030631,5.583568764869608e-14,7.8297567644099715,7.829140614925644,7.5926475497283e-15,1.0647058541895513,1.0646220689606154
308.93965051116606,12.501206989776678,5.490231774045784e-14,7.822529668334939,7.821917489397366,7.465726058380987e-15,1.0637230993312072,1.063639854025094
310.25876620919064,12.47223701372428,5.3939979951468746e-14,7.795939034302605,7.795333997130911,7.334865457154924e-15,1.0601072521762194,1.0600249780215951
311.5835142895329,12.438329714209342,5.2956847043267306e-14,7.730082841249677,7.729490657992745,7.201177094373792e-15,1.0511519964271765,1.0510714701733759
312.91391880143294,12.411721623971342,5.214399850092227e-14,7.719877560604189,7.719287260598262,7.0906443374000284e-15,1.049764262124077,1.049683991958483
314.2500038968177,12.384999922063647,5.130532371061348e-14,7.707238318466747,7.706649598434536,6.9765996760049495e-15,1.0480455529098363,1.0479654975922021
315.5917938307371,12.358164123385258,5.0487815302930827e-14,7.704773935642433,7.704185514305054,6.865433261300305e-15,1.0477104412455842,1.0476304265450656
316.93931296180705,12.33121374076386,4.9613054102340625e-14,7.678923593287004,7.678340832596152,6.746481498262177e-15,1.0441952604210998,1.0441160154665232
318.29258575264885,12.301222427420534,4.876499833385419e-14,7.667394987283934,7.66681574272274,6.631161192848479e-15,1.0426275777112222,1.0425488108869303
319.6516367703361,12.266967264593278,4.793930467535442e-14,7.656283728773826,7.655708907440673,6.5188817315032774e-15,1.0411166467411952,1.0410384813962252
321.0164906868383,12.239670186263234,4.7137932333264155e-14,7.643240604018737,7.6426699944709116,6.4099095310018e-15,1.0393430167675553,1.0392654241495076
322.3871722794698,12.212256554410605,4.63460473815403e-14,7.603382687352902,7.602819723107072,6.302227444659423e-15,1.0339230582060313,1.0338465052113126
323.7637064313404,12.184725871373193,4.554539619882699e-14,7.557049771854334,7.556494924262711,6.193353308840354e-15,1.027622616460864,1.0275471671848826
325.14611813180505,12.1570776373639,4.4832050720572883e-14,7.552148865351206,7.55159437032596,6.096351175873835e-15,1.0269561814742199,1.0268807801409137
326.53443247691985,12.129311350461604,4.400895861398803e-14,7.506750540661572,7.5062035390478075,5.984425478717885e-15,1.0207828272408979,1.0207084448765473
327.9286746698952,12.101426506602095,4.341453910383319e-14,7.555622147911307,7.55506757046872,5.903595134768619e-15,1.0274284853255735,1.027353072784994
329.32887002155604,12.073422599568879,4.264866147225681e-14,7.530965711781839,7.530417139278574,5.799449575402236e-15,1.0240756542376626,1.0240010582606422
330.7350439507986,12.045299120984028,4.191140573663165e-14,7.51189713370808,7.5113541510988,5.699196078215331e-15,1.0214826711710001,1.0214088353188506
332.1472219850534,12.027055560298932,4.118352159273337e-14,7.485556422816236,7.48501961634593,5.600216948658852e-15,1.017900809060348,1.017827813051826
333.5654297607494,11.998691404785012,4.0498080169172726e-14,7.449104212077637,7.448573891109726,5.507009264393831e-15,1.012943965145611,1.0128718510485677
334.9896930237769,11.970206139524462,3.989940848510145e-14,7.451158596511696,7.450627844985888,5.4256007014017415e-15,1.0132233244155746,1.0131511517704144
336.4200376299579,11.941599247400841,3.9219043909285916e-14,7.419554158227136,7.419028399436103,5.333083376962407e-15,1.0089256902141015,1.0088541964909186
337.8564895455126,11.912870209089748,3.851608144203507e-14,7.382498223183381,7.381978361051473,5.237493146425545e-15,1.003886750670936,1.003816058787156
339.29907484753375,11.887009251524663,3.785503954381142e-14,7.361903969886148,7.361388448476122,5.1476033580093226e-15,1.001086303261395,1.001016201637586
340.74781972445726,11.865043605510854,3.722458534303572e-14,7.355425675659752,7.354912891663196,5.061872945359032e-15,1.0002053719635853,1.0001356425786894
342.20275047653894,11.83594499046922,3.665209494232612e-14,7.373828982516198,7.373315150727079,4.984024565205837e-15,1.0027078901306337,1.0026380182648267
343.6638935163329,11.806722129673343,3.6021011398206656e-14,7.3488971685145845,7.348388950154866,4.8982085731994335e-15,0.99931761261349,0.9992485040729464
345.13127536916875,11.787374492616626,3.54446194038375e-14,7.323261392863924,7.322757881817078,4.8198296466020796e-15,0.995831608995087,0.9957631405642843
346.60492267363554,11.75790154652729,3.4819675981623976e-14,7.273902498033907,7.273406752442625,4.7348486005506275e-15,0.9891196885787691,0.9890522761100158
348.0848621820631,11.72915137817937,3.420463146437908e-14,7.232598966574808,7.232109395946622,4.651213627230077e-15,0.983503152450457,0.9834365796654329
349.57112076101,11.7085775847798,3.3706355125262436e-14,7.255647728884419,7.2551545070048835,4.5834570223668086e-15,0.9866373688637196,0.9865702995742951
351.0637253917491,11.678725492165018,3.316561774863631e-14,7.254971135057733,7.254478760162174,4.509926481406725e-15,0.9865453642932257,0.986478410178362
352.5627031707583,11.654372968292417,3.260384213493081e-14,7.243567942236945,7.243078897738066,4.433535119241818e-15,0.9849947355166164,0.9849282342756988
354.06808131021376,11.628638373795724,3.201258186675716e-14,7.211077244050582,7.210595103403073,4.353134375283125e-15,0.9805765859359079,0.9805110234943928
355.579887138481,11.60420112861519,3.1482442034637845e-14,7.1976877150465475,7.197209222244977,4.281044909444012e-15,0.978755851225446,0.9786907848252564
357.09814810061414,11.578037037987718,3.095119542539223e-14,7.159331985429197,7.15885984296834,4.208804941856107e-15,0.9735401630381791,0.9734759601699149
358.6228917588513,11.553771082411487,3.046280958062841e-14,7.144410192743461,7.143940148015724,4.142393266031522e-15,0.9715110680732216,0.9714471504588678
360.15414579311766,11.528458542068822,2.995192337589033e-14,7.1201403439185365,7.119673574206459,4.0729219466309245e-15,0.9682108058937312,0.9681473336225022
361.6919380015255,11.50616123996949,2.9460844080817684e-14,7.107378422465077,7.1069137513989045,4.0061440100912145e-15,0.9664754145027791,0.9664122276095829
363.2362963008801,11.477637036991199,2.8951721384447467e-14,7.08183620999724,7.0813763837672115,3.936912496056183e-15,0.9630021337915476,0.9629396057087792
364.78724872718726,11.454255025456254,2.8485151024752495e-14,7.084282409412205,7.083823445243506,3.873467333159606e-15,0.9633347728397321,0.9632723619817729
366.34482343616014,11.433103531276798,2.8031138256522873e-14,7.091155079858969,7.090696759133637,3.8117297764569355e-15,0.9642693321981843,0.9642070088369306
367.9090487037329,11.401819025925343,2.75497902717373e-14,7.068772263580817,7.0683186880494135,3.746275122790927e-15,0.9612256724471022,0.9611639943467304
369.47995292657146,11.380400941468572,2.7059297055950396e-14,7.01763978293336,7.017194178162766,3.679576882474909e-15,0.9542725763136384,0.9542119820931304
371.05756462259166,11.358848707548166,2.6623343931133925e-14,6.9945502402056885,6.994108150405135,3.620295111902653e-15,0.951132814498245,0.9510726982503349
372.64191243147457,11.333580875685254,2.6207596528348578e-14,6.986026823633056,6.985585970100913,3.563760955487768e-15,0.949973783407544,0.9499138352698642
374.2330251151874,11.307669748848125,2.5746585213415053e-14,6.951371360789997,6.950935515051231,3.5010717225235384e-15,0.9452612648352722,0.9452019976672681
375.8309315585069,11.283381368829861,2.5385281648548264e-14,6.987359719444061,6.986918877907265,3.4519409471715137e-15,0.9501550332235605,0.9500950867170316
377.43566076954085,11.261286784609183,2.494003312825035e-14,6.9625939911920955,6.9621580199377116,3.3913951702854102e-15,0.9467873403760646,0.9467280561401978
379.04724188025807,11.23905516239484,2.4497231541220383e-14,6.9348297285435265,6.934399485102958,3.331182132238275e-15,0.9430119008740924,0.9429533955177085
380.66570414701386,11.21334295852986,2.4089157457602114e-14,6.924334982316706,6.923907626807635,3.275691408982819e-15,0.9415848044671236,0.9415266918173927
382.29107695108434,11.194178460978312,2.3724146989688616e-14,6.922749124296947,6.922322718564859,3.2260565616023138e-15,0.9413691563482413,0.9413111728510684
383.92338979919725,11.170766102008027,2.328014883540584e-14,6.855044533388419,6.854627661077441,3.1656808119668973e-15,0.9321625517927228,0.9321058646690608
385.5626723240685,11.144373276759316,2.2915140000721236e-14,6.8460561281300665,6.845640272113709,3.1160461866760964e-15,0.9309402906182892,0.9308837416923854
387.2089542849416,11.117910457150584,2.2579873007520635e-14,6.86037075928728,6.859952791595272,3.0704559159795954e-15,0.9328868225543675,0.9328299864786205
388.8622655681249,11.10137734431875,2.2195678879366502e-14,6.841181651954255,6.840766831053243,3.0182124364311244e-15,0.930277449679975,0.9302210415111087
390.5226361875374,11.074773638124626,2.1818910392425026e-14,6.825342018130414,6.824930524610481,2.9669787103026013e-15,0.9281235448566324,0.9280675891516448
392.19009628525043,11.05619807429499,2.1462127123103063e-14,6.822820708457695,6.82241086726156,2.918462613704215e-15,0.9277806921666266,0.9277249611479064
393.86467613203814,11.031353238679618,2.1098029670394222e-14,6.806478261091127,6.806072116002655,2.868951919942093e-15,0.9255584137604748,0.9255031853458052
395.546406127924,11.00453593872076,2.0754159523792836e-14,6.793314611180893,6.792910964138608,2.822191775382851e-15,0.9237683945371913,0.9237135058117968
397.23531680273413,10.985293663945317,2.0403373896574695e-14,6.7552728335937,6.754874520393432,2.774491250053332e-15,0.9185953981696707,0.918541234750693
398.93143881665253,10.960685611833474,2.006449713384897e-14,6.726659520961126,6.726265128891662,2.7284101157372687e-15,0.9147045031668868,0.9146508729510527
400.63480296077495,10.943651970392251,1.9740522846744887e-14,6.71478989981519,6.714396980692699,2.684355449613474e-15,0.9130904485415203,0.9130370186199371
402.3454401576712,10.916545598423289,1.9392147040015694e-14,6.6831575708936715,6.682769113651348,2.6369826164536265e-15,0.9087890217159159,0.9087361985296475
404.0633814619431,10.898732370761138,1.913032104736342e-14,6.724931032705124,6.724537553508176,2.6013789986729315e-15,0.9144694599055906,0.9144159538239718
405.78865806079153,10.872113419392086,1.8786381975161284e-14,6.692094600712084,6.691706781247463,2.554609481473794e-15,0.9100042967561295,0.9099515602961378
407.52130127457986,10.8547869872542,1.846406330741165e-14,6.675670909808243,6.675286656812004,2.5107799497535356e-15,0.9077709706926427,0.9077187192080952
409.26134255740357,10.827386574425965,1.817000816484428e-14,6.674186927908491,6.673803726358134,2.470793748244808e-15,0.9075691758906178,0.9075170673837669
411.0088134976627,10.809911865023372,1.7871641272339156e-14,6.643861498848709,6.6434828809214785,2.4302212264277152e-15,0.9034454639002885,0.9033939786836013
412.76374581863223,10.784725083627356,1.7560715444422383e-14,6.601616673290684,6.601243569349135,2.3879409156642344e-15,0.8977009287334625,0.8976501933194848
414.52617137904144,10.764738286209585,1.7271033703129195e-14,6.58084373623675,6.580473100239845,2.3485494179348765e-15,0.894876183552288,0.8948257837343179
416.2961221736489,10.74703877826351,1.701488559191673e-14,6.594730739852867,6.594358162105039,2.31371788973375e-15,0.8967645658471814,0.8967139019860693
418.07363033382643,10.719263696661736,1.671670890762525e-14,6.567421764933424,6.567053369109212,2.2731712328068034e-15,0.8930510372736231,0.8930009420787788
419.85872812813994,10.7014127187186,1.6460637368499395e-14,6.579377611396723,6.579008650964594,2.2383501170298856e-15,0.8946768169886619,0.8946266450173131
421.65144796293595,10.68348552037064,1.6173352327880255e-14,6.555238490010632,6.55487384469323,2.1992845274117475e-15,0.8913943313855859,0.8913447461920961
423.45182238293154,10.655481776170685,1.5887401510369375e-14,6.528385894823586,6.5280258147700625,2.160400368098139e-15,0.8877428622332124,0.8876938978333595
425.2598840718021,10.637401159281978,1.5634862012671767e-14,6.51557849344886,6.515220596353096,2.1260595463200062e-15,0.8860012863923629,0.8859526188354355
427.0756658527779,10.619243341472222,1.539154574274711e-14,6.502680611852684,6.502324264877302,2.092972917347584e-15,0.8842474068715439,0.8841989501030608
428.8992006892368,10.60100799310763,1.5174306600474883e-14,6.518060943463075,6.51770246076503,2.0634323079141327e-15,0.8863388548689317,0.886290107680645
430.7305216853059,10.572694783146941,1.486545515689897e-14,6.435528929935697,6.435181049098825,2.0214340760476095e-15,0.8751159879773224,0.8750686824511454
432.56966208645963,10.554303379135403,1.4633249155482498e-14,6.434788763637556,6.434441341343298,1.989858243422789e-15,0.8750153386960718,0.8749680955234291
434.41665528012436,10.535833447198756,1.442486380653837e-14,6.465992016518478,6.465641133238938,1.961521590366509e-15,0.879258418910656,0.8792107051063702
436.2715347962861,10.517284652037139,1.4187725053169689e-14,6.45997526160979,6.459626157793647,1.929274992347717e-15,0.8784402486446752,0.8783927768153513
438.13433430809596,10.497313313838081,1.3944056014761866e-14,6.440897840348869,6.440552164668928,1.8961403932172805e-15,0.8758460630638828,0.8757990573993188
440.00508763248496,10.469949123675152,1.3695359562331291e-14,6.405370865974418,6.405030699223309,1.8623221563567692e-15,0.8710150346250357,0.8709687780755406
441.8838287307745,10.451161712692254,1.3482951447115222e-14,6.392707333130238,6.392368786982008,1.8334384795641657e-15,0.8692930223123153,0.8692469861356141
443.7705917092964,10.432294082907037,1.3268085522896221e-14,6.374862411252073,6.3745260037256815,1.8042205850285803e-15,0.866866434442102,0.8668206890794402
445.66541082000884,10.413345891799912,1.3032164828878731e-14,6.33461299907072,6.334281348892093,1.7721396211362347e-15,0.8613932395438945,0.861348141094817
447.5683204611196,10.394316795388805,1.2857139008226521e-14,6.367225334657491,6.366889651395576,1.748339262901635e-15,0.8658279296195632,0.8657822827438213
449.47935517771197,10.37520644822288,1.263186614767763e-14,6.337835620975843,6.337504071801087,1.7177062125230252e-15,0.8618314580622297,0.8617863733478589
451.3985496623684,10.356014503376315,1.2426611908412297e-14,6.33473276460316,6.334402445658346,1.6897953339710412e-15,0.861409525498536,0.8613646080732729
453.3259387558044,10.336740612441956,1.2208993355666297e-14,6.310206680755735,6.309880334751991,1.6602031315488521e-15,0.858074419972475,0.8580300427956186
455.26155744749684,10.31738442552503,1.2010139127491412e-14,6.305571463143902,6.305246546296148,1.6331625391985864e-15,0.8574441138882307,0.8573999310508402
457.20544087632334,10.297945591236767,1.1806057708805473e-14,6.278894896029115,6.2785737082316,1.6054111431151342e-15,0.8538165813822531,0.8537729056285103
459.1576243311965,10.278423756688035,1.163791491767337e-14,6.285518666099338,6.285196655291256,1.582546752886326e-15,0.85471729477384,0.8546735071054878
461.11814325170616,10.258818567482939,1.1454624230625101e-14,6.272242283641976,6.271921789834041,1.5576225217268386e-15,0.8529119459552068,0.8528683645715436
463.08703322876426,10.239129667712358,1.1256711107469586e-14,6.242595952895438,6.242278834881255,1.5307099027036734e-15,0.8488805791004208,0.8488374567638873
465.0643300052473,10.219356699947527,1.1065785505280055e-14,6.220734936629192,6.220420619836076,1.5047474606403564e-15,0.8459078747498843,0.8458651333289473
467.0500694766494,10.199499305233505,1.089707983807711e-14,6.228090049154435,6.227775520630682,1.4818065294070392e-15,0.8469080375390329,0.8468652673265442
469.04428769172983,10.179557123082702,1.0707485634382522e-14,6.203843063011439,6.203532288387773,1.4560251335517303e-15,0.8436108842723763,0.8435686245226669
471.0470208531715,10.159529791468286,1.0535900744673698e-14,6.20531041644041,6.205000247816644,1.4326926799314779e-15,0.843810417901964,0.8437682405573226
473.05830531823455,10.149416946817654,1.0362486272415014e-14,6.196233209660587,6.1959248019420565,1.4091114360473423e-15,0.8425760813205139,0.8425341434272592
475.07817759941804,10.129218224005818,1.0199602079201484e-14,6.183523018608666,6.18321645295457,1.3869621203932876e-15,0.8408477243321641,0.8408060369264846
477.10667436512415,10.108933256348758,1.0033191627148649e-14,6.159276886786673,6.158973049510546,1.3643332970683608e-15,0.8375506872377719,0.8375093708423402
479.1438324403205,10.088561675596795,9.866762449058722e-15,6.133486905949597,6.133186030876605,1.3417019273397695e-15,0.8340437144922731,0.8340028009030986
481.1896888072126,10.068103111927874,9.713569881184328e-15,6.13105505709804,6.130754412104295,1.3208704981214842e-15,0.8337130268621635,0.8336721445596215
483.244280605911,10.05755719394089,9.571132322044218e-15,6.147476190995347,6.147173836557199,1.3015015563221313e-15,0.8359460052188304,0.835904890462648
485.30764513510985,10.036923548648902,9.413993921595496e-15,6.135875437411606,6.13557508221285,1.2801335649643124e-15,0.8343685117378372,0.8343276688421926
487.3798198527604,10.016201801472395,9.249107140618118e-15,6.11247073523227,6.11217387851055,1.2577119334542418e-15,0.8311858939151263,0.8311455267493277
489.46084237675257,9.997234945739484,9.098820818828104e-15,6.10699684899625,6.106701423451277,1.237275701342694e-15,0.8304415440079683,0.8304013714564223
491.5507504855991,9.981043245629609,8.928239399966545e-15,6.060771062272382,6.060481436575754,1.2140797016785144e-15,0.8241556698460615,0.8241162859693969
493.6495821191181,9.963153760927936,8.790534319770264e-15,6.051050239462615,6.050761933789621,1.1953542917522368e-15,0.8228338130803261,0.8227946087030933
495.75737537912585,9.945940996966993,8.6559093706756e-15,6.042786759312042,6.04249923260001,1.1770477241622203e-15,0.8217101286598488,0.8216710302072726
497.87416853012434,9.928006651759004,8.527413763733899e-15,6.044968977644714,6.044681179318644,1.1595746366749645e-15,0.8220068710368887,0.8219677356496969
499.99999999999994,9.911,8.380969526731578e-15,6.019129939364108,6.018844998639402,1.1396608588731525e-15,0.8184932273629192,0.8184544805580285
