energy,LET,yF,yD,ystar,zF,zD,zstar
0.1,81.45,0.5276903102840366,191.044945873522,186.00759280549045,0.07175637500162534,25.978670654169807,25.293681393005052
0.10042698167614349,81.40047012556735,0.5167733534594671,190.0579683515589,185.0554732476196,0.07027186556017148,25.844459493184043,25.164210287113065
0.10085578648580461,81.35072876764667,0.5102187815466648,189.7754032844441,184.81833088275602,0.06938056187127677,25.806035734924514,25.131963197996033
0.10128642221342939,81.3007750232422,0.5040487546589419,189.37673504638846,184.46389671992335,0.06854154937759038,25.751824037204006,25.083766537557228
0.10171889667670206,81.25060798550257,0.49355460627012476,188.63374603049266,183.74755961088746,0.06711453426581897,25.65079091719464,24.986357596703467
0.1021532177266869,81.20022674370432,0.4878378831269495,188.36867150462214,183.52379877978586,0.06633716291438871,25.61474555742386,24.955930155088026
0.10258939324797083,81.14963038323539,0.4775504694454482,187.50964938440075,182.69323295608214,0.06493825999815112,25.497934025750823,24.842988167055047
0.10302743115880644,81.09881798557845,0.4719721390910835,187.3273713048815,182.54764021301634,0.06417970757262849,25.473147490971513,24.823190177087557
0.10346733941125588,81.04778862829431,0.4621382575899662,186.2692427719563,181.52893852398304,0.06284247686180514,25.329261074395795,24.68466510094258
0.10390912599133514,80.99654138500512,0.4563036608255433,186.07995853438388,181.37670236444905,0.06204907682156972,25.303521828348558,24.663963726027344
0.104352798919159,80.94507532537756,0.450755762584765,185.66728288984814,181.0086775107407,0.061294662615210944,25.247405375712912,24.61391897648779
0.10479836624908666,80.89338951510595,0.4412182090786725,184.8591142429967,180.2295986045056,0.0599977271728814,25.13750900021037,24.5079782816102
0.105245836069868,80.8414830158953,0.43628599958755243,184.76008268607998,180.1592562809889,0.0593270355438445,25.12404249268385,24.498412992943
0.10569521650479036,80.78935488544431,0.4268436592207301,183.72852924851588,179.16665795897057,0.058043047373036526,24.983769810283786,24.363437504417554
0.106146515711826,80.73700417742818,0.4219171988572086,183.63105035149658,179.09928261507093,0.05737313752177317,24.970514436529626,24.35427567152333
0.10659974188378026,80.68442994148148,0.41308668493261896,182.47740879314267,177.98988443809975,0.056172346724062946,24.813639969317705,24.20341750706316
0.10705490324844026,80.63163122318093,0.4079922468920597,182.49870273941224,178.03369818744613,0.05547959493511282,24.816535562365377,24.2093753875985
0.10751200806872424,80.57860706402798,0.40296512593998857,182.04187964594357,177.62399131195548,0.05479599705737051,24.754415852062763,24.153662634065796
0.1079710646428316,80.52535650143153,0.3946579033282066,181.43447425586012,177.03169480117595,0.0536663644502602,24.671819662404904,24.073120979782292
0.10843208130439351,80.47187856869034,0.3898861133649161,181.08248153611123,176.72330245370523,0.053017486986790076,24.623954994238932,24.031185176714715
0.10889506642262431,80.41817229497558,0.3814693713004208,180.09475555734767,175.76838197633998,0.051872961707281354,24.489642056612965,23.901333196234592
0.10936002840247318,80.3642367053131,0.3770577155692886,180.03458729338124,175.73593869104656,0.05127305601098234,24.48146025674242,23.896921493953105
0.10982697568477705,80.31007082056585,0.3695877730281185,178.839848257911,174.59042656601326,0.050257278408516466,24.318997273080395,23.741152483207856
0.11029591674641363,80.24650023827719,0.36452625037293657,178.87632733326313,174.64381615232384,0.049569002518953575,24.323957770098563,23.74841250504608
0.11076686010045529,80.17727156523307,0.3600136322266671,178.4256084563324,174.2390426971958,0.04895536775319759,24.262668123267748,23.69337060779912
0.11123981429632372,80.1077472984404,0.3523326010474859,177.62371302797413,173.46184036110242,0.04791088589906646,24.153624792458064,23.58768509265135
0.11171478791994506,80.03792617576806,0.34828066577856587,177.47734915454112,173.34697774215851,0.0473598957046806,24.1337219426538,23.572065845911396
0.1121917895939058,79.96780692969584,0.34060441262003227,176.3149413571654,172.22665162847696,0.04631606357527374,23.97565542487293,23.419721678943134
0.11267082797760923,79.89738828729143,0.3365608019910641,176.25017461560878,172.188586444767,0.045766205381939436,23.96684831489915,23.414545499764614
0.11315191176743276,79.82666897018738,0.3321501020930103,175.71510484862586,171.69551252099058,0.045166429661718195,23.894088466739355,23.347496329657663
0.11363504969688576,79.7556476945578,0.32526231367633335,175.03678884846562,171.0419614770641,0.044229814531732414,23.80184971168073,23.258625162465965
0.11412025053676801,79.6843231710951,0.321474612333039,174.83723328538386,170.87294649428003,0.0437147553906288,23.774713750418815,23.23564216988644
0.11460752309532904,79.61269410498663,0.31436454819923526,173.806574906025,169.87803121073716,0.04274791476777142,23.634562779808736,23.100351616337477
0.115096876218428,79.54075919589108,0.31064821475429527,173.62447479109846,169.72824745218506,0.042242560375035536,23.609800445007718,23.079983723771793
0.11558831878969426,79.46851713791494,0.30413211824379444,172.6785529075318,168.81123602486318,0.04135648864765702,23.48117211115994,22.955286691104536
0.11608185973068856,79.39596661958878,0.3003059342753569,172.5571380837422,168.71777135296963,0.040836196562860874,23.46466188260957,22.9425771796447
0.11657750800106519,79.32310632384342,0.2966290854021688,172.20056743018898,168.39699277012284,0.04033621136050464,23.416174697925115,22.898957071724105
0.11707527259873446,79.24993492798603,0.2902676870622701,171.42093899056968,167.64188137197556,0.039471175797189506,23.310159276408008,22.796275526132916
0.11757516256002609,79.17645110367617,0.28687556040436923,171.23398407337743,167.4850078396238,0.03900990768637973,23.284736775965992,22.774943552064254
0.11807718695985331,79.10265351690157,0.28063976622976083,170.28234840327735,166.56351525483768,0.03816195202658127,23.155331470092804,22.64963716271718
0.11858135491187756,79.028540827954,0.27723367233800555,170.1023088281418,166.41374870172325,0.03769878462360967,23.130849331579384,22.629271609781036
0.11908767556867397,78.95411169140493,0.27171725638871785,168.93657431874448,165.29187656113317,0.03694865144168906,22.972330440899693,22.476717211007394
0.11959615812189742,78.87936475608109,0.26798090724296286,169.05128583525342,165.41655108789635,0.03644057527425767,22.987929140430843,22.49367070043333
0.1201068118024495,78.80216242899094,0.2646308016155434,168.60970021890626,165.01680048274972,0.03598502126651632,22.927881452488887,22.43931182028905
0.12061964588064612,78.71651913793211,0.2589523691738593,167.85185247721128,164.27925242254557,0.03521285676061975,22.82482781347488,22.339018572226102
0.12113466966638564,78.6305101657136,0.2558226975516846,167.61275770124888,164.07195748784693,0.034787277806115485,22.792315231624265,22.310830195861627
0.12165189250931804,78.54413395094389,0.250210804073445,166.53056938565322,163.02452771434682,0.03402416140044,22.645157118081375,22.168398617812212
0.12217132379901459,78.45738892556457,0.247113029024698,166.4032219785069,162.92411667070434,0.03360291980525339,22.627840165079608,22.154744524944682
0.12269297296513834,78.3702735148219,0.24405346136447814,166.07384672967584,162.6248250734984,0.03318687372653837,22.583051065468034,22.114046259948335
0.12321684947761515,78.28278613723828,0.23879807936315678,165.2961274166753,161.87218022222604,0.032472236458591146,22.477295250775065,22.01170012029329
0.12374296284680586,78.19492520458343,0.2359360700554086,165.05297318250462,161.6593124649508,0.03208305475647807,22.444230655745844,21.98275394046184
0.12427132262367879,78.10668912184565,0.2306770368491242,164.03343316968113,160.67132388621695,0.031367920990438246,22.30559158266917,21.84840529397108
0.12480193839998305,78.01807628720283,0.2278546835216773,163.8319026327565,160.49916747146835,0.03098413178717932,22.278187060546983,21.824995123242367
0.12533481980842284,77.92908509199339,0.22329233336106943,162.9718129979194,159.66341072972324,0.030363734363476228,22.161230366119213,21.71134726387857
0.1258699765228323,77.83971392068702,0.220154141552324,162.73702687488833,159.45765285133507,0.029936996817103323,22.129303683439886,21.683367899479755
0.1264074182583509,77.74996115085541,0.21758091311840122,162.57790144060903,159.32232452405918,0.029587084110974573,22.10766549128075,21.664965685129594
0.1269471547716001,77.65982515314279,0.2127240730864811,161.623162442936,158.39716308150426,0.02892664137048579,21.97783818876912,21.539160397226386
0.12748919586086033,77.56930429123634,0.2102414901101924,161.51898220128908,158.31636024009575,0.028589054813470297,21.9636715528812,21.528172666589104
0.12803355136624892,77.47839692183643,0.2056219816430642,160.47499808932932,157.30418929209185,0.027960884889880053,21.821708522722087,21.39053565356223
0.12858023116989856,77.38710139462695,0.2030670133104415,160.3847009442757,157.23592617955745,0.027613455228542763,21.80942973784435,21.381253100128266
0.12912924519613694,77.29541605224513,0.20044551860657572,159.92443670418493,156.81097722351825,0.02725697917929692,21.74684209359897,21.32346769825177
0.12968060341166687,77.20333923025164,0.19625142879254726,159.3855484070907,156.2831951545636,0.02668665852792106,21.673562994141058,21.251698845724118
0.130234315825747,77.10829178301704,0.19374024314251304,158.95078780486696,155.88613022001482,0.026345182522599743,21.614443385156186,21.19770516839443
0.13079039249037375,77.00931013671348,0.1895528270668778,158.1456343826937,155.10131213768008,0.025775769379407135,21.50495702588571,21.090984048967858
0.13134884350046377,76.90990585691746,0.18721479044057113,157.97184393803894,154.95293263186835,0.025457838521752214,21.48132465652946,21.070807109474973
0.1319096789940372,76.81007713906139,0.18366343934220677,156.83888796657715,153.86218384227806,0.024974918755726,21.32726305645046,20.922484925699642
0.1324729091524014,76.70982217087256,0.1807374874389249,156.73328047116684,153.77106647834026,0.02457704201264993,21.312902339765014,20.910094605831233
0.13303854420033637,76.60913913234013,0.17855094277527736,156.48896482732727,153.55330234323236,0.024279711332543176,21.279679813945503,20.88048260683073
0.13360659440627987,76.50802619568219,0.1745995168307701,155.62641076583185,152.71399495313517,0.02374238859543892,21.162388001892854,20.766351923261738
0.13417707008251403,76.40648152531251,0.17247780274376967,155.43788460471163,152.55113904011193,0.023453873705728163,21.136751840585138,20.74420645320405
0.13474998158535256,76.30450327780726,0.16869349848397072,154.37959717580762,151.52306825302736,0.022939276506775963,20.992843817019068,20.6044073485236
0.13532533931532872,76.20208960187149,0.16653993823997243,154.301634662973,151.465062967654,0.022646431113473676,20.982242319894706,20.596519674772143
0.1359031537173842,76.09923863830562,0.16454016324104423,154.0940112551241,151.28036326617206,0.022374497742810254,20.95400927709977,20.571403843035355
0.13648343528105855,75.99594851997159,0.16083186906488278,153.16794280646963,150.38109005862617,0.021870236545787788,20.828080652708213,20.44911888867483
0.1370661945406798,75.892217371759,0.15890831670219396,153.01150336868912,150.24733074816407,0.021608668080378472,20.806807707680324,20.430930032342953
0.1376514420755557,75.78804331055109,0.15537644742833204,152.03478076560665,149.29685723960017,0.021128397491487916,20.673991030903327,20.30168275950046
0.13823918851016562,75.68342444519052,0.15346042928223635,151.95140624034354,149.23307825348047,0.020867853543794133,20.662653597594876,20.29300996647008
0.13882944451435345,75.5783588764451,0.15141996729236745,151.4558878164626,148.77027725629063,0.020590387475404922,20.595272019515342,20.23007736896302
0.13942222080352154,75.47284469697317,0.1481948532339791,150.85486566430833,148.18357323154243,0.02015183006912592,20.513543835211465,20.150296192022072
0.1400175281388249,75.366897519428,0.146366573206678,150.58848534886923,147.94344441770312,0.01990321692484365,20.477320911585274,20.117642999650066
0.14061537732736673,75.2610782130561,0.1431185688154269,149.71861514940073,147.09488784745565,0.019461546845701793,20.359034236580378,20.00225459421962
0.1412157792223946,75.15480707763616,0.14133891680118016,149.53723409514203,146.93706568027352,0.01921954623508238,20.334369681075135,19.980793622905228
0.14181874472349748,75.04808218394095,0.1387252218508268,148.56827159242272,145.9999853868302,0.01886413081178901,20.20260823813673,19.85336758601863
0.14242428477680352,74.94090159450577,0.13641398430022308,148.34930080674584,145.79861626154064,0.018549844145600864,20.172832156398613,19.825985012970726
0.1430324103751789,74.83326336359335,0.13472987185568008,148.0930640385508,145.5662566542654,0.01832083519516081,20.137988572445156,19.794388292716572
0.14364313255842726,74.72516553715838,0.13178401702816422,147.35329603589904,144.8431952302721,0.017920252012972388,20.037393452205198,19.696064966178046
0.14425646241349027,74.61660615281222,0.13013327938031605,147.1345314659222,144.64779360974708,0.01769578143358173,20.007645412086976,19.669493866263835
0.14487241107464868,74.50758323978718,0.12724887746273206,146.00901576312725,143.55376961988463,0.01730355473997017,19.854595554498157,19.520726314259537
0.14549098972372468,74.39809481890073,0.1256237141646815,146.04298602857563,143.60025652245668,0.017082561811388584,19.859214898569693,19.52704769547237
0.14611220959028481,74.28813890251959,0.12402478006713395,145.68840088515,143.27274089134397,0.016865135581513816,19.810997707490404,19.48251147036646
0.14673608195184368,74.17771349452367,0.12127191585380298,144.91784585680938,142.51983229459086,0.016490795645815536,19.706216106434976,19.38012946607784
0.14736261813406895,74.0668165902698,0.11974644807828877,144.65496812989556,142.2818673120925,0.016283359512122324,19.670469471743406,19.347770515783267
0.14799182951098672,73.95544617655534,0.11714049066815424,143.78815202696478,141.4351450171027,0.015928996254894374,19.55259809884314,19.232631538740428
0.14862372750518815,73.84360023158169,0.11565116267142309,143.71994296089005,141.38345935409032,0.015726474479998913,19.543322894753956,19.22560321977181
0.14925832358803673,73.73127672491749,0.11412516375763818,143.27776555607926,140.96979417755455,0.015518966121070203,19.48319473424297,19.16935220861218
0.1498956292798766,73.61847361746183,0.11165031761950044,142.65234497563324,140.35718347121323,0.015182431634651552,19.39814880326868,19.086048189725467
0.15053565615024167,73.5100097667594,0.1102434000994128,142.3850939518174,140.1135678372768,0.01499111619982118,19.361807478990478,19.05292085264097
0.15117841581806554,73.40202614256498,0.10777208955356415,141.44544873072567,139.19638799749265,0.014655062490254415,19.234032658155034,18.92820091891307
0.15182391995189268,73.29358144808202,0.10640897817784008,141.33416933406906,139.10294623107654,0.014469703901818728,19.21890066508859,18.915494522185487
0.15247218027009002,73.18467371462488,0.10501170908324388,140.93648651497026,138.73023465759275,0.014279700479023152,19.164822966592293,18.86481246319533
0.1531232085410598,73.07530096510195,0.10271211967060631,140.26845361505417,138.07736280975837,0.0139669977497383,19.07398252790014,18.776033654435338
0.15377701658345308,72.96546121397988,0.10145831809727207,140.10057174188933,137.92822028398547,0.013796503325034211,19.05115361781402,18.755752957974778
0.15443361626638455,72.8551524672474,0.09913069866509519,139.0943812791508,136.9466056447121,0.013479989018098288,18.91432984303509,18.622271052413787
0.1550930195096478,72.74437272237917,0.09794341757561328,139.1244211812861,136.9882152624656,0.013318540180723685,18.91841472850792,18.627929210763494
0.15575523828393162,72.63311996829948,0.09658038710929888,138.57681158756253,136.46941563175963,0.013133192594509997,18.843949689836727,18.55738180800447
0.15642028461103763,72.52139218534568,0.0945198740467819,138.04339137078495,135.94679497674122,0.01285299994149325,18.77141415078554,18.486314814780904
0.15708817056409824,72.4091873452315,0.09329936885466933,137.7059274971697,135.63358069009354,0.012687033224746982,18.725525143933012,18.44372331486032
0.157758908267796,72.29650341101026,0.09123737598163614,136.94784988290604,134.8907516965307,0.012406639344161216,18.62244024639119,18.342711955005175
0.15843250989858348,72.18333833703798,0.09007589505831481,136.77326457884845,134.73495752851514,0.012248698864552602,18.59869979047684,18.321526755039734
0.15910898768490464,72.06969006893603,0.08873141795460394,136.1896405489403,134.17536807807545,0.01206587420138407,18.519337437343033,18.245432671691702
0.1597883539074166,71.95555654355401,0.0869221510791279,135.71977832084315,133.71865848807295,0.011819846503197236,18.45544463965211,18.183328395815536
0.16047062089921257,71.84611251882363,0.08586614017984896,135.57171692644707,133.587139375586,0.011676248046644801,18.435310957580462,18.165444166047486
0.1611558010460459,71.7385392357708,0.08390898370553562,134.67534147938775,132.71101187031348,0.011410110027487137,18.31342004643825,18.046306610188758
0.16184390678655475,71.63050663451091,0.08285848821472383,134.54769309404676,132.5996832800759,0.011267261567117201,18.29606216582462,18.031167927681608
0.16253495061248813,71.52201275383936,0.08138741623955607,133.6293858401607,131.71009133553926,0.011067222282242517,18.171188924091048,17.910199450666678
0.1632289450689323,71.41305562417763,0.07996451668659446,133.54735896485613,131.63367008669968,0.010873733578883533,18.16003474689686,17.899807537677265
0.16392590275453894,71.30363326753739,0.07895813747415284,133.30836922689497,131.41349576577468,0.010736884137545618,18.127536448321976,17.869867796829045
0.16462583632175365,71.19374369748468,0.07718246363503253,132.51690297073026,130.63812672729304,0.010495424487070115,18.019911297032163,17.76443157712664
0.1653287584770455,71.08338491910385,0.07621080740462637,132.36850277275065,130.5063281816781,0.010363296745698171,17.99973154377725,17.74650934948762
0.166034681981138,70.97255492896133,0.07481766631388134,131.56296521371326,129.72200079910016,0.01017385465705367,17.890192948814104,17.63985495638722
0.16674361964924056,70.86125171506923,0.07353053997671138,131.34173168908592,129.51378687479095,0.009998828664867603,17.860109175345634,17.611541613992795
0.16745558435128124,70.74947325684884,0.07262523943831006,131.1755619694889,129.36326593558948,0.00987572410210288,17.837513087297516,17.591073478140306
0.1681705890121402,70.63721752509399,0.07096895720981192,130.33079629875516,128.53616694098423,0.009650499559638438,17.722640175901738,17.478602916404167
0.1688886466118846,70.52448248193411,0.07005536895513612,130.13409238507128,128.35659884281338,0.009526268016777039,17.695891987580843,17.45418489026353
0.1696097701860041,70.41126608079735,0.06873180646269926,129.250792852854,127.49635867876253,0.009346287363931121,17.575779165273328,17.337207726574725
0.1703339728256474,70.29990407615288,0.0676020990507216,129.16207146384627,127.41640557811701,0.009192667509413895,17.563714654828033,17.32633554537175
0.17106126767786015,70.19080984832097,0.06673984769870656,128.90180578074032,127.17438640484428,0.00907541686039677,17.528323211034127,17.29342529817469
0.17179166794582335,70.0812498081265,0.0652388621129351,128.15399436956426,126.44044354150049,0.008871309863422206,17.42663433214992,17.19362229193128
0.17252518688909332,69.971221966636,0.0644123223372148,128.0070985331283,126.30875017250196,0.00875891534537919,17.406659144961427,17.175714366417168
0.17326183782384205,69.86072432642369,0.06322804019408522,127.16773154918283,125.49118631556328,0.008597874310677617,17.292520357702752,17.06454041161271
0.1740016341230993,69.7497548815351,0.06213891380906532,127.01208045938345,125.34486881776516,0.008449772744693608,17.27135461379693,17.044643868059257
0.17474458921699518,69.63831161745073,0.06137066060979761,126.85053825622482,125.19788233369485,0.00834530415092091,17.249387784612214,17.02465635442566
0.17549071659300394,69.52639251104941,0.059971116072996,126.04198461552161,124.40485095475711,0.008154991308981183,17.139439056882118,16.91681837463694
0.17624002979618897,69.41399553057165,0.05922133607787276,125.9397690675236,124.31620014207908,0.008053034738147391,17.12553958393331,16.904763461300938
0.1769925424294485,69.30111863558272,0.05821573570823288,125.17092547339368,123.56993541127599,0.007916291205398397,17.02099070709627,16.803284903081497
0.17774826815376277,69.18775977693558,0.05712776856167291,124.96341648044354,123.36928584890461,0.007768347274959378,16.992773222666198,16.776000177626365
0.17850722068844171,69.07391689673373,0.05639455875136485,124.70932068140901,123.13211780840643,0.007668643950721689,16.958220771945538,16.743749597085618
0.17926941381137437,68.95958792829384,0.055118409270457164,123.95140782651502,122.38761663104718,0.00749511061322142,16.855158278709588,16.642510850361262
0.18003486135927882,68.84501482562312,0.05440780548493418,123.78364839243042,122.2348927832053,0.007398481301070293,16.83234601813244,16.621743158622646
0.18080357722795326,68.73508845640268,0.053600023579085374,123.23489784614995,121.70640422982817,0.007288637515376339,16.757725830469617,16.549878236942003
0.18157557537252852,68.62469272172842,0.05247645897696611,122.79268600704998,121.27314930014637,0.00713585297232717,16.697592987515694,16.490963372295703
0.18235086980772133,68.51382561749584,0.051830510820193465,122.6673053591033,121.16041374999185,0.007048015660810045,16.680543478330723,16.47563336858851
0.1831294746080886,68.40248513104332,0.05064753258583611,121.86692356333205,120.37428552449782,0.006887151934209464,16.57170597428233,16.368734093296627
0.18391140390828298,68.29066924111554,0.050011223170593304,121.80676687104966,120.32516235308236,0.006800625317882834,16.56352574795233,16.36205422701775
0.18469667190330957,68.17837591782673,0.04933935603566168,121.46535655073777,120.00021800126768,0.006709263492308528,16.517100095450697,16.317867649570605
0.1854852928487836,68.06560312262394,0.04823361841960923,120.82947850515603,119.37583261321873,0.006558903098182369,16.430632137626148,16.232962486111642
0.18627728106118896,67.95234880824998,0.04761432553655005,120.60209341291251,119.16378388580355,0.006474690423652278,16.399711861792348,16.204127679585007
0.18707265091813854,67.8386109187062,0.04653704220755136,119.8304449417611,118.40534031080298,0.006328199299915288,16.294781572214795,16.100993017976347
0.18787141685863484,67.72438738921522,0.04592367251392014,119.67521722635033,118.26337536862874,0.006244792072431534,16.27367339959805,16.08168834356939
0.1886735933833324,67.60967614618347,0.045311775610797994,119.34689712705588,117.95126637483146,0.006161585117922303,16.22902778131322,16.03924714356281
0.18947919505480068,67.49447510716351,0.044294680434071323,118.73320177284623,117.34747136728292,0.006023278498507102,16.145576269858104,15.957141900882798
0.19028823649778884,67.38022336330515,0.043737687857571456,118.57905805645095,117.20623335322193,0.005947537543227986,16.124615501577463,15.937936075602456
0.19110073239949102,67.26809892887024,0.04275770301171672,117.83609606111122,116.47502022501882,0.005814277260208555,16.023586055876898,15.838504264157574
0.19191669750981283,67.15549574364583,0.042185723003485,117.68902060232605,116.34049565210675,0.005736498284236803,16.003586443285105,15.82021134591995
0.19273614664163946,67.04241176345376,0.04165458886231753,117.51165750310216,116.17532791435745,0.005664273610281231,15.979468257274622,15.79775150935079
0.19355909467110433,66.9288449353876,0.04069392591059368,116.78344656621194,115.45934005015721,0.005533640756748332,15.880444689758946,15.700390059502466
0.19438555653785916,66.81479319777543,0.04017663083170711,116.62271825992921,115.31133816334027,0.005463297945929805,15.85858853588568,15.680264469389455
0.19521554724534534,66.70025448014233,0.039270695742881896,115.78540286612412,114.48820753695863,0.005340107095739885,15.744728727923368,15.568333534235137
0.19604908186106618,66.58522670317286,0.03875090880797387,115.74380813071811,114.45595046534592,0.005269425437397267,15.739072593304789,15.563947153659285
0.19688617551686052,66.46970777867324,0.038233385706374086,115.42532011607209,114.15291489821391,0.005199051619597942,15.695763961391194,15.522739776206684
0.1977268434091772,66.35369560953355,0.037367391871265206,114.77762939311128,113.51497172812839,0.005081292060306962,15.607689692267636,15.435990998656186
0.1985711007993513,66.23718808968951,0.036891796036510244,114.65332514510791,113.40170451770487,0.005016619595410803,15.590786554081863,15.420588698731136
0.19941896301388098,66.12018310408442,0.036095579533990695,113.81539957397888,112.57824048842528,0.004908348496200127,15.476843772996832,15.308612426789493
0.2002704454447056,66.00457164674356,0.03558001654041083,113.77845230157527,112.54944667507138,0.004838241217776984,15.471819609614993,15.30469698694062
0.20112556354948544,65.8925511750174,0.03510858096023628,113.49582159962347,112.28109200075856,0.004774134472550025,15.433386926200148,15.268205586078883
0.20198433285188205,65.78005239640345,0.03430785852351792,112.80411960649539,111.59975147303282,0.004665250647470026,15.339327917268275,15.17555554976312
0.20284676894184028,65.66707326861892,0.03386080146086449,112.65099271150731,111.45818638494038,0.004604458941407396,15.318505418379324,15.156305248307266
0.20371288747587105,65.55361174066088,0.03337124449044591,112.23816995734104,111.05927283895744,0.004537888013593491,15.262368961484343,15.102060193128269
0.20458270417733582,65.439665752769,0.03266294441943356,111.82982524526713,110.65752068198576,0.0044415719651106555,15.206841437634731,15.047429137996984
0.20545623483673192,65.32523323638812,0.03223988996795197,111.61957436675708,110.45962414429837,0.0043840441817214176,15.178251106168029,15.02051877429867
0.2063334953119791,65.21031211413073,0.031494439300188797,110.84205110806116,109.69389702710119,0.004282676321408739,15.072521951328252,14.916393682176096
0.2072145015287076,65.0949002997393,0.03109042649179112,110.7830891828164,109.6438044353192,0.004227737858412822,15.064504191789702,14.909581992193054
0.20809926948054722,64.97899569804831,0.030682487999608585,110.5438393288625,109.41612280745494,0.004172265573149727,15.03197052212622,14.878621392857404
0.20898781522941767,64.86259620494627,0.029979829696037207,109.90505892950796,108.7868712071216,0.00407671670339327,14.945107896479183,14.793054512200477
0.20988015490581988,64.74569970733758,0.029585274093781144,109.6798722217228,108.5741237604595,0.004023064250045701,14.914486561324258,14.764124692444817
0.21077630470912928,64.6321856066497,0.028921129202436335,108.95604644010673,107.86073066235737,0.003932752510470457,14.81605929592018,14.667116084036918
0.21167628090788965,64.51878860560589,0.028526687098555787,108.83543436555351,107.74979320062889,0.0038791154908571013,14.799658226803134,14.652030587960189
0.21258009984010834,64.40490742014634,0.02815425306861803,108.60172808448571,107.52786232338369,0.0038284711727888093,14.767878383175702,14.621851987099632
0.21348777791355314,64.2905399828923,0.027514752987608672,108.00236647754176,106.93630031742904,0.0037415106834029475,14.686376003103009,14.541410212239017
0.21439933160604988,64.17568421763771,0.027163601640122555,107.89766520060101,106.8406834874642,0.0036937604267060276,14.672138515802427,14.528408046056109
0.21531477746578187,64.06033803931149,0.026591155638386745,107.03268366228505,105.99061655473898,0.003615918084013349,14.554516610637116,14.412814258540319
0.21623413211158987,63.944499353939676,0.026181748419632566,106.9943146220107,105.95812355555333,0.003560246078398002,14.549299112440313,14.408395796065166
0.21715741223327426,63.828166058607444,0.025859596387897435,106.9191322667796,105.89104797164183,0.0035164392061734977,14.539075666660976,14.399274725128661
0.21808463459189775,63.711336041420886,0.025242809388672318,106.07460750006126,105.05930384219516,0.003432567286697277,14.424235513871015,14.286172508743732
0.21901581602008963,63.59400718146871,0.02492260854581975,106.03381435609538,105.02592967366462,0.003389025741006969,14.418688381246321,14.281634223113368
0.2199509734223515,63.476177348783715,0.024580253871926534,105.70811835570905,104.71241061218328,0.003342471673432338,14.3743995931356,14.239001279306416
0.22089012377536418,63.363185146956305,0.024029063698045177,105.19285703451301,104.20378384054447,0.0032675197403696436,14.304333336721541,14.169837202099966
0.2218332841282957,63.25000590460452,0.023711590613846513,104.98110750227465,104.00271507500753,0.0032243491207112683,14.275539215348465,14.142495472566942
0.22278047160311082,63.136343407626704,0.023166673021336258,104.22606823772438,103.2582855207126,0.0031502501457043148,14.172867478626866,14.041266465288933
0.22373170339488213,63.02219559261415,0.022862954036950177,104.19006661242337,103.22929209140152,0.00310894983581803,14.167971906213612,14.037323881266287
0.22468699677210202,62.907560387347765,0.02256561542519735,103.9945776631802,103.04343399971543,0.0030685171416571042,14.1413889311671,14.012050529332017
0.22564636907699598,62.792435710760486,0.022044917613098458,103.3672635514082,102.42414865217896,0.0029977116204274595,14.056085514047515,13.92783887949725
0.22660983772583784,62.67681947289947,0.021753190445346154,103.18611902535586,102.25284941751997,0.002958041981551338,14.031453122116902,13.904545269817236
0.22757742020926566,62.56070957488812,0.021288111396286336,102.3317096702548,101.41206249645714,0.002894799610032762,13.915268843393784,13.790213396693071
0.22854913409259933,62.44410390888808,0.02096662449238803,102.33768343079078,101.42258340110604,0.0028510831832107095,13.916081167199692,13.791644050174156
0.22952499701615933,62.327000358060886,0.020695878868175324,102.17421241632564,101.26802239289283,0.0028142666562394284,13.893852054427954,13.770626537724462
0.2305050266955872,62.2109118766163,0.020212683443332595,101.46119081736782,100.56431315699109,0.002748560784010276,13.79689396321052,13.674934760105327
0.23148924092216705,62.09575881210646,0.01995971850639814,101.47481855266656,100.58338688592494,0.00271416211016091,13.798747089685389,13.677528443596161
0.23247765756314834,61.98011406511165,0.019683413582862484,101.1466909338339,100.2666022739015,0.002676589618641504,13.754127645275519,13.634451443749676
0.23347029456207058,61.863975536237746,0.019234662144634488,100.60191350730088,99.72843154208718,0.0026155675080276586,13.680047730316147,13.561269920241726
0.2344671699390888,61.74734111712661,0.018976562129267904,100.36683419155423,99.50381664110289,0.0025804705560282916,13.648081178709846,13.530726340509693
0.235468301791301,61.63020869041779,0.018544657752351985,99.66661138295046,98.81215007065526,0.0025217393422257484,13.552863492389589,13.436672148424162
0.23647370829307607,61.512576129710105,0.01828947694487705,99.56792091600309,98.72089739902898,0.0024870393499053798,13.539443366953613,13.424263429147905
0.23748340769638449,61.39444129952302,0.018045603229138344,99.32794971470071,98.49078889731268,0.0024538769183455374,13.50681160704698,13.392972818692447
0.23849741833112922,61.275802055257884,0.017630091273643983,98.73727467071336,97.9067049946683,0.002397374778520261,13.426490443033863,13.31354793115187
0.2395157586054784,61.15665624315903,0.017408462982257206,98.70940871139575,97.88482533197924,0.0023672373238848732,13.422701174617131,13.310572691223777
0.24053844700619986,61.040232382311814,0.017133094414593205,98.16657246851969,97.35477364113882,0.002329792159894042,13.348885225661538,13.238495211010584
0.24156550209899644,60.926229267011394,0.016777122628004917,97.89874138789645,97.08995027660555,0.0022813864103272572,13.312465024108192,13.202484004656588
0.2425969425288432,60.8117393792984,0.016554561421023108,97.69330171083223,96.89365305707139,0.002251122095978933,13.284528929356522,13.175791119412803
0.2436327870203257,60.69676064074385,0.01617361192035436,97.03917178487842,96.24689566447023,0.002199319827311246,13.195579044638604,13.087843766402697
0.24467305437798015,60.5812909640442,0.015952938935095452,96.90284240685102,96.11845539483278,0.0021693122770978586,13.17704070542179,13.07037820379183
0.24571776348663477,60.46532825298354,0.015743642067133752,96.71912767736663,95.94263865709156,0.0021408516738776824,13.152058812130804,13.046470295082779
0.24676693331175228,60.34887040239549,0.015368789944862021,96.02065009069943,95.25289882640342,0.0020898785388178266,13.057078444550918,12.952678104891195
0.24782058289977466,60.23191529812501,0.01518606820573061,96.10664595299542,95.34219703406654,0.0020650316743245118,13.0687723324682,12.964821052281302
0.24887873137846867,60.114460816989975,0.01487260110454517,95.28692274583199,94.53462084836592,0.002022405796181653,12.957304744937376,12.855005240821122
0.24994139795727316,59.99650482674267,0.01462547812151252,95.22060524829892,94.47261504478453,0.0019888015228106556,12.948286760090182,12.846573568669196
0.25100860192764757,59.881070991814056,0.014438756385575001,95.10367239153219,94.36266231644282,0.0019634107308181417,12.93238599830502,12.831621978591498
0.25208036266342254,59.76532083235036,0.014098989015651193,94.41300601788501,93.679795707365,0.0019172084899688724,12.838467814964183,12.738764422706682
0.25315669962115145,59.64907644091564,0.01390943850381218,94.29621117769679,93.57000555541298,0.001891433035418742,12.822585820947104,12.723834940088905
0.25423763234046337,59.532335707229954,0.013724521119669437,94.09863414015823,93.37990674235357,0.0018662876027619932,12.795718903512718,12.697984926451337
0.2553231804444182,59.41509651200283,0.013403486255724633,93.50390557745332,92.79183140752669,0.0018226326452293838,12.714846533984726,12.618017276046062
0.2564133636398626,59.29735672689484,0.01323902463762348,93.52391390291014,92.81596945767522,0.0018002688282104807,12.717567305764412,12.621299615980131
0.25750820171778804,59.17911421447889,0.012935259398200324,92.65983797390554,91.96313530151332,0.0017589622284725132,12.600068547149425,12.505329535932976
0.2586077145536896,59.06036682820153,0.012750802224482938,92.68048821910209,91.98753624355501,0.0017338793761421752,12.602876608448486,12.508647624428091
0.25971192210792726,58.94111241234386,0.012580024454213745,92.46511993371283,91.7803867444119,0.0017106566762241466,12.573590401844598,12.480479024678909
0.2608208444260882,58.82463217968683,0.012280496338351692,91.75955101349825,91.08267084053243,0.0016699262489518346,12.477645740664148,12.385602232235202
0.2619345016393503,58.708811829507574,0.012120125208311947,91.71432917773296,91.04261459282141,0.0016481186646125042,12.471496385744802,12.38015530422479
0.2630529139648481,58.5924969476558,0.01195453555935547,91.45468155479936,90.79127536475904,0.0016256014557205832,12.436188986998982,12.345977697492245
0.26417610170603945,58.4756854225719,0.011677517924709759,90.9297758238022,90.27144916691327,0.0015879320483308558,12.364811264611658,12.275290700097479
0.2653040852530745,58.35837513368026,0.01152534802121485,90.81826408024072,90.16618683099554,0.0015672396830432227,12.34964767655226,12.260976918884417
0.2664368850831652,58.24056395135082,0.011272181769916604,90.16622815453307,89.52117036409274,0.001532813634067386,12.26098253814101,12.173266300403686
0.26757452176095775,58.1222497368604,0.011103942782944968,90.0687382277257,89.42921814360461,0.0015099361629375254,12.247725664534396,12.160762455085726
0.2687170159389057,58.003430342353816,0.010957603894478056,89.90687108380527,89.27406190625712,0.0014900367106385043,12.225714649260409,12.139664002197788
0.26986438835764437,57.88410361080499,0.010698378214533653,89.25452653099964,88.62824872573458,0.0014547866885372275,12.137007543124252,12.051845045018865
0.2710166598463682,57.76833401536319,0.010558339097445997,89.20726135767498,88.58602663793944,0.001435743891645184,12.130580331110872,12.046103601778134
0.27217385132320826,57.65261486767918,0.010413482116935463,88.95183832024682,88.33835897111041,0.0014160459521292547,12.09584739988103,12.012425261224191
0.27333598379561247,57.53640162043876,0.010171024193621812,88.43395280957866,87.8250919688316,0.0013830760428314222,12.025424300977791,11.942630196251985
0.27450307836072624,57.41969216392738,0.010040202471580323,88.35756860655447,87.75412573278638,0.0013652866455993325,12.015037425551837,11.932980066721703
0.2756751562057763,57.302484379422374,0.009828346170098144,87.62618330012455,87.03140904727353,0.0013364780055327185,11.91558220097018,11.834703618405499
0.276852238608455,57.18477613915451,0.00966459967520835,87.5012635368586,86.91138348209688,0.0013142114323864557,11.8985953637982,11.818382303996746
0.2780343469373061,57.066565306269396,0.009541086473762023,87.42085299002706,86.83593130393005,0.0012974158622804527,11.88766097815556,11.808122167159452
0.2792215026521136,56.94784973478865,0.0093141362465393,86.74358245622861,86.165556917473,0.0012665547202546834,11.795564387686364,11.716963328483404
0.2804137273042906,56.83028217878811,0.00919565988174155,86.79100858861706,86.21597536984879,0.0012504440691861035,11.802013487232479,11.723819329636298
0.28161104253727093,56.715339916421996,0.009066671875686492,86.4933844759331,85.92646640821525,0.0012329040242908002,11.76154197008868,11.684451326827746
0.2828134700869017,56.59990687165744,0.008855747181334262,85.98861292591954,85.42594738497746,0.0012042220660094455,11.692902133565195,11.616389757329594
0.2840210317818383,56.483980948943525,0.008736789376688297,85.8505698760724,85.29366910363186,0.0011880459477954285,11.67413076585547,11.598402294274425
0.2852337495439405,56.367560043781715,0.008590154532283898,85.34535102114205,84.79657238111051,0.0011681062508210355,11.605430103922222,11.530806096015409
0.2864516453886701,56.25064204268768,0.008415166550849586,85.11605539884125,84.57027447799227,0.001144311038038335,11.574250030421934,11.500033658315173
0.2876747414254912,56.133224823152844,0.008306087047217574,85.02048271390589,84.4795981687765,0.0011294781907885971,11.56125386716769,11.487703313942642
0.2889030598582712,56.01530625360597,0.0081086890781904,84.33497084658492,83.80076229373668,0.0011026356234455493,11.468036603820423,11.395393865266781
0.29013662298568393,55.89715743934571,0.00800254154939895,84.3602981167927,83.82925577347889,0.0010882014719498449,11.471480656256821,11.399268465155458
0.2913754532016143,55.78070739904826,0.007896377005228453,84.19766019452445,83.67232747523677,0.0010737650066691496,11.449364829014351,11.377929043912404
0.2926195729955652,55.663760138416876,0.007705567604070385,83.55546646747439,83.03611358580095,0.0010478183658525612,11.36203805229736,11.291415417374472
0.2938690049530656,55.54631353441184,0.0075993203999379436,83.38356224225362,82.87024002481154,0.001033370660306295,11.338662174800827,11.268859601561207
0.2951237717560804,55.428365454928446,0.007496800610746359,83.21346751207376,82.70516746101663,0.001019429816036558,11.315532356028875,11.246412706935132
0.29638389618342237,55.3099137587583,0.007323559552326648,82.76015580695216,82.25564734427277,0.000995872153310191,11.253890131278105,11.18528606989212
0.2976494011111658,55.19095629555042,0.007225599619649467,82.61492487727102,82.11584386539846,0.0009825513673732006,11.234141341412274,11.166275315551687
0.29892030951306126,55.071490905772244,0.007061161210456478,82.02381800206305,81.5297252526947,0.0009601907063476614,11.15376145613329,11.086573744101635
0.3001966444609534,54.9523019985142,0.006956033766899597,81.86026298450729,81.37175457594377,0.000945895268065368,11.13152092045468,11.065092578161522
0.3014784291251993,54.83694137873207,0.006867510845017478,81.7938323044231,81.30945172392495,0.0009338577455734468,11.122487544819704,11.056620512773915
0.3027656867750892,54.72108819024198,0.006703277456162435,81.17762186154079,80.69855104930747,0.0009115249636200945,11.038694026618506,10.973549027392645
0.30405844077926875,54.60474032986582,0.006613152548186526,81.10756982824228,80.632637062063,0.0008992695998817964,11.02916821219093,10.96458591267481
0.3053567146061638,54.48789568544526,0.006523374312734264,80.90943370385763,80.44009541556261,0.0008870613773608462,11.002225269018334,10.938403717700874
0.30666053182440595,54.37055213580347,0.006370173554070557,80.42088866833949,79.95524045270916,0.0008662288343427846,10.93579194611924,10.872472178201534
0.3079699161032603,54.25270755070658,0.00628634459959702,80.34408434506535,79.88251361746566,0.0008548296068489929,10.92534794190844,10.862582638900339
0.3092848912130557,54.134359790824995,0.006183420390430698,79.89193256532513,79.4372956722546,0.0008408337687489736,10.863863446111601,10.802041019675189
0.31060548102561575,54.01732315077144,0.006049527621463239,79.54808091168691,79.09716436791331,0.0008226267644648443,10.817105816262169,10.75578929030201
0.3119317095146925,53.901941272221755,0.00597341777454891,79.52645537956514,79.07879597056206,0.0008122771965268595,10.81416513351265,10.753291519198717
0.31326360075640136,53.786066734193085,0.005827633767702593,78.7800870032481,78.3392016716099,0.0007924531981311469,10.712672481370655,10.652720019532351
0.3146011789296585,53.669697433119715,0.005750966574046672,78.8302632389346,78.3916730703996,0.0007820278410778114,10.719495545417733,10.659855184410379
0.31594446831661954,53.552831256454105,0.005674365032891652,78.68552856630825,78.25160737363322,0.000771611411581762,10.699814237570479,10.640808773160904
0.31729349330312046,53.43546608262852,0.005536309773438158,78.05563021797371,77.62692723560367,0.0007528383835855508,10.614159410837601,10.55586352901498
0.31864827837912035,53.31759978101653,0.005461902582821797,77.97775425076705,77.5529365536992,0.0007427203462279743,10.60356968235938,10.54580212933814
0.3200088481391459,53.19925675631175,0.005389085282230938,77.83663373160802,77.41606983734127,0.0007328185052694182,10.584379834268843,10.527190721789395
0.3213752272827379,53.08448090825002,0.0052599318200437575,77.29487784591032,76.87875473256528,0.0007152559613211065,10.510710794425119,10.454125548143152
0.3227474406148997,52.969214988348426,0.005189257681597843,77.17975811550089,76.76784217034748,0.0007056455518017198,10.495056585158137,10.439043437951268
0.3241255130465474,52.85345690409002,0.005099757703166363,76.75231034502272,76.34540509496465,0.0006934751672223443,10.436931389538133,10.38159960658843
0.3255094695949622,52.73720455402318,0.0049978595173946145,76.55361904439211,76.149369166014,0.0006796188498185111,10.409912952398484,10.354942252156428
0.32689933538424454,52.62045582772346,0.004931829849552671,76.45027305300421,76.04992100469099,0.0006706400046235919,10.395859759515421,10.341419093936457
0.3282951356457701,52.50320860575531,0.004812190165367327,75.7625612376576,75.3679242812183,0.0006543711630773853,10.302343342872298,10.248679826821538
0.32969689571864796,52.385460759633574,0.004747348391839643,75.76689918118038,75.37486787050679,0.0006455538501073622,10.302933225036309,10.24962402986475
0.33110464105018045,52.269419433885204,0.004682642149849134,75.58721336056672,75.1998976591504,0.0006367549669845743,10.27849919076441,10.225831233492489
0.3325183971963254,52.153491429901315,0.004573100491339499,75.123488351259,74.73907340834546,0.0006218592749979499,10.215440944256896,10.163167437879483
0.3339381898221598,52.0370684345829,0.004510451561058311,75.01904492567206,74.6385093751503,0.0006133401492018218,10.201238520094822,10.149492541189144
0.33536404470234565,51.920148334407656,0.004447477387228246,74.79393614734573,74.4183669395941,0.0006047767961428363,10.170627781942274,10.119557136176608
0.3367959877215983,51.80272900682894,0.004341695782016253,74.31656273371425,73.94419614933491,0.0005903924036612312,10.105713598344876,10.055078451657387
0.338234044875156,51.68480832023721,0.0042825753823956,74.18877193896095,73.82041741169905,0.0005823530944627317,10.088336352616906,10.038246773413672
0.33967824226925186,51.566384133921346,0.0042144326873330175,73.78979640217055,73.42720742222293,0.0005730869156354188,10.034082867804958,9.984777299160779
0.34112860612158785,51.45084011639456,0.0041240298392313,73.57735653516379,73.21594721262728,0.0005607937570475529,10.005194873340882,9.95604971685117
0.3425851627618107,51.33577214181695,0.0040690220620509905,73.46448830214887,73.106831995761,0.0005533136904053751,9.989846827155175,9.941212013245003
0.34404793863199,51.22021284807279,0.003973504824618732,72.87768864612877,72.52429146739752,0.0005403250670125764,9.910052646084202,9.861996996800235
0.345516960287098,51.104160137319255,0.003914830289714937,72.74838267283167,72.39880637511368,0.0005323463873825933,9.892469363372674,9.844933285067144
0.3469922543954919,50.987611902756136,0.003863100656227458,72.64591606637916,72.29975258813316,0.0005253120892215636,9.878535750997278,9.831463754652459
0.3484738477393978,50.87056602858757,0.003773380727117763,72.2067169201355,71.86304194304388,0.0005131117953127192,9.818812579993265,9.772078974971057
0.34996176721539723,50.75302038998362,0.003720608519844698,72.09328473185661,71.75323056229706,0.000505935725900508,9.803387846052228,9.757146605619658
0.35145603983491486,50.63788493271156,0.0036701290915211694,71.93840092419958,71.6021642340778,0.0004990714331173014,9.782326438693934,9.736604306686814
0.35295669272470953,50.522334660197366,0.0035799650319107085,71.36118556450225,71.02907426485625,0.0004868107454620844,9.703835549246207,9.658674396018194
0.35446375312736617,50.406291009192806,0.0035334606677475478,71.35090511147318,71.02108680492991,0.0004804869897874582,9.702437592853293,9.65758824537526
0.35597724840179046,50.28975187306214,0.0034824483976653503,71.08663508220539,70.76154320325972,0.0004735502401250812,9.666501630126172,9.622294991647154
0.35749720602370594,50.172715136174645,0.0034018522884056066,70.73384211550855,70.41052375982076,0.00046259062133541425,9.618528142793028,9.574562671524182
0.35902365358615207,50.055178673866294,0.003353969492145255,70.54049144329966,70.22150566709497,0.00045607942373026065,9.59223593489865,9.548859616381055
0.3605566187999858,49.93881020880105,0.003292081368217373,70.13107678142485,69.81549198206704,0.00044766375389102133,9.536562917152995,9.493649070212463
0.36209612949438424,49.82488641741557,0.00322739311868317,69.88131139827767,69.56914495019195,0.00043886731741812787,9.502599324973547,9.460150312218875
0.3636422136173501,49.710476192316094,0.0031862272266706096,69.8559263103422,69.54612857255202,0.000433269497774747,9.499147410367863,9.457020499537226
0.36519489923621873,49.59557745651981,0.0031093871990186444,69.25088574237049,68.94524816734946,0.0004228206384118344,9.416872793911091,9.375311590264976
0.36675421453816803,49.48018812417556,0.003066239653895093,69.22574630592256,68.92240659938663,0.00041695334964805434,9.413454283481903,9.372205548549934
0.36832018783073,49.36430610052597,0.0030256219348017794,69.13588784630068,68.83533727137383,0.00041143007164546664,9.401235151919254,9.360365688635389
0.3698928475423045,49.24792928186946,0.0029508091202568405,68.5276681039552,68.23127536955089,0.00040125687674157665,9.318528225025632,9.27822415314259
0.3714722222226755,49.13399999996736,0.0029120640257231795,68.53586385836405,68.24141882310691,0.0003959882419407323,9.319642699965426,9.279603480075439
0.3730583405435293,49.019799480865885,0.002871908515423817,68.36177918841486,68.07096047985083,0.0003905278160066808,9.29597032127008,9.256424216476196
0.3746512312989752,48.90511134647378,0.0028031159986638848,67.90804414388073,67.61975168180612,0.00038117327313612044,9.234270529986352,9.195067949200602
0.3762509234060678,48.78993351476311,0.0027637670509696385,67.76227517469542,67.47741814895274,0.0003758225251848309,9.214448576441608,9.175713153102041
0.3778574459053324,48.674263894816065,0.002726752510481985,67.65269341429362,67.37054259185024,0.00037078921455550504,9.19954743132015,9.161180002872646
0.37947082796129195,48.558100386786975,0.002658703091908478,67.08387696882927,66.80555252672607,0.00036153571965017914,9.122198642888046,9.084351533228359
0.3810910988629966,48.44362307959024,0.0026244528573578785,67.0721128260792,66.7957740836771,0.0003568783048248367,9.120598931424153,9.083021841148213
0.3827182880245555,48.329719838281115,0.0025794960001848596,66.65830613861604,66.38615622702986,0.0003507649822200209,9.06432867732795,9.02732119257439
0.38435242498567035,48.215330251003074,0.0025266842139329386,66.51766844622904,66.24656343698913,0.00034358353077976477,9.0452044849795,9.008339088119426
0.38599353941217235,48.100452241147934,0.0024912610452390268,66.34435303463,66.07672779078074,0.0003387666180432432,9.021636711560339,8.985244500099771
0.38764166109656006,47.9850837232408,0.0024320567485943264,65.7792600851049,65.51506062169105,0.00033071590036101424,8.944794251491151,8.908867884448808
0.38929681995854054,47.86922260290216,0.002397775903743939,65.77304831361327,65.51072256458905,0.0003260543230863948,8.94394956248343,8.908277986840073
0.39095904604557286,47.75478486890105,0.0023653283976193436,65.65349210199122,65.39403736296931,0.00032164204684791175,8.927692071701939,8.892410901692992
0.3926283695334128,47.64127087172793,0.002307845082556587,65.1160424589281,64.85966076824995,0.00031382535165455205,8.85460860327257,8.819745312472424
0.39430482072666145,47.52727219058702,0.0022758558488433977,65.06452432801808,64.81038649459373,0.0003094753922074993,8.847603065651512,8.813044899011155
0.39598843005931467,47.41278675596661,0.002246171796820909,65.00188163204784,64.74998539132137,0.00030543889593879396,8.839084787609353,8.804831437189979
0.39767922809531625,47.2978124895185,0.0021903168779756907,64.44082511517783,64.19223044799199,0.0002978436332928198,8.762791209658378,8.728986813757322
0.39937724552911213,47.182347304020375,0.002160396878820163,64.37767433216538,64.13137232219368,0.00029377505246499163,8.754203840932488,8.720711205106618
0.401082513186208,47.06855412971027,0.002130751370286206,64.23245200527714,63.988984079712964,0.00028974379741630315,8.734456220891499,8.701348969484423
0.40279506202372894,46.95552590643389,0.002079559263301888,63.81403154244063,63.57254916633957,0.0002827825931752914,8.677558576469167,8.644721324016182
0.40451492313098103,46.842015073355256,0.0020502757650391096,63.668683107544425,63.43024007896334,0.0002788005650012809,8.657793808011135,8.62536985206209
0.4062421277300163,46.728019569818926,0.0020221541449789767,63.53823980172892,63.30225569887165,0.00027497653132970947,8.640055868567996,8.607966282215854
0.4079767071761989,46.613537326370874,0.001972549764924546,63.06557350735871,62.83222521379848,0.000268231229345686,8.57578176838374,8.544050604607614
0.4097186929587748,46.498566264720864,0.0019462114124423218,63.0052545665188,62.774012836217274,0.0002646496879362518,8.567579479173087,8.53613477004699
0.4114681167014434,46.386040531107625,0.0019151682403705768,62.685726913613344,62.457888394794864,0.0002604283758276002,8.524129475186976,8.493147541508199
0.41322501016293123,46.2735993495724,0.0018725737867363156,62.42621674234365,62.19983836101541,0.00025463629754152325,8.488840767391032,8.458057386104182
0.414989405237569,46.16067806479558,0.0018477045483199458,62.363366170978125,62.13905156439614,0.000251254529176572,8.480294222040326,8.449791476936715
0.41676133395587023,46.047274626824304,0.0018053101980952183,61.752314336085774,61.53177302697438,0.00024548966134900404,8.397202181585072,8.367212536955385
0.418540828485113,45.93338697695277,0.0017765629195578133,61.722129029235305,61.50307926118713,0.00024158054939677612,8.39309752369068,8.363310701773061
0.4203279211299236,45.81934096881481,0.0017524574450953124,61.61429083616491,61.397648080489,0.00023830263916910436,8.378433472313098,8.348973960711874
0.42212264433286323,45.70627340702961,0.0017118616356890065,61.219561411940454,61.004555681201,0.00023278234048921116,8.324757382309514,8.295520476605988
0.4239250306750169,45.59272306747393,0.00168678377798705,61.11295512882951,60.90034863377285,0.000229372203660035,8.310260848491561,8.281350195614772
0.42573511287658483,45.478687888775156,0.0016644603794162796,61.04874906171235,60.8380182486005,0.0002263366236466504,8.301529980140087,8.272874386214339
0.42755292379747667,45.36416580075897,0.0016226916919729528,60.47376504993255,60.266148477654,0.0002206568346850229,8.223342513807793,8.195110400527273
0.4293784964379076,45.249154724411824,0.0016011974247607654,60.495385804455935,60.289059040907546,0.00021773400159825907,8.226282546890006,8.198225824358792
0.4312118639389979,45.136076299721125,0.001578810166768229,60.3344151904374,60.13073539591868,0.00021468973785404536,8.204393443530236,8.176696661097616
0.43305305958337426,45.02376336541417,0.001540103097840008,59.86687469501395,59.66539736317634,0.00020942627385044793,8.140816359653158,8.113419072464229
0.43490211679577395,44.91097087545779,0.0015191863112079592,59.82051295169926,59.620860479868014,0.00020658196771833345,8.134511997844376,8.107362858738501
0.4367590691436521,44.797696782237225,0.0014972296625606685,59.60816020827728,59.41142563499144,0.00020359625908694724,8.105635850618157,8.07888349314378
0.43862395033779034,44.68393902939479,0.0014610406437245587,59.21083544386885,59.015716082762694,0.00019867520452911954,8.051606841108816,8.025074123390208
0.44049679423290944,44.570689140258345,0.0014412956934984783,59.153665031627554,58.960424018362346,0.00019599024703568287,8.043832695061722,8.017555398808
0.4423776348282834,44.45971954513128,0.0014216144313075204,59.04454611561178,58.853241676983586,0.00019331394996757956,8.02899448843787,8.002980531444248
0.4442665062683572,44.34827613016693,0.0013864860998792819,58.592806343341024,58.403656461721724,0.00018853712978721793,7.967566018233895,7.941845042175643
0.44616344284336595,44.236356872241416,0.0013675109025320389,58.5138556002917,58.32659650206287,0.00018595684481695628,7.956830139604904,7.931366276022226
0.448068478989958,44.123959739592486,0.001347509505953233,58.29466603592249,58.110123101921566,0.00018323701523984603,7.927024307906282,7.901929793722494
0.44998164929182,44.011082691782626,0.0013152498361965572,57.9422026013377,57.75910357541668,0.00017885028136322312,7.87909563100332,7.854197462304053
0.45190298848030425,43.901529656622664,0.0012973312796984858,57.85747960048944,57.67630933171094,0.0001764136805113497,7.867574829310262,7.842938936832688
0.45383253143506,43.79154570820158,0.0012760728641948054,57.53476860704258,57.35638324542054,0.0001735229190076917,7.823691948363566,7.7994347530846495
0.4557703131846658,43.68109214847405,0.0012479476101584421,57.32364285270792,57.146230079787244,0.0001696983911808249,7.794982649547022,7.7708577088087285
0.45771636890726614,43.57016697228583,0.0012304776559267155,57.191950385023446,57.016740312216896,0.00016732279215487685,7.777074846595381,7.753249433387392
0.45967073393120955,43.45876816592106,0.0012058753302631516,56.78342748135684,56.61036221795175,0.00016397731911544093,7.721523091899573,7.697989334127962
0.46163344373569004,43.34852715080136,0.0011833344303061664,56.645136678788816,56.4736929978331,0.00016091216283217145,7.702718034283477,7.679404782509542
0.4636045339513916,43.23814609872207,0.0011684240481038442,56.66840168540551,56.49796144545731,0.00015888461948737986,7.705881656026511,7.68270485415098
0.46558404036113443,43.12729373977647,0.0011392916135417397,56.06248430878371,55.89507243689064,0.0001549231332550034,7.623487809390456,7.600722811009462
0.46757199890052503,43.0159680615706,0.0011230788163729053,56.0791373013812,55.912688799251725,0.00015271848493988467,7.625752316353037,7.603118318903222
0.46956844565860806,42.90416704311795,0.001107649830399131,55.96639809841748,55.801926449897636,0.0001506204208256639,7.610421815929608,7.5880566349544765
0.47157341687852217,42.79346207168128,0.0010804325225216094,55.47035085186499,55.307999661074064,0.0001469193573182766,7.542968327494347,7.5208914905668625
0.47358694895815723,42.68271780730135,0.001065298306533004,55.45273380297293,55.29166949127625,0.00014486137661127928,7.540572726244741,7.518670881688861
0.4756090784508155,42.571500685205145,0.00105057967092752,55.33505095416889,55.17588565134505,0.00014285990734903175,7.524569979054829,7.502926365491927
0.47763984206587545,42.459808686376846,0.0010248877451810349,54.887282260713306,54.72988891816719,0.0001393662683292317,7.463681504024289,7.44227884513442
0.47967927666945737,42.347639783179844,0.0010101492221799584,54.80242851197018,54.64675289618586,0.00013736209473948723,7.452142922973165,7.4309738439752655
0.4817274192850936,42.23844677789003,0.0009971710004852404,54.7920616265967,54.63747859725906,0.00013559729041272379,7.450733213338629,7.4297127064127615
0.48378430709439985,42.1294317239968,0.0009720582139096027,54.287684548729274,54.135269301376724,0.0001321824038860273,7.38214701791996,7.361421290287955
0.4858499774377507,42.01995119579921,0.0009587010246543271,54.26027684743404,54.109111545056564,0.00013036606679874344,7.378420064338012,7.3578643067028295
0.4879244678149572,41.910003205807264,0.0009448493304021869,54.07459082640166,53.925652957291696,0.0001284824859411957,7.3531701109125125,7.332917244070888
0.49000781588594766,41.79959357393072,0.0009219502844070401,53.6943065797679,53.54669792698334,0.0001253686282493181,7.3014583048079515,7.281386187438597
0.4921000594714516,41.69079690748452,0.0009086721014277219,53.58380479169578,53.43795304348049,0.0001235630345921382,7.286432052499123,7.266598842497699
0.49420123655368586,41.58153569920833,0.0008965169221141205,53.5170457867328,53.37255841183368,0.00012191014920076289,7.277354030595933,7.257706350784111
0.49631138527704466,41.471807965593676,0.0008740986259114197,53.0708726294511,52.92812986600901,0.00011886166481917054,7.216682519738871,7.197272075653199
0.4984305439487916,41.361611714662835,0.0008617082661623178,52.97543887965506,52.834323766547826,0.00011717679912572424,7.203705249160431,7.18451613619554
0.5005587510397552,41.251503696972485,0.0008505915174182115,52.960020259613415,52.81989040211417,0.00011566512158278895,7.201608594626222,7.182553458673038
0.5026960451850276,41.14250169556359,0.0008293752816384979,52.53029611968249,52.391837813579016,0.00011278009576165424,7.143173853773131,7.124346018694062
0.5048424651846657,41.03303427558205,0.0008180441891065638,52.48835046310181,52.35109368353536,0.00011123927132532542,7.13747000019721,7.118805551079727
0.5069980500043954,40.92309944977583,0.0008063057063671449,52.318134321975975,52.182818748996226,0.00010964304916057416,7.1143236717240175,7.095923191728339
0.5091628387763188,40.81269522240773,0.0007859504454984694,51.87877600186856,51.74508822945973,0.00010687510041548087,7.054578855942311,7.036399727496809
0.5113368707996258,40.70449333081834,0.0007751835731912186,51.818672843603025,51.68634140278607,0.00010541099976436631,7.046405909274099,7.0284112174885784
0.5135201855413057,40.59751090847602,0.0007643051672994672,51.6902612483518,51.55950388453397,0.00010393173255521814,7.028944245863141,7.01116360018995
0.5157128226368651,40.490071690793606,0.0007457120616474017,51.34902763768527,51.219370933040864,0.00010140340517149885,6.982542622689566,6.964911646833801
0.5179148218910469,40.3821737273387,0.0007351156102809486,51.237804588799506,51.1097313963298,9.996247869792306e-5,6.967418291904764,6.950002645175218
0.5201262232785528,40.273941282629465,0.0007251427293826953,51.16248678791915,51.03560351912496,9.860634657338884e-5,6.957176427957406,6.939922589409323
0.5223470669447694,40.16734078665107,0.0007067325252336865,50.72046865578194,50.59526632190444,9.610289049881798e-5,6.897069925660475,6.880044663976292
0.5245773932064965,40.06028512608817,0.0006977012967245527,50.75348961663025,50.62898202905127,9.487480613380859e-5,6.901560181409665,6.884629392705102
0.5268172425526795,39.95277235747138,0.0006867973128710598,50.47159045942594,50.349431429974686,9.339206078269206e-5,6.863226974900517,6.846615547788238
0.5290666556451438,39.8448005290331,0.0006704947306408654,50.20609618157395,50.08458925866519,9.117520331685191e-5,6.827124536422768,6.810601784051513
0.5313256733193337,39.73769335399132,0.0006608944482770662,50.07875884678356,49.95885980976208,8.986973788003639e-5,6.809808953079939,6.793504844220681
0.5335943365850533,39.63106618050249,0.0006517434764917244,49.98323832638732,49.86454576504685,8.862537058683211e-5,6.796819883263188,6.78067983335993
0.5358726866272109,39.52398372852109,0.0006357069517886198,49.636019829657975,49.51844278792947,8.644469215121822e-5,6.749604423412502,6.733616064078575
0.5381607648065669,39.41644405409135,0.0006268875503497814,49.551381110729416,49.43513777106324,8.524541245136069e-5,6.738095082542048,6.722288082659791
0.5404586126604846,39.30936243027819,0.0006176031110525822,49.361514987931145,49.24697249212839,8.398289598117754e-5,6.712276710587703,6.69670099482741
0.5427662719036842,39.20551776433421,0.0006023128442331052,49.0034666523638,48.890102655783636,8.190369517269059e-5,6.663588587772165,6.648173126673569
0.5450837844290001,39.101229700695,0.0005945852900709836,49.03097807116441,48.918229601061846,8.085288703106658e-5,6.667329645066206,6.651997884478857
0.5474111923081413,38.99649634613365,0.0005855955427961834,48.812625521671876,48.701702241820826,7.963044336657484e-5,6.637637632310632,6.622554064713724
0.5497485377924557,38.891315799339495,0.0005715009586709757,48.530606913440735,48.42042229668107,7.771383386234502e-5,6.599288182613939,6.584305059889245
0.5520958633136962,38.78568615088368,0.0005635422361974824,48.44015826420226,48.33127296288676,7.66315909952466e-5,6.586988795896654,6.572182356663092
0.5544532114847919,38.67960548318437,0.0005550126163487515,48.241463833463484,48.134148350195375,7.547171637075826e-5,6.55996993311869,6.545376960856754
0.556820625100621,38.573071870472056,0.0005417263948435331,47.960095319109136,47.85360993964122,7.3665029618883e-5,6.521708884476745,6.507228791375968
0.5591981471387883,38.466083378754526,0.0005340389574585493,47.84935245195591,47.74420387343421,7.261967663618091e-5,6.506649849756314,6.4923515374995855
0.5615858207604049,38.36180970730259,0.0005256063730732593,47.60624804431165,47.50278582479203,7.147299708646923e-5,6.473592030236983,6.4595230324220445
0.5639836893108718,38.25870135963251,0.0005131673341613639,47.34162421056159,47.238957131590375,6.97815119039171e-5,6.4376079564746345,6.423647083448532
0.5663917963206673,38.15515275821131,0.0005064028882899481,47.33093432463069,47.22904371821419,6.886166913787078e-5,6.436154324583669,6.422299037835596
0.5688101855061365,38.05116202323613,0.0004985803087113701,47.12484991713225,47.02442539065292,6.779793925164574e-5,6.408130558108811,6.394474631818383
0.5712389007702855,37.947966167648005,0.0004868619361671486,46.87660031411088,46.776892542916634,6.620445171112353e-5,6.3743730847172335,6.360814624232068
0.573677986203578,37.84552457944972,0.00048004456217154835,46.784996238124144,46.68646864959884,6.527741167377415e-5,6.3619165807790745,6.34851860387398
0.5761274860847363,37.74264558444107,0.000472340910826314,46.53295534442751,46.43604570562843,6.422985388459878e-5,6.327643560161915,6.314465595269597
0.5785874448815442,37.63932731497514,0.00046154823788414033,46.34729500814048,46.25079493930519,6.2762244811975e-5,6.30239709939903,6.2892748286427205
0.5810579072516552,37.53556789543048,0.00045481325329410654,46.205340731325286,46.11021729210758,6.184640824940385e-5,6.283093875288751,6.270158801358217
0.5835389180434026,37.43136544217709,0.00044789426926249935,46.02370789278375,45.92986701227878,6.0905551077827164e-5,6.258395081657348,6.245634412604371
0.5860305222966139,37.326718063542216,0.0004371215953215236,45.73687462933192,45.643894724343376,5.944066150905185e-5,6.219390925594466,6.206747333699852
0.5885327652434285,37.22162385977601,0.0004315684566345103,45.77038068849402,45.677916652708674,5.868553469642026e-5,6.2239471459745,6.2113737029973
0.5910456923091185,37.11817230763526,0.00042492904764857757,45.567955934005525,45.476875383169116,5.77826946940573e-5,6.196421026374407,6.184035712424537
0.5935693491129138,37.01722603548345,0.0004144549342799344,45.23693318882395,45.14687800360575,5.635840398406617e-5,6.15140789694148,6.1391620142420615
0.5961037814688301,36.9158487412468,0.0004087058268431652,45.16516636733624,45.07609720988502,5.557662895216271e-5,6.141648902214866,6.129537101526868
0.5986490353865005,36.814038584539986,0.00040270020248274756,45.02009004073553,44.93213654506911,5.47599722402116e-5,6.121921135582549,6.109961044796826
0.6012051570720106,36.71299887419159,0.000393020113268818,44.76299148395619,44.6756376710668,5.344365450962823e-5,6.086960363908147,6.075081819175841
0.6037721929287377,36.61288447577923,0.0003872606897728247,44.62273801594548,44.53665931150579,5.266047667953084e-5,6.067888419152447,6.056183266196153
0.6063501895581932,36.512342607230465,0.0003818862118036458,44.54202887882296,44.45679998005714,5.1929644505662066e-5,6.056913430609823,6.045323835914548
0.6089391937608679,36.411371443326146,0.00037212102610949363,44.15674277204503,44.07264431860873,5.0601755186919556e-5,6.004521461642281,5.993085587145015
0.6115392525370827,36.31150840359085,0.0003672341990175267,44.15882643315992,44.07532156385609,4.993723474652994e-5,6.004804802013371,5.99344964426374
0.6141504130878409,36.21228430266204,0.0003619434084874499,44.030352923712755,43.94790257138486,4.9217782556614066e-5,5.98733471938725,5.976122956947511
0.6167727228156855,36.11263653300394,0.0003530038660393527,43.723574310699526,43.64190958437092,4.800216584403253e-5,5.945618355131846,5.9345134236736845
0.6194062293255598,36.01256328562872,0.00034811474313596494,43.6688163745217,43.587949332200715,4.733733321465245e-5,5.9381722623647155,5.927175801560018
0.6220509804256713,35.912062743824485,0.0003430755206942439,43.53140119227705,43.451631213278176,4.6652089752345726e-5,5.9194862733368785,5.908638993378612
0.6247070241283598,35.81113308312233,0.00033478922594391396,43.28222357199928,43.202937124591955,4.5525302957343506e-5,5.885602606318168,5.8748210779447465
0.6273744086509692,35.70977247126317,0.00032968326763045094,43.102747801180584,43.024804116993764,4.483098461883487e-5,5.861197135033997,5.850598198266507
0.6300531824167224,35.608085432997996,0.0003251562461372997,43.036113755561466,42.95891531915824,4.4215391257402625e-5,5.852136105350228,5.841638508854459
0.6327433940556006,35.51123781399838,0.00031678370085304704,42.646162976807666,42.5700433412876,4.307687594373021e-5,5.799109825035601,5.788758926023594
0.6354450924052264,35.41397667341185,0.00031265541182504846,42.66777243248174,42.59210050525987,4.25155030137465e-5,5.802048321677875,5.791758302928232
0.6381583265117499,35.316300245577004,0.0003082039006660767,42.55060426457436,42.47591793970644,4.191017769732149e-5,5.7861155618170965,5.775959567230364
0.640883145630739,35.218206757293395,0.00030042242694701356,42.21328826083938,42.13940306228275,4.0852037467401714e-5,5.740246662604169,5.730199606762182
0.6436195992280742,35.11969442778933,0.00029630199325210937,42.18080128389039,42.107569879355815,4.029173272119228e-5,5.735829019044699,5.725870867410552
0.6463677369808463,35.020761468689535,0.00029208780164455446,42.065211696457936,41.992947223584736,3.971867858806324e-5,5.720110917687822,5.710284251338779
0.6491276087782578,34.92140608398272,0.00028480940551960717,41.76213076017055,41.69048183111765,3.8728947847184224e-5,5.678897370847488,5.669154407367986
0.6518992647225293,34.823525734711474,0.0002806921624831074,41.665094045119005,41.59437554159462,3.81690769730329e-5,5.665702125874321,5.656085683503571
0.6546827551298087,34.7261035704567,0.00027678890705506553,41.58346827471233,41.51353301889053,3.7638304558297934e-5,5.654602491719688,5.645092556925011
0.6574781305310843,34.62826543141205,0.0002698239494264612,41.250803183135886,41.18163028491996,3.6691195805818565e-5,5.6093660327665935,5.599959764871207
0.6602854416731028,34.53029498311451,0.00026602769382218287,41.19781858329259,41.12935421199346,3.617497343934003e-5,5.602161081791427,5.592851160791462
0.66310473951929,34.43443885634414,0.0002622926005242202,41.1065771967636,41.03891876095321,3.566706804458225e-5,5.589753897085083,5.580553568791352
0.6659360752506764,34.338173441477004,0.000255605987258839,40.74517565698467,40.67836651435431,3.4757809110675974e-5,5.540609798910183,5.531524959187542
0.6687795002668259,34.24149699092792,0.00025202552476911403,40.70632683499989,40.64014446771697,3.4270930719913664e-5,5.535327059044805,5.526327449477042
0.6716350661867692,34.14440774964985,0.00024857961411201056,40.645602401740916,40.58010605489019,3.3802348954218324e-5,5.527069630170762,5.5181633070220055
0.674502824849941,34.04690395510201,0.0002422186862524341,40.27283313334618,40.208207121914086,3.293737736775055e-5,5.476379725712186,5.467591752499859
0.6773828283171204,33.94898383721791,0.00023872749153334844,40.20647090408447,40.14257412984525,3.246263778549148e-5,5.467355658155812,5.4586668480633245
0.680275128871377,33.85119587611594,0.00023539187834028434,40.12696962255058,40.06379680448103,3.200905448771775e-5,5.456544916211763,5.447954551115107
0.6831797790190193,33.75824707139138,0.00022956544494186405,39.81920687318646,39.756630868107756,3.12167645181824e-5,5.414694727143452,5.406185517860996
0.686096831490548,33.66490139230246,0.00022622442644571166,39.75228157211056,39.69042139340498,3.076244619657396e-5,5.405594091965001,5.397182222172516
0.6890263392416137,33.57115714426836,0.00022313320736087614,39.70118398892272,39.63992620596535,3.034209609436298e-5,5.39864574125731,5.390315786433446
0.6919683554539777,33.47701262547271,0.00021740936604888484,39.30342175084864,39.24309643394045,2.9563756800219103e-5,5.344557243211238,5.336354086970172
0.6949229335364776,33.38246612683271,0.00021445310394713616,39.33467109620773,39.27466353149218,2.916175841623894e-5,5.348806591172421,5.340646643504734
0.6978901271259972,33.28751593196809,0.00021132253113214115,39.20986451485847,39.15071846842735,2.873605691574756e-5,5.331835144701956,5.323792347999303
0.7008699900884396,33.19303030725837,0.00020602105582369788,38.83884703037289,38.78052274064763,2.8015151788477456e-5,5.281383451293797,5.27345239869786
0.703862576519706,33.100260127889115,0.00020311156876162565,38.85314000263684,38.795165202779074,2.7619513967165073e-5,5.283327038010611,5.275443509740027
0.7068679407466766,33.007093836853024,0.00020028097120235666,38.78218841141104,38.724885283735766,2.723460369691156e-5,5.273678899911922,5.265886706956892
0.7098861373281977,32.91352974282587,0.00019570824353964998,38.45535750213773,38.398758770361034,2.6612795119890558e-5,5.229235784639796,5.221539376836137
0.7129172210560719,32.819566147261774,0.00019231402146010826,38.3515117453906,38.295612770646784,2.6151242069490044e-5,5.215114632671962,5.207513379217517
0.7159612469560527,32.72520134436237,0.00018976632992926532,38.34542380750974,38.2899285122348,2.580480192209141e-5,5.214286782804241,5.206740422484623
0.7190182702888435,32.63043362104585,0.00018598725943115533,38.00327124060246,37.94880430302448,2.5290916420434205e-5,5.167760198138413,5.160353675938049
0.7220883465511007,32.53734960346698,0.0001822534714404095,37.929670900033635,37.87551063410653,2.478318852394069e-5,5.157751877850589,5.150387057469557
0.7251715314764414,32.444854055706756,0.00017969644803609832,37.86068922031735,37.80716225090017,2.443547940987922e-5,5.148371612226042,5.141092908760496
0.7282678810364549,32.35196356890635,0.00017679224672048155,37.665068587094694,37.61236441983895,2.404056035485348e-5,5.12177073053082,5.114603913335114
0.731377451441719,32.26005390819015,0.00017269630485968775,37.50382880306316,37.45137995534847,2.3483586056822926e-5,5.099845024898818,5.092712926560699
0.7345002991428204,32.16949132485821,0.00017026361182816865,37.43680124637482,37.38496186181098,2.3152783633447816e-5,5.0907304847993755,5.0836812624693035
0.7376364808313793,32.078542055890004,0.00016780938751301586,37.334970025682594,37.28376325854426,2.2819053343419525e-5,5.076883273439873,5.069920075682042
0.7407860534410791,31.98720445020871,0.00016354874500529895,37.03672564024947,36.98609889839997,2.2239682724756776e-5,5.0363274103774085,5.029443085608762
0.7439490741486989,31.895476849687732,0.00016127135486291314,36.991830113186396,36.94171674861629,2.192999869627029e-5,5.030222427562584,5.02340791285461
0.747125600375153,31.803357589120566,0.00015901168521693598,36.91826363416934,36.86870003808767,2.16227243360319e-5,5.02021871183573,5.013478955737212
0.750315689786532,31.711160685977102,0.00015495039698005907,36.60886089031918,36.55987862405617,2.107046230651279e-5,4.978145513064478,4.971484807347698
0.7535194002951501,31.621456791735795,0.00015278865009357473,36.57187386667519,36.523360198651616,2.077650367732805e-5,4.97311594423013,4.9665189594313555
0.7567367900605966,31.531369878303295,0.00015062283990874503,36.48551579776249,36.43759247773069,2.0481992512775253e-5,4.961372802738711,4.954856094630742
0.7599679174907917,31.44089831025783,0.00014684394162527202,36.209333912065105,36.1618519891273,1.9968130429205948e-5,4.923817042148583,4.917360356092913
0.7632128412430468,31.35004044519469,0.00014467711311549035,36.1210662381968,36.074204889288566,1.967348079080646e-5,4.911814228787835,4.905441929619537
0.7664716202251286,31.2587946336964,0.00014258583507273064,36.01490784464661,35.968695087323354,1.9389104654757727e-5,4.897378599880686,4.891094497482518
0.76974431359633,31.167159219302764,0.00013904005890079358,35.74401259035764,35.69821059243742,1.8906942978284282e-5,4.860541725914863,4.8543134793950085
0.7730309807685428,31.078163519249348,0.0001370687324137481,35.71324144600567,35.66787402786474,1.863887809269081e-5,4.856357404675079,4.85018825317555
0.7763316814073368,30.989044602001908,0.00013514021725040835,35.64019206465408,35.59535685056564,1.8376634775805875e-5,4.846424004914375,4.840327223577464
0.7796464754330428,30.89954516330784,0.00013163254175774087,35.267108221579875,35.22298272567588,1.7899654105267545e-5,4.795691323966964,4.789691051516413
0.7829754230218404,30.81263900143215,0.00012979940477644296,35.280288171712286,35.236439285338164,1.765038050274762e-5,4.797483559726789,4.791520901188732
0.7863185846068507,30.725716800221885,0.00012802020476681595,35.23697266830284,35.19356535115658,1.7408441356612888e-5,4.791593431662168,4.785690818583514
0.7896760208792327,30.638423457139954,0.00012490770039735188,34.870400902807795,34.827700660261,1.6985196839181355e-5,4.741746275939881,4.735939812267659
0.793047792789286,30.550757387478566,0.00012292747899874998,34.858407921907414,34.81601801101449,1.6715922405872476e-5,4.740115446610437,4.734351182452012
0.7964339615475567,30.462716999763526,0.00012122457956076895,34.81006210635697,34.768115067593044,1.648435876280302e-5,4.733541286723875,4.727837245195933
0.7998345886259485,30.37430069572534,0.00011901236311446102,34.58057536769231,34.53922374836883,1.6183537182773267e-5,4.70233522484137,4.696712149629883
0.8032497357588388,30.28550687027019,0.00011637691088308547,34.416303731184584,34.37539277480285,1.5825163161253593e-5,4.679997241896347,4.674434088905679
0.8066794649442002,30.196333911450797,0.00011483988228528456,34.41987214566181,34.37925116960151,1.5616154964016358e-5,4.680482481974474,4.6749587610830545
0.8101238384447242,30.106904038881897,0.00011312403094416507,34.29399677657175,34.253955493328945,1.5382830095469615e-5,4.663365699627206,4.657920806514859
0.8135829187889534,30.020427030276167,0.0001102093279261514,34.000903857807465,33.96136256637239,1.4986482998123105e-5,4.623510343219674,4.618133439985016
0.8170567687724156,29.933580780689613,0.00010870089567741341,33.97729805170006,33.93811593280474,1.4781363389148806e-5,4.6203003788859585,4.614972316645632
0.8205454514587639,29.84690916498967,0.00010716470192419979,33.90333027376946,33.864599470527416,1.457246871573436e-5,4.610242093736915,4.604975402294248
0.8240490301809217,29.76282327565788,0.00010452218101860814,33.69048423488489,33.65199930224913,1.4213133481874933e-5,4.5812988672153,4.576065609745331
0.8275675685422323,29.67837835498642,0.00010295510281696159,33.58642313303389,33.54849951071155,1.4000039079907048e-5,4.567148432193131,4.561991502812871
0.8311011304176139,29.59357286997726,0.00010147079957877605,33.493864161086634,33.456438882935586,1.3798200581644616e-5,4.554562079608339,4.549472916056898
0.8346497799547185,29.508405281086755,9.89315342919229e-5,33.24681913146618,33.20970887970497,1.3452906251616139e-5,4.520968406496944,4.515922080858808
0.8382135815750971,29.42287404219767,9.747318540405388e-5,33.17268151094592,33.136048093953505,1.3254597077387024e-5,4.510887025815695,4.505905541115164
0.8417925999753688,29.336977600591148,9.617256371095424e-5,33.1587793740483,33.12242857359976,1.3077735959935254e-5,4.508996585667168,4.504053531724808
0.8453869001283955,29.250714396918507,9.367284229961063e-5,32.82078706414088,32.7849886759958,1.2737818884529008e-5,4.4630357209995415,4.4581677851778485
0.8489965472844612,29.16408286517293,9.239967566329163e-5,32.8535869890347,32.817957080616296,1.2564691160152013e-5,4.467495919841244,4.462650894226942
0.8526216069724567,29.079703039633493,9.107608638256152e-5,32.770459901280134,32.73530573850049,1.238470686458085e-5,4.456192133575964,4.451411800797205
0.8562621450010692,28.99597066497541,8.885769932792643e-5,32.42913158511827,32.39454737632691,1.2083046192992124e-5,4.4097776321612985,4.4050748028563
0.859918227459977,28.91188076842053,8.743733392740977e-5,32.415644282669234,32.381313558172565,1.1889902088708785e-5,4.407943602023863,4.4032752420160115
0.863589920721049,28.831021744136923,8.622117832816301e-5,32.37067987881799,32.33670640287188,1.1724526838227297e-5,4.401829253206774,4.397209472565387
0.8672772914395499,28.749899588329903,8.471872362083433e-5,32.173662060511084,32.140190102124976,1.1520220067189557e-5,4.375038379512651,4.370486796223772
0.8709804065553504,28.66745064922694,8.277905295393665e-5,32.01623832832993,31.983068114586814,1.1256459802805235e-5,4.353631588179936,4.349121036726083
0.8746993332941417,28.58191533423474,8.15954583543285e-5,31.951573748418298,31.918804399729517,1.1095512261635367e-5,4.344838370349264,4.340382329320568
0.878434139168657,28.49601479912089,8.04023520570218e-5,31.854149852155828,31.8218151445529,1.0933271300947159e-5,4.331590475707109,4.327193538035324
0.8821848919798959,28.41193237644229,7.840052789348958e-5,31.645425424738328,31.613322887044824,1.0661059280816613e-5,4.3032077140875,4.298842347340479
0.8859516598183563,28.329063483996162,7.73023569150806e-5,31.61075294163173,31.57896755490214,1.0511727813084714e-5,4.298492881066034,4.294170641136116
0.8897345110652698,28.245840756564064,7.616435843945098e-5,31.503034113375207,31.471719070175702,1.0356980523287781e-5,4.283845061152588,4.279586779468761
0.8935335143938433,28.16579619772929,7.427143110432907e-5,31.293765842264293,31.26265396254287,1.009957650986801e-5,4.255388346588901,4.251157691477773
0.897348738770506,28.085676485819373,7.316267214049936e-5,31.2096072067711,31.17892653788341,9.948805266878625e-6,4.243944288416174,4.239772270209471
0.9011802534561608,28.004034423964463,7.214159011512215e-5,31.15332804849881,31.12299839375106,9.809956507876495e-6,4.23629133685148,4.23216705024372
0.905028128007442,27.91938118383628,7.031713344210094e-5,30.892742441701838,30.862732312656355,9.561863270892364e-6,4.200856389199542,4.196775552330516
0.9088924322779782,27.83436648988448,6.925494818895503e-5,30.82253469748313,30.792901799389487,9.417425213455024e-6,4.191309400892207,4.187279860636203
0.91277323641966,27.7545352716068,6.834286429037748e-5,30.825051860293513,30.795620285658007,9.29339823591957e-6,4.191651689683647,4.187649525790782
0.9166706108839139,27.676587782321725,6.670695250309233e-5,30.515428630992723,30.486456558023157,9.070943706453551e-6,4.1495485088635125,4.145608828918547
0.9205846264229808,27.597722845117406,6.56603270562862e-5,30.543761697078324,30.514899076210405,8.928621502343268e-6,4.153401295385005,4.149476498953906
0.9245153540912009,27.515177564084784,6.470702961369167e-5,30.46358474148202,30.435110529751093,8.798990225350357e-6,4.142498673941832,4.138626694155544
0.9284628652463034,27.43227982982763,6.360132263560769e-5,30.261247107610416,30.233296661627676,8.648633997435918e-6,4.1149844011760175,4.111183644094993
0.932427231550702,27.35145536898596,6.209093623315315e-5,30.09956306651152,30.07183062802535,8.443248658763417e-6,4.092998284586866,4.0892271725976155
0.9364085249727955,27.27182950054409,6.123119164469347e-5,30.072627448070058,30.04515289644619,8.326338884426414e-6,4.08933552576769,4.085599481745463
0.9404068177882748,27.191863644234502,6.038079829394351e-5,30.026719770903775,29.999518984740813,8.210700709940212e-6,4.083092908774355,4.079394091922483
0.9444221825814348,27.111556348371302,5.878039647599825e-5,29.7298692802035,29.703069098964214,7.993074896534713e-6,4.0427265902822835,4.039082248482483
0.9484546922464919,27.03090615507016,5.7960876197703145e-5,29.706414237194814,29.679863084811927,7.881634903673889e-6,4.0395371270137534,4.035926648651764
0.9525044199889076,26.952416020210755,5.71856032243358e-5,29.69300950112252,29.666664932989317,7.776211747096258e-6,4.037714324415988,4.034131937790005
0.9565714393267171,26.875142652792377,5.564438114255812e-5,29.35657753385171,29.330695057258616,7.566633311590598e-6,3.9919656382348365,3.9884460877329797
0.9606558240918641,26.79688351816272,5.489074540283525e-5,29.375509071579984,29.349778802856065,7.46415242895875e-6,3.9945399862835167,3.9910411333095968
0.9647576484315417,26.714847031369167,5.412735144902321e-5,29.329343650726063,29.30389608248892,7.360344605020833e-6,3.9882623207923342,3.9848019099913077
0.9688769868095372,26.63246026380926,5.272493906296183e-5,29.02522145461772,29.000151771846703,7.169641787250733e-6,3.9469071813763352,3.943498156190482
0.973013914007585,26.55574954786347,5.194080599224831e-5,28.997816819582816,28.97298644408975,7.06301381706305e-6,3.9431806447505457,3.9398041610429853
0.9771685051267239,26.48096690771897,5.122664670389188e-5,28.968785176220265,28.944192184184693,6.965901020584725e-6,3.939232864305392,3.9358886604712024
0.9813408355886603,26.404524123815456,5.027459764201429e-5,28.741707858741453,28.717553981609022,6.836439500877717e-6,3.908354440294532,3.9050699481758024
0.9855309811371372,26.32491135839439,4.917454623681659e-5,28.653680606636783,28.629661862580114,6.68685232898149e-6,3.896384319962049,3.8931182035069813
0.98973901783931,26.244958661053108,4.8483798817524745e-5,28.615641750420437,28.591870900677534,6.592923124893147e-6,3.8912117208483306,3.887979313553717
0.9939650220871263,26.168629602431725,4.777523379233386e-5,28.5292539082996,28.505802924134247,6.49657104741561e-6,3.879464530737018,3.876275619398054
0.998209070598714,26.09223672922315,4.652118306452464e-5,28.267028842665262,28.243884855403824,6.326042742191844e-6,3.843806646220709,3.84065948092963
1.0024712404197726,26.01848316094782,4.58728336543242e-5,28.24830209674649,28.225358688899153,6.237878903471017e-6,3.8412601461684637,3.8381402560639395
1.0067516089249735,25.946572970060448,4.524566676697717e-5,28.216784823009764,28.19406278128871,6.152595506220739e-6,3.8369743647750854,3.833884576475466
1.0110502538193629,25.874355735834705,4.411162876155998e-5,28.014611425045516,27.992058922191486,5.998386769018402e-6,3.809482425133695,3.8064156910654723
1.0153672531397737,25.801830147251803,4.344669230617088e-5,27.94458981806862,27.922333820131627,5.9079673909944435e-6,3.799960748137682,3.796934333396159
1.019702685256242,25.728994887695137,4.283181009409094e-5,27.888571807685466,27.86658020248864,5.824354488252137e-6,3.792343307980907,3.7893528458885832
1.0240566288734294,25.65584863492639,4.175333426143189e-5,27.61239552778963,27.590710986486116,5.677701205502226e-6,3.754788309678793,3.7518396027437038
1.0284291630320517,25.582390061061535,4.114237738780025e-5,27.6327555252809,27.61118991186064,5.594622078067547e-6,3.7575569025192204,3.754624367633577
1.0328203671103142,25.508617832546722,4.05843031557173e-5,27.619898887749073,27.598508630880765,5.5187340371169125e-6,3.755808631448074,3.7528999418941624
1.0372303208253533,25.43453061013407,3.9879465409577375e-5,27.426020449730977,27.405035385502025,5.422888802437326e-6,3.7294446569122006,3.7265910662570385
1.0416591042346819,25.360127048857347,3.8945518532790105e-5,27.30434959854576,27.283480506485823,5.295888853762371e-6,3.712899613248779,3.710061792719177
1.0461067977376444,25.285405798007577,3.8387230802291365e-5,27.252437884417088,27.23181767487103,5.219971780873709e-6,3.705840555401026,3.703036578409289
1.0505734820768755,25.210365501108495,3.784197673580732e-5,27.192733810739455,27.172357656811897,5.145827051468443e-6,3.697721877046612,3.694951087221933
1.0550592383397663,25.13500479589193,3.685152139414547e-5,26.949917060050723,26.92978235509615,5.0111429696622126e-6,3.6647031736906253,3.6619652165761782
1.059564147959936,25.05932231427308,3.632610972258675e-5,26.916373738333583,26.896447897931427,4.939696448473857e-6,3.660141886274452,3.6574323309760994
1.064088292718711,24.983316682325658,3.585810635721511e-5,26.934633270849872,26.914813325566012,4.876056422623175e-6,3.6626248537215673,3.65992969825143
1.068631754746608,24.90698652025699,3.487824812228171e-5,26.602268027054155,26.582837161234607,4.742813356407944e-6,3.617429168664408,3.6147869209915195
1.0731946165248265,24.83033044238292,3.437290889064484e-5,26.57960674846568,26.56035878977775,4.674096325411392e-6,3.614347643056072,3.6117302674577147
1.077776960886746,24.75334705710267,3.3897068969275716e-5,26.548946868911244,26.529886501081982,4.609390669133323e-6,3.6101784518241375,3.607586585202806
1.0823788710194284,24.676034966873605,3.3144308808368294e-5,26.252843916522,26.234181657257185,4.507028849445403e-6,3.569913785074251,3.5673760540451127
1.0870004304651302,24.598392768185818,3.254039013837366e-5,26.271833423065367,26.253197570703264,4.4249067909007e-6,3.572496015837382,3.5699618756712495
1.0916417231228173,24.520419051536674,3.206233642371001e-5,26.197593664453933,26.17922324364342,4.3599000986196526e-6,3.562400746215917,3.55990269995862
1.0963028332496887,24.442112401405232,3.16109555635002e-5,26.153060727459362,26.134873351567336,4.298520433989583e-6,3.5563450691177607,3.553871913671526
1.1009838454627068,24.365734240790754,3.078260313895168e-5,25.9238507817495,25.905878768246687,4.1858794283637375e-6,3.5251766460902343,3.5227327760488314
1.1056848447401324,24.297569751268085,3.0335725494361174e-5,25.872883524770355,25.855127178319037,4.125112119925158e-6,3.5182460173988885,3.5158314741908967
1.1104059164230684,24.22911421186551,2.9928429156892286e-5,25.86088257429168,25.843267902487046,4.069727156133659e-6,3.5166141043503805,3.514218826341839
1.115147146217008,24.16036637985339,2.9140420801182326e-5,25.609896163081267,25.59251703364624,3.9625722170060075e-6,3.4824844743531345,3.480121225863181
1.1199086201933917,24.091325007195824,2.8716811024797143e-5,25.576991350115485,25.559793609758046,3.904968919434959e-6,3.478010012623374,3.4756714297799545
1.1246904247911689,24.021988840528053,2.8325210005473763e-5,25.55795492910501,25.54090801209992,3.851718236134631e-6,3.475421402337956,3.473103328753129
1.1294926468183675,23.952356621133674,2.7649607586915824e-5,25.298534990294876,25.28175283268047,3.759848479284341e-6,3.4401449645308286,3.437862893453065
1.13431537345367,23.882427084921787,2.7205986020795877e-5,25.325755438142743,25.309031787387013,3.6995239388542223e-6,3.4438464550176118,3.4415723398185314
1.1391586922479957,23.812198962404064,2.6783289266261366e-5,25.208971959989757,25.19255300291774,3.6420447958052967e-6,3.4279660060326207,3.425733323684974
1.1440226911260905,23.74167097867169,2.6414468166192142e-5,25.187369063507308,25.17107352364136,3.5918917711063316e-6,3.4250284013222334,3.4228125014910513
1.1489074583881225,23.670841853372227,2.5729692585362437e-5,24.980711342027455,24.964598095806267,3.4987746294564818e-6,3.396926674475084,3.394735563295273
1.1538130827112856,23.59971030068636,2.5363584043518925e-5,24.946313674018384,24.930369958261142,3.4489904638050775e-6,3.3922492113556424,3.390081153264562
1.1587396531514091,23.528275029304567,2.500450875246294e-5,24.896883250178156,24.881122241003247,3.4001626935453547e-6,3.3855275642826466,3.3833843509950077
1.1636872591445744,23.456534742403672,2.4347064741519673e-5,24.663136305047686,24.647573344484275,3.3107621529774888e-6,3.3537421910753236,3.3516259088306817
1.168655990508738,23.3844881376233,2.3993908128067244e-5,24.630260098142227,24.61486228914206,3.26273921623727e-6,3.3492716192543828,3.347177794646869
1.1736459374453636,23.312133907042227,2.3645708221237326e-5,24.56597917045262,24.550785137731538,3.215390302294602e-6,3.3405305712137907,3.338464456508872
1.1786571905410577,23.239470737154665,2.307795770313777e-5,24.332548454294866,24.317561112766725,3.1381864607796992e-6,3.3087881994493786,3.3067501910228225
1.1836898407692156,23.166497308846374,2.271297488847689e-5,24.350519487428635,24.335600248128813,3.0885553737433313e-6,3.311231936178255,3.309203188427779
1.1887439794916723,23.09321229737075,2.2374715678481775e-5,24.270466544523483,24.25577620393169,3.0425582154724166e-6,3.3003461782267896,3.2983485565766233
1.1938196984603606,23.01961437232477,2.2072817932367308e-5,24.26463379013954,24.250033033313073,3.0015055611785094e-6,3.299553028717106,3.2975675888450273
1.1989170898189778,22.945702197624822,2.1470444867371053e-5,23.99910087103365,23.98475147909286,2.919593677067005e-6,3.2634453357250126,3.2614940769486402
1.2040362461046576,22.878739674470847,2.116288596059777e-5,23.96228301978253,23.948090103608116,2.877771206918492e-6,3.2584387712881795,3.2565087903968695
1.2091772602496504,22.813448794829437,2.088556014505016e-5,23.967793430125777,23.953693077079848,2.840059892478486e-6,3.2591880878158794,3.2572706938423677
1.2143402255830102,22.74787913509577,2.031925460748257e-5,23.702058068413166,23.68818679357041,2.7630525422822617e-6,3.223052866276604,3.221166622811509
1.2195252358322892,22.682029504929925,2.002990258807206e-5,23.68747347461203,23.673724675278173,2.7237058807884733e-6,3.2210696242847674,3.2192000352822876
1.2247323851252387,22.615898708909466,1.9760324778171175e-5,23.678307051580965,23.664671530184624,2.6870481555235305e-6,3.2198231559005244,3.2179689706566603
1.2299617679915185,22.549485546507714,1.929377675738768e-5,23.413235125633676,23.39985255729472,2.623606030316443e-6,3.1837781496724604,3.1819583614870415
1.2352134793644127,22.48278881207196,1.8963326496110375e-5,23.42845889303977,23.415122846582456,2.578670748380271e-6,3.1858483077588224,3.1840348457111394
1.2404876145825534,22.41580729480157,1.8690738253174663e-5,23.37851716739275,23.36535091840306,2.5416036584604262e-6,3.179057132852035,3.1772667602007716
1.2457842693916503,22.348539778726042,1.8438114587206465e-5,23.370365489712384,23.357286451481084,2.5072513913139215e-6,3.1779486515532027,3.1761701379938376
1.2511035399462307,22.28098504268287,1.792795430495138e-5,23.09759376840752,23.084756882592785,2.4378787842923396e-6,3.140856611880814,3.1391110266873334
1.2564455228113836,22.21314186029543,1.7677923028672457e-5,23.083471639328273,23.070748126653484,2.4038790354374703e-6,3.1389362567591017,3.1372060882700525
1.2618103149645135,22.14500899995068,1.743840764978624e-5,23.06805032412558,23.055437590229023,2.3713092591670572e-6,3.136839235731547,3.1351241311604774
1.2671980137971004,22.076585224776824,1.6964601662729518e-5,22.80370313097781,22.791304426852868,2.3068801813108483e-6,3.1008927801069808,3.0992067797287577
1.2726087171164682,22.007869292620853,1.6724829301670885e-5,22.802633702681707,22.790327585108333,2.2742754600949375e-6,3.1007473571261968,3.09907394685089
1.2780425231475603,21.938859956025986,1.6488965395401223e-5,22.766943963055763,22.754770177796694,2.242202218313173e-6,3.0958941955456263,3.0942387800808837
1.283499530534722,21.86955596220903,1.6158606001935566e-5,22.558107561109768,22.546161532671544,2.1972792927622542e-6,3.0674962074075443,3.0658717627670278
1.2889798383434932,21.799956053037636,1.582959288675886e-5,22.54073828103321,22.528817628862623,2.152539436803245e-6,3.065134298252891,3.0635133043275786
1.2944835460624038,21.730058965007473,1.559306789669126e-5,22.469307996271823,22.457567430052606,2.1203762995354584e-6,3.0554210664578023,3.053824560977336
1.3000107536047827,21.659880634986912,1.5385436483692102e-5,22.469894003865328,22.458225993302367,2.092142168184315e-6,3.055500752932642,3.0539141137142183
1.30556156131057,21.598266669452673,1.4959788535431863e-5,22.204406576954625,22.192953799576124,2.034261715959233e-6,3.019399246059478,3.0178418746763658
1.311136069948139,21.53638962357566,1.474966596174603e-5,22.193219447576016,22.18186375897467,2.005688831637003e-6,3.0178779980182715,3.016333828959641
1.3167343807161254,21.474248374051008,1.4550768535067168e-5,22.184037154425333,22.172773775383746,1.9786423650684875e-6,3.016629371583686,3.015097754962076
1.3223565952452647,21.41184179277756,1.4171403483914018e-5,21.951288497925624,21.940193126792458,1.927055552988494e-6,2.984979747644357,2.9834709770713577
1.3280028156002368,21.34916874683737,1.3959691822953057e-5,21.94216843678615,21.931162497859415,1.898266581426832e-6,2.9837395836420857,2.9822429742378938
1.3336731442815195,21.286228098475135,1.3766464860556624e-5,21.923491391644998,21.912585735535785,1.8719911958381137e-6,2.9811998420001564,2.9797168692523908
1.3393676842272482,21.223018705077546,1.3556662965610165e-5,21.84443649786968,21.833678130740832,1.8434619180468915e-6,2.970449800748874,2.968986856648788
1.345086538815086,21.159539419152544,1.3217096495793122e-5,21.708174206573894,21.697489131005103,1.7972869959926005e-6,2.951920584118881,2.950467606350496
1.3508298118640991,21.0957890883085,1.3017206608184311e-5,21.637016281949393,21.62649448569446,1.7701055726184057e-6,2.9422443883953995,2.9408136136719576
1.3565976076366424,21.03176655523327,1.2845987357458356e-5,21.646424098982777,21.635958724614635,1.7468228393122442e-6,2.943523682014854,2.9421005796514836
1.3623900308402517,20.967470657673207,1.2496200257836007e-5,21.398702030248632,21.38842048322962,1.6992580957456585e-6,2.909837943781954,2.9084398386261174
1.3682071866295453,20.902900228412047,1.2309242563873718e-5,21.35775623288218,21.34759502583413,1.6738352177129427e-6,2.904270053045082,2.902888311957177
1.3740491806081316,20.83805409524974,1.2145550648036215e-5,21.360285647248688,21.350195722371407,1.6515760663344607e-6,2.904614007827424,2.903241959830479
1.3799161188305282,20.772931080981138,1.1896142326732078e-5,21.15780691389524,21.147903527594984,1.617661028132618e-6,2.8770805480742143,2.87573386596295
1.385808107804085,20.707530003374657,1.164807248348227e-5,21.109726212510267,21.099883976779783,1.58392799883131e-6,2.870542438937694,2.8692040722021916
1.3917252544909193,20.641849675150794,1.1485782003629077e-5,21.092744165624566,21.08299124396756,1.5618594174975517e-6,2.8682331865203627,2.866906964889716
1.3976676663098568,20.57588890396059,1.1321919893537522e-5,21.047492779042166,21.037855707583322,1.5395771227668444e-6,2.8620798132222967,2.86076934513137
1.4036354511383822,20.513645488616177,1.1020521611670463e-5,20.851266062029417,20.841744620765393,1.4985923866119263e-6,2.835396515051205,2.834101770583509
1.409628717314597,20.45371282685403,1.0858335737626977e-5,20.808789454105206,20.79938867247892,1.4765380297836446e-6,2.8296204616585134,2.82834212472767
1.415647573639187,20.393524263608132,1.0712004600313677e-5,20.80552886659825,20.796193660354454,1.4566396315018654e-6,2.8291770805023413,2.827907660642069
1.421692129377396,20.33307870622604,1.0444415039157265e-5,20.579682890731757,20.57050067659908,1.4202522722446437e-6,2.7984660967661394,2.7972174810765797
1.4277624942610119,20.27237505738988,1.0271118379273825e-5,20.55604077753356,20.54694353152207,1.3966870487209605e-6,2.7952511953222086,2.794014133766291
1.4338587784903556,20.211412215096445,1.0129294375856594e-5,20.541375222876017,20.532359461609477,1.3774015394457175e-6,2.7932569441125414,2.792030963013857
1.4399810927362842,20.150189072637158,9.98642927483167e-6,20.506102975574883,20.497182078535733,1.3579744596528906e-6,2.788460553966344,2.7872474726934517
1.4461295481421987,20.088704518578012,9.72030293143761e-6,20.320774375418303,20.31195684409373,1.3217860716491071e-6,2.7632592033404366,2.7620601779424256
1.4523042563260626,20.026957436739373,9.574840704943123e-6,20.26526883549522,20.25657453312664,1.3020058295838484e-6,2.755711449933245,2.7545291814530795
1.4585053293824268,19.96494670617573,9.445012428745884e-6,20.25326854543426,20.24464953723143,1.284351523088038e-6,2.7540796266896477,2.752907596859478
1.464732879884466,19.90267120115534,9.195607433718958e-6,20.054975724574337,20.04646342332029,1.2504369371999675e-6,2.727115375619553,2.7259578560119193
1.4709870208860216,19.840129791139784,9.055453877767409e-6,20.012933939279385,20.00452901763822,1.2313785786842362e-6,2.7213984502704056,2.7202555323555058
1.4772678659236538,19.777321340763464,8.938160387399401e-6,20.035208433164996,20.026840315910565,1.2154287772266994e-6,2.724427380127706,2.723289466946311
1.4835755290187038,19.714244709812963,8.785918835018433e-6,19.896822509587764,19.888623102402676,1.194726668981433e-6,2.705609387768117,2.704494416116567
1.4899101246793625,19.650898753206377,8.570880761337562e-6,19.792766040565766,19.784610864650883,1.1654853652205848e-6,2.6914595827272234,2.6903506257315235
1.49627176790275,19.587282320972502,8.446754760637099e-6,19.75722813055841,19.749167760026772,1.1486064654565922e-6,2.6866270672393244,2.6855310020676733
1.502660574177003,19.526320889824675,8.324320421324858e-6,19.70756686374044,19.69960942312745,1.1319576011633736e-6,2.6798740296803674,2.6787919611232023
1.5090766594833713,19.469217730597997,8.108798188232443e-6,19.543710174740227,19.535828550763686,1.1026504604454725e-6,2.6575924721204123,2.6565207132598454
1.5155201402983236,19.41187075134492,7.982794269946555e-6,19.485158417343058,19.477389109295498,1.0855161977235942e-6,2.649630488019295,2.648574002101515
1.5219911335956615,19.354278910998612,7.873060899307265e-6,19.46910297344083,19.461407761119414,1.0705944363413415e-6,2.64744723691346,2.6464008266794816
1.5284897568486435,19.296441164047074,7.734041923886177e-6,19.353742130763273,19.346149911320104,1.051690360336444e-6,2.6317602407220413,2.6307278356639205
1.5350161280321173,19.238356460514158,7.554395759904839e-6,19.26588674782665,19.25835436436474,1.0272617186520635e-6,2.6198134914999103,2.6187892230571985
1.5415703656246618,19.18002374594051,7.45625383604972e-6,19.29336130850977,19.28585696024117,1.0139161851937396e-6,2.623549536754033,2.622529080592511
1.5481525886107372,19.12144196136444,7.339977818860704e-6,19.1980571190708,19.190692239097533,9.98104741757116e-7,2.610589884049916,2.6095883930638126
1.5547629164828463,19.06261004330267,7.148023682787133e-6,19.034483718559745,19.02719203638918,9.720024376162758e-7,2.5883468486205854,2.5873553112168723
1.561401469243702,19.003526923731055,7.044842195738715e-6,19.018263280804753,19.011039810191562,9.5797161435957e-7,2.5861411613234067,2.5851588994625545
1.5680683674084077,18.944191530065172,6.941356157697073e-6,18.964807107486344,18.957684160568444,9.438993776547657e-7,2.5788720848517865,2.5779034924023962
1.574763732006644,18.884602785140867,6.80147594607777e-6,18.785733214890282,18.778746382195205,9.248781890434784e-7,2.5545212617654065,2.5535711783980015
1.5814876845848658,18.824759607194697,6.661203211911372e-6,18.77322376471768,18.766247482697143,9.058036244377165e-7,2.5528202019199715,2.551871553254216
1.588240347208509,18.76466090984427,6.564180500389429e-6,18.734418794508123,18.727526944752057,8.926102836922789e-7,2.547543425105962,2.5466062577069914
1.595021842464207,18.70430560206856,6.470323492998342e-6,18.694180835114885,18.687371810474634,8.798474216733418e-7,2.542071787580598,2.5411458829051488
1.6018322934620155,18.645341652303877,6.296706369709342e-6,18.51245282099616,18.505729013594696,8.562386209001703e-7,2.5173600517854404,2.5164457351191394
1.6086718238376474,18.59062540929882,6.208837111002433e-6,18.513769702650464,18.507094897081927,8.442899848232753e-7,2.517539123964666,2.516631470664796
1.6155405577547173,18.535675537962263,6.120007291323322e-6,18.478088057028096,18.4714909865641,8.322107297602249e-7,2.5126870630227556,2.511789980296579
1.6224386199069962,18.48049104074403,5.992262918972735e-6,18.292542150338797,18.286074108486808,8.148397966426507e-7,2.4874561626235283,2.4865766254639246
1.6293661355206743,18.425070915834606,5.874871992664063e-6,18.307021563900815,18.300545929550346,7.988767456526503e-7,2.4894251019978375,2.488544532395232
1.636323230356635,18.36941415714692,5.7851242247719855e-6,18.23888962961829,18.232519488982895,7.866726661709628e-7,2.4801603864427397,2.4792941620847437
1.643310030712737,18.313519754298103,5.703621892489343e-6,18.21014971545423,18.203845622721115,7.755898173772594e-7,2.4762522759126058,2.47539503287936
1.6503266634261085,18.257386692591133,5.5533480790599075e-6,18.05369208001585,18.04745043356622,7.551552861773921e-7,2.4549768563311076,2.454128104867344
1.6573732558754481,18.201013952996416,5.46910062591561e-6,18.006838386544093,18.000681338482586,7.436991504043093e-7,2.4486055981642463,2.447768350557091
1.664449935983339,18.144400512133288,5.398127047357514e-6,18.02287817207241,18.016753488470297,7.340480224245653e-7,2.45078672001334,2.4499538733895636
1.6715568322185699,18.087545342251442,5.28362493911535e-6,17.830486060712126,17.824488629966496,7.184777986448661e-7,2.4246248591243424,2.423809316596381
1.6786940735984677,18.030447411212258,5.1697609359744524e-6,17.766989823914532,17.76104937167248,7.029943456624403e-7,2.4159905149075844,2.41518272042955
1.6858617896912398,17.97310568247008,5.098085335374158e-6,17.758415496070242,17.752524164270167,6.932477553330234e-7,2.4148245608011867,2.4140234458182768
1.693060110618326,17.915519115053392,5.02607553049595e-6,17.72765607350585,17.7218296110021,6.834557192430422e-7,2.410641833513328,2.409849539585992
1.700289167056761,17.857860163779968,4.891719519160493e-6,17.56138118584475,17.555621965303892,6.651857223429279e-7,2.3880314445032647,2.387248294271409
1.7075490902415462,17.804136732212555,4.821004291782785e-6,17.54309567121224,17.537394994796443,6.555697254691012e-7,2.3855449439564533,2.384769754670839
1.7148400119680323,17.75018391143656,4.753787345077731e-6,17.52395929540702,17.518313839362417,6.464294317395537e-7,2.3829427416197984,2.382175061309782
1.7221620645943125,17.696000722002086,4.660230779598166e-6,17.371092339128435,17.36554688523922,6.337074244076355e-7,2.3621555897121223,2.361401507893537
1.7295153810436248,17.641586180277177,4.557173365287429e-6,17.314052064618238,17.30854496268052,6.196934728078825e-7,2.3543991400518163,2.353650273407662
1.7369000948067643,17.586939298429943,4.494786551165629e-6,17.310250929362184,17.30478899373788,6.112099900869833e-7,2.353882254140611,2.3531395293013366
1.744316339944508,17.53205908441064,4.430413115912286e-6,17.27520644128384,17.269806832154305,6.024563626843966e-7,2.349116835145261,2.3483825855863625
1.7517642510900477,17.476944541933644,4.306199955242626e-6,17.06020742158516,17.054910251198994,5.855656107349216e-7,2.3198808420223704,2.3191605222869693
1.7592439634514345,17.42159467045938,4.249968631311216e-6,17.10066083486472,17.095371848216644,5.779191637787736e-7,2.3253817773945227,2.324662570500059
1.7667556128140325,17.366008465176158,4.185433124996557e-6,17.03472225537646,17.029520961233732,5.691434976318213e-7,2.3164153185746,2.3157080362809412
1.774299335542985,17.31018491698191,4.110947386927179e-6,16.920675472585295,16.915558069035026,5.590147792357942e-7,2.30090701085281,2.3002111361683
1.7818752685856893,17.254123012465897,4.0167072048938284e-6,16.86932065512,16.864219338823126,5.461998123690222e-7,2.2939236809178785,2.2932299938099927
1.789483549474283,17.197821733890304,3.958971825178291e-6,16.843406018527183,16.838361251600112,5.383488409242379e-7,2.290399757235475,2.2897137598230537
1.7971243163281398,17.141280059171763,3.900291274636612e-6,16.790064340538272,16.7850921630637,5.303693432758841e-7,2.2831462500658475,2.282470123511149
1.8047977078563802,17.08833512814789,3.7952973388965075e-6,16.618436473745177,16.613531349301276,5.160920596513123e-7,2.2598079523364363,2.2591409437858396
1.8125038633603847,17.03747450182146,3.7419082559029724e-6,16.624484581133245,16.619611813575453,5.08832106255134e-7,2.2606303859747467,2.2599677773776996
1.8202429227363262,16.986396709940244,3.6900712950083316e-6,16.611037786561443,16.60620978397466,5.017832135004077e-7,2.2588018641788,2.258145342811297
1.828015026477709,16.93510082524712,3.627844979893354e-6,16.502750525541884,16.49801532188124,4.933215557527863e-7,2.24407674765082,2.2434328452653483
1.8358203156779183,16.88358591652574,3.5410867706859607e-6,16.448416759709243,16.443680347952103,4.815240023904662e-7,2.2366883344085173,2.2360442677436883
1.8436589320327827,16.831851048583633,3.487918654946646e-6,16.40106440154414,16.396396722371325,4.7429409655977827e-7,2.230249266827615,2.2296145465559247
1.8515310178431452,16.77989528223524,3.4376772739188793e-6,16.36608355902613,16.36147102223057,4.67462173919987e-7,2.2254925024817926,2.22486528057993
1.8594367160174485,16.72771767428484,3.3499425754153746e-6,16.225987885208717,16.22141933600801,4.5553183560643455e-7,2.206442014893463,2.2058207745119924
1.8673761700743274,16.67531727750944,3.297016919282533e-6,16.19191422858746,16.187402868582872,4.483348999139238e-7,2.2018086114851734,2.2011951478040186
1.8753495241452147,16.622693140641584,3.2506209882867378e-6,16.17388713805957,16.169419703894842,4.4202588919646e-7,2.1993572519606612,2.198749761402332
1.883356922976959,16.56984430835207,3.2046327480074492e-6,16.14612113091627,16.14170148002929,4.3577231707123137e-7,2.195581575238836,2.194980582345387
1.8913985119344503,16.51676982123263,3.1127564228505487e-6,15.937233223643908,15.932902577943647,4.232787921509401e-7,2.1671765833043195,2.1665876935126915
1.899474437003261,16.46346871577848,3.071732021295671e-6,15.960882947476154,15.956569340284528,4.17700212660624e-7,2.1703925196573635,2.1698059467959334
1.9075848447922945,16.413732446767003,3.0301031783543184e-6,15.955956165767763,15.951676689534322,4.1203944003173945e-7,2.1697225661089874,2.1691406344429462
1.915729882536448,16.36404771652767,2.9564532813777934e-6,15.757740506934995,15.75354995178166,4.020243809653073e-7,2.142768807684387,2.1421989676831825
1.9239096980992838,16.31415084159437,2.9036864469309e-6,15.757947720436277,15.753778364403766,3.948490421606551e-7,2.142796984987274,2.1422300276845654
1.9321244399757151,16.264040916148137,2.86200704137653e-6,15.734363629925461,15.730237549495765,3.8918139392736774e-7,2.1395899735834534,2.1390289009830474
1.9403742572947016,16.21371703050232,2.8220168480765493e-6,15.712252479881748,15.708169289423541,3.837434481267781e-7,2.136583255545747,2.136028015208731
1.9486592998219552,16.163178271086075,2.744713160530538e-6,15.54851922369696,15.54449288627935,3.7323153937186026e-7,2.1143184826248484,2.1137709732770538
1.956979717962661,16.112423720427767,2.705629734745097e-6,15.541362906568661,15.537370286973022,3.6791689761636025e-7,2.113345352428062,2.1128024280965745
1.9653356627642058,16.061452457138344,2.667110259757617e-6,15.51443170544811,15.510484631297993,3.626789430088945e-7,2.109683194284946,2.1091464633134738
1.9737272859189223,16.010263555894575,2.6160834202629515e-6,15.385719573275143,15.381843104316786,3.557402121689135e-7,2.092180663267291,2.0916535333298314
1.9821547397668404,15.958856087422273,2.5572105484108927e-6,15.33928381516948,15.335426041112076,3.477345622873285e-7,2.085866236780435,2.085341649012686
1.9906181772984544,15.907229118479428,2.521574189853145e-6,15.330479481395209,15.326655983273579,3.428886595702865e-7,2.08466900601149,2.08414907915347
1.9991177521575003,15.855381711839248,2.484188160403185e-6,15.281645013280853,15.277877549830704,3.3780483313506324e-7,2.078028398180104,2.07751609102785
2.007653618643744,15.807139735595033,2.420022274692182e-6,15.16786453003693,15.16411979264435,3.290794287308933e-7,2.0625563023989204,2.0620470855810487
2.016225931715785,15.759134782391605,2.382558611893411e-6,15.125951357856001,15.122260515997944,3.239850455589225e-7,2.056856866116106,2.056354978119914
2.0248348469938646,15.710924856834358,2.3498921006630712e-6,15.120074868695315,15.116414035593088,3.1954298857179044e-7,2.0560577694647386,2.055559962118683
2.0334805207626965,15.6625090837289,2.3135909063853983e-6,15.058335059058084,15.054729240960867,3.1460668017493275e-7,2.0476622676969054,2.0471719414003466
2.0421631099743003,15.613886584143918,2.2504263392334775e-6,14.907457354896327,14.903902584515311,3.0601743705441965e-7,2.027145618237513,2.0266622335106503
2.0508827722508527,15.565056475395226,2.2191533585990855e-6,14.904720049922162,14.901193724352073,3.017648751216221e-7,2.026773394078017,2.0262938773329604
2.0596396658875475,15.516017871029735,2.1895217560416614e-6,14.907227967302218,14.903725442562708,2.977355110352034e-7,2.027114425657504,2.0266381453965963
2.06843394985547,15.466769880809368,2.134042947807387e-6,14.69728900063923,14.693870637034237,2.901913926560749e-7,1.998566508582403,1.99810167271949
2.077265783804484,15.41731161069489,2.0984834298404805e-6,14.732460365598012,14.729040278151485,2.853559388749794e-7,2.0033491805475996,2.0028841102732957
2.0861353280661272,15.36764216282969,2.068001078550841e-6,14.700911972803794,14.697535836897377,2.81210888288598e-7,1.999059167523063,1.9986000738663552
2.0950427436565255,15.317760635523458,2.037111687295443e-6,14.653728875276514,14.650399542596771,2.770104876003587e-7,1.9926431163393987,1.9921903870782833
2.103988192279313,15.269261400147574,1.9828835519986445e-6,14.525909081997376,14.522613091246711,2.6963643820782495e-7,1.9752619273343721,1.9748137319749022
2.112971836328568,15.222546451091446,1.953883089152483e-6,14.50833308921532,14.505070568050634,2.6569289775113216e-7,1.9728719089760358,1.97242826487725
2.121993838891764,15.17563203776283,1.9268546845985364e-6,14.496843217483418,14.493610810968605,2.620175216923512e-7,1.9713094934291764,1.970869944380209
2.131054363752725,15.128517308485831,1.8919679785546333e-6,14.386713005804213,14.38354103301639,2.572735582109859e-7,1.9563337688152302,1.955902437664322
2.1401535753946055,15.081201407948052,1.8468822615372454e-6,14.325338899130049,14.322183147081157,2.511427129889551e-7,1.947987996061642,1.9475588706389853
2.14929163900287,15.033683477185077,1.8205315835081186e-6,14.309362780766012,14.306238477678852,2.4755949552720685e-7,1.9458155317998231,1.945390682869358
2.1584687204682966,14.985962653564858,1.795274112610466e-6,14.294122429314948,14.29102864073505,2.441249345394391e-7,1.9437431185821339,1.9433224190748881
2.167684986389985,14.938038070772079,1.7481497909650511e-6,14.139151004043741,14.136102640664355,2.3771687581676622e-7,1.9226697968068838,1.9222552743084989
2.176940604078384,14.889908858792404,1.7186762187448254e-6,14.095199596649863,14.092194452818003,2.337090010090336e-7,1.9166931972572223,1.9162845518386307
2.186235741558326,14.841574143896706,1.6952581357329875e-6,14.09267598693748,14.089695138353555,2.305245636341799e-7,1.916350031803261,1.9159446901006703
2.1955705675720796,14.793033048625187,1.6710717650016237e-6,14.066811248873123,14.063862695313581,2.2723565297142034e-7,1.912832893421725,1.912431943260603
2.2049452515824117,14.746262792404425,1.625368136875437e-6,13.92734084044852,13.924429706863833,2.2102078297126394e-7,1.8938674306616474,1.8934715689429242
2.214359963775665,14.701072173876808,1.6018726124944365e-6,13.912882566868873,13.910000026175396,2.17825814965436e-7,1.891901365944069,1.8915093923434032
2.2238148750648445,14.655688599688746,1.5806066329460417e-6,13.919600348744101,13.91673509382271,2.1493402488797534e-7,1.8928148632473618,1.8924252402002681
2.2333101570927245,14.610111245954922,1.548111648519709e-6,13.766026106515405,13.763228843120482,2.1051529245585463e-7,1.8719315331933741,1.8715511557689024
2.242845982234962,14.564339285272183,1.5134728967673724e-6,13.727321539477767,13.724537624239797,2.0580504629084363e-7,1.86666840940182,1.8662898470862057
2.2524225236032254,14.518371886704518,1.4921980531518098e-6,13.717614598973405,13.714855727067832,2.029120508599487e-7,1.8653484403795075,1.8649732835059027
2.2620399550483397,14.472208215767969,1.4715632981340435e-6,13.704231131875598,13.701498826584718,2.0010609594611953e-7,1.8635285299790774,1.8631569856864303
2.2716984511634406,14.425847434415486,1.432866599412375e-6,13.576629751715402,13.573925743073058,1.9484404210377714e-7,1.84617704122316,1.8458093447649038
2.2813981872871443,14.379288701021707,1.4101712648806737e-6,13.544315683310604,13.541647512921607,1.9175788550073565e-7,1.8417829101104723,1.8414200870089867
2.29113933950673,14.332531170367696,1.3910030051420865e-6,13.544919434207165,13.542269915994606,1.8915134752358337e-7,1.8418650093548528,1.8415047226133137
2.3009220846613387,14.285942827490109,1.3707278081081637e-6,13.50977537952923,13.507160229967077,1.8639428601753657e-7,1.8370860510958125,1.8367304378715215
2.310746600345181,14.242714958481203,1.3319324504288243e-6,13.350487113206391,13.347915891096829,1.8111881633445211e-7,1.8154257167124348,1.815076076830272
2.3206130649107637,14.19930251439264,1.313834753557367e-6,13.361140294607992,13.358583688413658,1.7865785561930265e-7,1.8168743574487074,1.8165267050676859
2.3305216574721244,14.155704707122652,1.2948748586317226e-6,13.334468846429823,13.33194218067026,1.7607965150268047e-7,1.8132475210258838,1.8129039400045661
2.340472557908086,14.11192074520442,1.2694854622587695e-6,13.212726109060608,13.210248767298484,1.7262715102712334e-7,1.796692702136586,1.7963558282902676
2.3504659468655205,14.06794983379171,1.240989658977619e-6,13.177123713809177,13.174656846828455,1.687522351790113e-7,1.791851417817299,1.7915159683525312
2.3605020057626285,14.023791174644435,1.2229753863535472e-6,13.154728038396186,13.152289236741133,1.663026186584831e-7,1.7888060094555567,1.7884743763694375
2.3705809167922345,13.979443966114168,1.205905203224409e-6,13.138533186800927,13.13611931365651,1.6398138129996208e-7,1.7866038014151255,1.7862755581573257
2.3807028629250917,13.934907403129596,1.1746625879700783e-6,13.01047832019653,13.008092499643922,1.5973294851177134e-7,1.769190646673091,1.7688662180623638
2.3908680279132053,13.890180677181895,1.1557772022100774e-6,12.991538027766426,12.989177573476699,1.5716487629927314e-7,1.7666151081426915,1.766294128886702
2.401076596293168,13.845478295568695,1.1389934046518173e-6,12.965747503037347,12.963415084764062,1.5488258221869087e-7,1.7631080614376793,1.7627908945748116
2.4113287533895096,13.80241923576406,1.1237615687152485e-6,12.966238162222933,12.963921857415883,1.528113269575523e-7,1.763174782246898,1.7628598065251277
2.421624685318062,13.75917632166414,1.0924857682234163e-6,12.827632135200913,12.825347926084877,1.4855838157494723e-7,1.7443268597843384,1.7440162484982902
2.431964578989337,13.715748768244785,1.0768547632520934e-6,12.819160033397285,12.816896649734808,1.4643284651675981e-7,1.743174806577703,1.7428670271781348
2.442348622111922,13.672135787129928,1.0619103504370495e-6,12.809039851772997,12.806796994902786,1.444006756217548e-7,1.7417986442082896,1.741493656082646
2.452777003195883,13.628336586577293,1.0420663995868612e-6,12.691879834176085,12.689688225512512,1.4170225582709629e-7,1.7258669926428938,1.7255689733500332
2.4632499115561908,13.584350371464,1.0175733061799131e-6,12.654603734090454,12.652414898985196,1.3837163640656384e-7,1.7207981146206632,1.7205004724817634
2.473767537316156,13.540176343272146,1.002490606306748e-6,12.625511946999922,12.623351390879797,1.3632066096312003e-7,1.7168421557120905,1.7165483590056771
2.4843300714108825,13.495813700074295,9.884346246748307e-7,12.611030357636597,12.608890326083237,1.3440930070249117e-7,1.714872920468004,1.714581914732887
2.494937705590729,13.45126163651894,9.638273679386432e-7,12.458971600717534,12.456871518253266,1.3106315712601976e-7,1.6941956691122,1.6939100957334519
2.5055906324247963,13.408196533543295,9.466807282145323e-7,12.449965364439981,12.447880991755572,1.2873152304807204e-7,1.6929709832404098,1.6926875461086857
2.516289045304418,13.366472723312771,9.334748915982071e-7,12.442610824892604,12.440544312044125,1.2693576719282207e-7,1.6919708983659278,1.691689889850116
2.5270331384466735,13.324570760057975,9.205056764731894e-7,12.42867138800974,12.426625343198667,1.251721875972699e-7,1.6900753860914273,1.6897971608599378
2.537823106897915,13.282489883098133,8.952200485961903e-7,12.302159463066179,12.300138799236542,1.217337977676047e-7,1.6728720436166693,1.6725972697413758
2.548659146537304,13.240229328504517,8.821493173483696e-7,12.291192434472045,12.289190919565264,1.1995641380832898e-7,1.6713807253166786,1.671108555349895
2.5595414540803736,13.197788329086544,8.693880243542813e-7,12.265903647027443,12.263926780457759,1.1822110787652871e-7,1.667941905842744,1.6676730876057253
2.5704702270825934,13.155166114377886,8.569414128879293e-7,12.247300429366193,12.245341559021455,1.1652859296300233e-7,1.6654122034079601,1.6651458323333028
2.5814456639429597,13.11236191062246,8.329029481875132e-7,12.111036490346468,12.109109112062708,1.1325979485568455e-7,1.6468827627171978,1.6466206739954532
2.592467963907597,13.069374940760373,8.211077722814321e-7,12.103351856634102,12.101442238811025,1.116558634416866e-7,1.645837790983459,1.645578117364384
2.6035373270733726,13.02726562253586,8.100041211690323e-7,12.104919474416704,12.103021846566921,1.101459669406883e-7,1.6460509587587153,1.6457929155599895
2.6146539543915317,12.987245764190487,7.921414328609375e-7,11.947248235746303,11.945401332644915,1.0771696315609566e-7,1.6246105110026934,1.6243593654558601
2.6258180476713444,12.947055028383161,7.757668184127706e-7,11.948595190018356,11.9467471914743,1.0549031060638853e-7,1.6247936725161263,1.6245423780088264
2.63702980958377,12.90669268549843,7.64467129741475e-7,11.926761648773734,11.9249353717455,1.0395375652931505e-7,1.6218247042735234,1.621576363501027
2.6482894436651345,12.866158002805516,7.539658341078978e-7,11.919186253589267,11.917375770356792,1.0252576952102546e-7,1.6207945870114695,1.6205483939106453
2.6595971543208266,12.825450244445026,7.341184399909508e-7,11.782863474168643,11.781081226348185,9.982688150412382e-8,1.6022571450862904,1.6020147914927938
2.67095314682901,12.784568671415563,7.22277238090556e-7,11.777330590350358,11.775562590356675,9.821669138413218e-8,1.6015047725708813,1.6012643564251283
2.682357627344348,12.743512541560348,7.116313382742781e-7,11.748082149628932,11.746337802171414,9.676904081227425e-8,1.5975275115908762,1.5972903117639032
2.6938108029017456,12.702281109553716,7.029156930108929e-7,11.779364524751417,11.777621013522818,9.558387008294253e-8,1.6017813510047973,1.6015442648898914
2.70531288142011,12.661404915029616,6.825103254484561e-7,11.621675586473067,11.619967292875238,9.280910773025108e-8,1.5803384964209815,1.580106199269357
2.716864071706123,12.62097574902857,6.7229361931008e-7,11.600143895208964,11.598455772206984,9.141981976596741e-8,1.577410574337412,1.577181020023417
2.7284645834580346,12.58037395789688,6.63258968425513e-7,11.603103605909205,11.601426899658016,9.019127001955878e-8,1.577813041668655,1.5775850398270765
2.7401146272694645,12.539598804556874,6.526855363565696e-7,11.547803753700965,11.546153803756182,8.87534737557143e-8,1.5702932580848838,1.5700688946189185
2.751814414633233,12.498649548783684,6.347615844673889e-7,11.433063182535438,11.431436142853373,8.631613922785676e-8,1.5546906076439038,1.5544693595609023
2.7635641579451917,12.457525447191829,6.259351057007104e-7,11.43380277591749,11.432187356426908,8.511589713892254e-8,1.5547911790188882,1.554571511072572
2.775364070508087,12.416225753221696,6.168448440495102e-7,11.408079558104411,11.406484440816342,8.387978533016994e-8,1.5512932848418088,1.551076377629257
2.7872143665354265,12.374749717126006,6.048556242499705e-7,11.323394372587368,11.321820805289653,8.224946744267716e-8,1.5397776253524915,1.5395636485503699
2.7991152611553716,12.333096585956199,5.913644520554234e-7,11.28722846885277,11.285666126679534,8.041491108957235e-8,1.5348597140320135,1.534647263644582
2.811066970414641,12.294585694673149,5.827329770631919e-7,11.266312708961093,11.264768897164894,7.924118600065357e-8,1.532015547518091,1.5318056169280818
2.8230697112824332,12.256176923896213,5.747815794380241e-7,11.263672334526845,11.262139635875494,7.81599391809584e-8,1.5316565041656622,1.531448084763131
2.8351237016543664,12.217604154706027,5.597591455481827e-7,11.11155431201512,11.110054561958044,7.611715882545715e-8,1.5109711937570216,1.5107672547696898
2.8472291603564313,12.17886668685942,5.506097588455209e-7,11.129106809963316,11.12761057973928,7.487300707493949e-8,1.5133580172412509,1.5131545568877967
2.8593863071489674,12.139963817123304,5.428680208817875e-7,11.119348061072825,11.117866076475853,7.382027019184048e-8,1.512031003211837,1.5118294800070053
2.8715953627306496,12.10089483926192,5.342876799867925e-7,11.061391976650382,11.059938497017672,7.265349841888213e-8,1.5041500199032667,1.5039523728600117
2.8838565487424956,12.061659044024013,5.199766821894907e-7,10.966873805368124,10.965432641015,7.070746055429092e-8,1.4912972515070704,1.4911012791199594
2.89617008777189,12.022255719129952,5.123381541878245e-7,10.957198373976347,10.955770592875384,6.966875836653814e-8,1.4899815671563816,1.4897874146504435
2.9085362033566247,11.984391389930126,5.051578105301617e-7,10.946524298097843,10.945110556811668,6.869236099463556e-8,1.4885300851476986,1.4883378418036215
2.920955119988957,11.947134640033127,4.9820859594196e-7,10.940760757426629,10.93935770435184,6.774739301201453e-8,1.4877463474559487,1.4875555575160546
2.9334270631196846,11.909718810640946,4.838162465183093e-7,10.80341473890619,10.802037185826226,6.579029279192138e-8,1.469069763448507,1.4688824410484853
2.94595225916224,11.87214322251328,4.770579438899622e-7,10.803408683906163,10.802041969631427,6.487128539625193e-8,1.469068940077594,1.4688830915598046
2.958530935496798,11.834407193509605,4.707248635317876e-7,10.81073409018461,10.8093748013752,6.401010056825689e-8,1.4700650633523846,1.4698802245640978
2.971163320474406,11.796510038576782,4.619711210868652e-7,10.708292883643036,10.70696718601349,6.281974930861864e-8,1.4561349049072554,1.4559546339142304
2.983849643421128,11.758451069736616,4.5042462865015373e-7,10.652661047733766,10.651341695039047,6.124963436601884e-8,1.448569977521369,1.4483905693251666
2.996590134642209,11.720229596073374,4.444445196534696e-7,10.666304117475416,10.664990838823979,6.04364472838348e-8,1.4504251892041993,1.4502466069684492
3.009385025426255,11.68278342626386,4.376549788247468e-7,10.624135656776671,10.622844178202666,5.9513192055721096e-8,1.4446910382823988,1.4445154204644157
3.022234548049431,11.64551981065665,4.2867099903061607e-7,10.534084947868328,10.532811871683473,5.829153266468989e-8,1.4324457642804729,1.4322726488558652
3.03513893577968,11.608097086238928,4.194099985129801e-7,10.50726713747201,10.506002578805065,5.7032203446239693e-8,1.4287990252329341,1.4286270680373054
3.0480984228809556,11.570514573645228,4.1330363649711504e-7,10.488006062384649,10.486756616964055,5.6201848228100024e-8,1.4261798660405676,1.4260099639741528
3.061113244617476,11.53277159060932,4.078934684580648e-7,10.498010277392163,10.496766603433542,5.546616284774324e-8,1.4275402590394264,1.427371141787858
3.074183637257994,11.494867451951817,3.9743502189411526e-7,10.367529943860783,10.366309701371293,5.404400254092754e-8,1.4097972844940434,1.4096313535001208
3.087309838080087,11.456801469567749,3.9023007862722635e-7,10.345097018777041,10.343890470676392,5.3064260065372065e-8,1.4067468108481926,1.406582742044426
3.100492085374464,11.418671369488948,3.8485461771293474e-7,10.344105104365205,10.342907430817613,5.23332942286773e-8,1.4066119283591303,1.4064490663346896
3.113730618449292,11.382927330186911,3.789979388119888e-7,10.304053793548805,10.30287542638067,5.153689141572026e-8,1.4011656716774388,1.4010054349727685
3.1270256776345398,11.347030670386744,3.687201319041748e-7,10.206798178004053,10.205631954201984,5.013929484762251e-8,1.387940660181043,1.387782074755375
3.140377504286341,11.31098073842688,3.6320348057856437e-7,10.195288634269332,10.194133954666103,4.9389129658762714e-8,1.3863755695962228,1.3862185539736103
3.1537863407913758,11.274776879863285,3.582021128138766e-7,10.191616567826085,10.190471612621565,4.87090337505191e-8,1.3858762347181752,1.3857205414385863
3.1672524305712715,11.238418437457568,3.531640459219911e-7,10.179143723874866,10.178009547609589,4.802394742217091e-8,1.384180152659328,1.3840259251212756
3.1807760180870197,11.201904751165047,3.431324908233398e-7,10.061967747013531,10.060851147997306,4.665983666349347e-8,1.3682463309215023,1.3680944935726385
3.194357348843418,11.165235158122773,3.3807763881746115e-7,10.047782752566949,10.046678380571192,4.597246786205327e-8,1.3663174272424543,1.3661672525480846
3.2079966693935225,11.129208659576843,3.337560847006959e-7,10.066242909722671,10.065141647878626,4.53848143619814e-8,1.3688276760259537,1.3686779242561822
3.221694227343126,11.093595008907874,3.2820663331146377e-7,10.000623141644866,9.999544769127821,4.46301889554154e-8,1.3599045698139478,1.3597579305802603
3.2354502713552535,11.057829294476342,3.1933597406558783e-7,9.916728104622063,9.915659665402229,4.342393911729332e-8,1.3484963562840404,1.3483510677998087
3.249265051154676,11.021910866997843,3.14979315684658e-7,9.924284646507473,9.923222242961668,4.2831512069755326e-8,1.3495239098370952,1.349379442095789
3.2631388175324405,10.985839074415654,3.1035763018731007e-7,9.899160576310248,9.898112356267909,4.2203046109277936e-8,1.3461074889411557,1.3459649499007822
3.277071822350429,10.949613261888885,3.046713711607043e-7,9.821248178840502,9.820219728342341,4.142981732884065e-8,1.3355128066035067,1.335372955864961
3.2910643185459265,10.91323277178059,2.9720777881268633e-7,9.77439654245934,9.773373974292731,4.041490323823443e-8,1.329141828163905,1.3290027773164703
3.3051165601362147,10.877720255673085,2.9274956320699667e-7,9.749477176634,9.74846847622258,3.9808666237847264e-8,1.3257532433744603,1.3256160782918813
3.31922880222318,10.843850874664367,2.8915584275551795e-7,9.777193667451167,9.776185328286651,3.9319985003150125e-8,1.3295221867680487,1.3293850708085404
3.33340130099795,10.809836877604921,2.8287682422835873e-7,9.65977503009234,9.658790604919352,3.8466151610161593e-8,1.3135553675744869,1.3134215034869767
3.3476343137455404,10.775677647010703,2.766095795445154e-7,9.633465970451624,9.632487493199866,3.761391924773913e-8,1.3099778094637398,1.3098447541863556
3.3619280988495253,10.74137256276114,2.729434246142694e-7,9.645437808436823,9.644463674405527,3.711538822895429e-8,1.3116057637376435,1.3114732990599922
3.3762829157967316,10.706921002087844,2.6846278081889963e-7,9.584082611161323,9.583129695958611,3.650610139885086e-8,1.30326256232159,1.3031329830223346
3.3906990251819464,10.672322339563328,2.6236095155263567e-7,9.493014687460278,9.492074422413442,3.5676362552992094e-8,1.2908789654346315,1.290751106328662
3.40517668871265,10.63757594708964,2.57391410558348e-7,9.491465810168986,9.490529984755334,3.5000594512112e-8,1.290668346028553,1.2905410906327093
3.4197161692137623,10.602681193886971,2.5369052865565533e-7,9.477562899546793,9.47663740984849,3.449734125073715e-8,1.288777800667424,1.2886519507426533
3.434317730632421,10.56763744648219,2.50161684881838e-7,9.469687234738894,9.468769866679384,3.401748207534337e-8,1.2877068521464279,1.2875821066182085
3.4489816380427687,10.532444068697355,2.434895458445676e-7,9.345481366208856,9.344581759620558,3.3110191375683466e-8,1.2708170917965615,1.2706947615084252
3.463708157650765,10.497100421638164,2.395484694717568e-7,9.35445901863632,9.353563585302338,3.2574275993865595e-8,1.2720378907797238,1.2719161279789863
3.4784975567990206,10.461605863682351,2.3643829296034702e-7,9.369946206056637,9.369053721535657,3.215134802318931e-8,1.274143869242081,1.2740225074267841
3.493350103971651,10.425959750468039,2.3261117553776046e-7,9.314294646481285,9.313420696926825,3.163092900544658e-8,1.2665762597929615,1.266457418399174
3.50826606879915,10.391814648641871,2.260217297204957e-7,9.193907140902851,9.193049340005379,3.0734883093854926e-8,1.2502057280105103,1.2500890825431288
3.523245722063282,10.35885941146078,2.2278994742696447e-7,9.206811192498225,9.205956785737492,3.029541892773557e-8,1.2519604465400578,1.2518442626141217
3.538289335702001,10.325763461455598,2.1964557380005263e-7,9.196943700951445,9.196097991151383,2.9867840765467514e-8,1.2506186454685637,1.2505036441725894
3.5533971828143884,10.292526197808346,2.166062659645004e-7,9.191493336621672,9.190654167643181,2.9454549657893693e-8,1.24987749411687,1.2497633822547858
3.5685695376656046,10.259147017135671,2.1054094694678624e-7,9.094393070210222,9.093564741242774,2.8629775548046348e-8,1.2366736073037365,1.2365609694878537
3.5838066756918745,10.225625313477877,2.07463920878596e-7,9.08615582934114,9.08533558863218,2.8211355440388904e-8,1.2355534909527988,1.235441952994347
3.599108873505486,10.191960478287932,2.0445149051100337e-7,9.068700214691445,9.067889584758397,2.7801719184216398e-8,1.233179841851656,1.233069610785575
3.6144764088998094,10.159454777221404,2.0150256541328007e-7,9.050239770118683,9.049438437082218,2.740071850059566e-8,1.2306695539846173,1.2305605871289729
3.6299095608543404,10.126890826597343,1.9568813490823566e-7,8.940232969702329,8.939445055985129,2.661006070830783e-8,1.2157106110789653,1.2156034690089699
3.6454086095397686,10.09418783387109,1.929872940912018e-7,8.947113631310945,8.946330100604868,2.6242795017220077e-8,1.2166462570914556,1.216539711032006
3.6609738363230613,10.061345205358343,1.9023398230745768e-7,8.934035606641784,8.933260537901663,2.586839422000931e-8,1.2148678813582805,1.214762485973745
3.676605523772568,10.028362344839882,1.872860136119059e-7,8.897519579846726,8.896756437427564,2.546752358985277e-8,1.2099023596096148,1.2097985859898575
3.6923039556631556,9.995238653550743,1.8224096466922996e-7,8.827985139803882,8.827227419963343,2.4781487828390048e-8,1.20044692853953,1.2003438922927687
3.7080694169813584,9.962619083527844,1.79429495013362e-7,8.80004222606035,8.79929596330362,2.4399178608378856e-8,1.1966471957073321,1.1965457174175511
3.72390219393055,9.930478546320984,1.7700544906512088e-7,8.803027822316448,8.802286104664642,2.4069552032538313e-8,1.1970531830078013,1.1969523227704024
3.7398025739361382,9.89820077490964,1.7404027291073165e-7,8.74768813099835,8.746960570506479,2.3666341498000158e-8,1.1895279820228557,1.189429046904144
3.755770845650788,9.865785183328901,1.694382873033221e-7,8.684534210550693,8.68381217190527,2.304055436762891e-8,1.180940186662305,1.1808420024152249
3.771807298959657,9.833231183111897,1.670495804441974e-7,8.682761706704007,8.682045317825441,2.271573327121718e-8,1.180699158073688,1.1806017420931108
3.787912224985657,9.800538183279116,1.6460779929062185e-7,8.662911494701115,8.662204139281247,2.2383695026979653e-8,1.1779998868750667,1.17790369928212
3.8040859160947447,9.768114181937142,1.618055643889141e-7,8.613179059849104,8.61248257901793,2.2002641567155176e-8,1.171237171745687,1.1711424629008795
3.8203286659012248,9.736765674810636,1.576243651797132e-7,8.554269057385811,8.553578937498006,2.14340738057907e-8,1.1632264727699424,1.1631326288988302
3.83664076927308,9.705283315302955,1.5539552279716424e-7,8.550806418693647,8.550122030647689,2.113099139797538e-8,1.1627556162928614,1.1626625518489722
3.853022522337326,9.67366653188896,1.532205272669651e-7,8.543035555766927,8.542357538677843,2.0835231191941234e-8,1.16169891893953,1.1616067208309921
3.8694742224853877,9.6419147506032,1.504349482066915e-7,8.482155530084377,8.48148856704534,2.04564426264698e-8,1.1534203322991305,1.1533296373422426
3.885996168378497,9.610027395029501,1.4659529123864983e-7,8.422314432981652,8.421655213857,1.9934318456465427e-8,1.1452830212276035,1.145193379303553
3.902588659953111,9.578210979086744,1.4453812305223942e-7,8.419680200637746,8.419026469594327,1.9654580646335804e-8,1.1449248130888012,1.1448359174449216
3.9192519984263643,9.547383802911225,1.4248501400718214e-7,8.408672602660921,8.408025383912445,1.9375394806298186e-8,1.1434279780836882,1.1433399679945913
3.935986486301533,9.516425000342164,1.39751803071115e-7,8.338806120219417,8.33817023070073,1.9003727362222114e-8,1.133927395229668,1.1338409257117077
3.952792427373524,9.48533400935898,1.363888315422428e-7,8.298739998781764,8.298109336524782,1.8546423823683285e-8,1.1284791245703238,1.1283933658657777
3.969670126734396,9.454110265541367,1.3456250583465188e-7,8.308542966654159,8.30791510846963,1.8298076431671363e-8,1.1298121515846,1.1297267741833876
3.986619890778894,9.422753202059045,1.3254952725995093e-7,8.282670177765649,8.282051429953048,1.802434761258668e-8,1.1262939184360274,1.1262097798812594
4.003642027210012,9.391553611838278,1.2978992282946308e-7,8.194697643470555,8.194091948422383,1.764909112879101e-8,1.1143312387398163,1.114248875125844
4.020736845044578,9.361295784271096,1.2695301906689371e-7,8.1869883384526,8.186382978214175,1.7263323328505126e-8,1.1132829121530112,1.1132005940671321
4.037904654618868,9.330908761324604,1.2510410966769906e-7,8.172827562268209,8.172229483206952,1.7011904961316938e-8,1.1113573017212897,1.1112759737443232
4.055145767594236,9.300391991358202,1.233386092920984e-7,8.164130918092233,8.16353828614311,1.677182871858866e-8,1.1101747147975103,1.1100941275296556
4.072460496962772,9.269744920375894,1.2064481541927268e-7,8.065430490481855,8.064851778066673,1.640552128495108e-8,1.0967532348908224,1.0966745404288007
4.089849157052984,9.238966992016218,1.1808358103854684e-7,8.062657668962421,8.062079279169172,1.6057239553964785e-8,1.0963761811210575,1.0962975305298062
4.107312063535509,9.208569491989635,1.1650992200438016e-7,8.072733604086016,8.072157674755942,1.584325027733854e-8,1.0977463267635492,1.0976680107509604
4.124849533428837,9.178755793170977,1.1478628615423698e-7,8.049794980495411,8.04922714578995,1.5608866855815135e-8,1.0946270872317438,1.0945498719422644
4.142461885105068,9.148814795321384,1.1227466472349725e-7,7.958122862342924,7.957566861908626,1.526733159216917e-8,1.0821613307849323,1.0820857247431177
4.1601494382956945,9.118745954897319,1.0989313202799725e-7,7.952215425065339,7.951660325438347,1.4943486052756206e-8,1.0813580257472468,1.0812825421989962
4.177912514097405,9.088548726034412,1.082791473035069e-7,7.935644076891502,7.935096150337294,1.4724013208778672e-8,1.0791046209553259,1.0790301128157394
4.195751434977906,9.05822256053756,1.0661534323165813e-7,7.903431953177679,7.902893194338198,1.4497765831136756e-8,1.0747243524839118,1.0746510909883569
4.213666524781789,9.028723564605684,1.0441221232803111e-7,7.8405610544871855,7.840028632115384,1.4198179721220816e-8,1.066175042983239,1.0661026431331269
4.231658108736399,8.99939728275967,1.0213390388849129e-7,7.817276623389385,7.816748718819818,1.3888370820866006e-8,1.0630087798607384,1.0629369943503346
4.249726513457744,8.969945783063878,1.007803264974566e-7,7.827879536207773,7.827353786636756,1.3704308682577873e-8,1.0644505849753638,1.0643790925059369
4.26787206695642,8.940368530861036,9.920931008633729e-8,7.792990428352171,7.792473806944608,1.3490678755074928e-8,1.05970629489088,1.0596360436872243
4.286095098643569,8.910664989210982,9.702376923118088e-8,7.706457984030848,7.705951472628199,1.3193484574837732e-8,1.047939441485545,1.0478705650604092
4.304395939336863,8.881098375241125,9.493806978807276e-8,7.689845740677586,7.689342410094166,1.2909867027834093e-8,1.045680475686015,1.0456120317949869
4.322774921266495,8.852243373611604,9.363380469246953e-8,7.692164680072176,7.691664632029478,1.2732510473283641e-8,1.0459958096642241,1.0459278121395938
4.341232378081229,8.82326516641247,9.231545080776652e-8,7.683237183471367,7.682742098834928,1.255323809724801e-8,1.0447818309698482,1.0447145083790454
4.3597686448544435,8.794163227578524,9.026637946012576e-8,7.595737319117568,7.595252152283532,1.2274601311313372e-8,1.0328834258697375,1.0328174519213762
4.378384058090222,8.764937028798352,8.841647974980992e-8,7.596642230044452,7.596157542551937,1.2023048279654762e-8,1.0330064774523555,1.0329405686858049
4.397078955729454,8.735586039504756,8.706422344102309e-8,7.571107690624517,7.570630569958082,1.18391657847509e-8,1.0295342401373961,1.029469360322864
4.41585367715598,8.70706094749447,8.590351290556482e-8,7.576306414943243,7.575831692663074,1.1681330064011874e-8,1.0302411729812906,1.0301766193040798
4.434708563202745,8.678590069563855,8.393784829017175e-8,7.476561236776261,7.476098190313948,1.1414035090955331e-8,1.0166776258217807,1.0166146598454393
4.453643956157987,8.64999762620144,8.213421409580473e-8,7.462665112515382,7.4622044561652565,1.1168773335917436e-8,1.0147880032835233,1.0147253623193777
4.472660199771454,8.621283098345105,8.107875086896959e-8,7.479654654573428,7.479194962692569,1.102524935295015e-8,1.0170982749092554,1.0170357650955535
4.49175763926064,8.592445964716434,7.983839142834253e-8,7.450717424570332,7.4502651817701455,1.0856582816112408e-8,1.0131633329799772,1.0131018361070396
4.510936621317059,8.564141899090265,7.81394265926095e-8,7.37131618920289,7.37087291716868,1.0625554208060437e-8,1.0023661955120717,1.002305918501684
4.530197494112529,8.536213633536832,7.653100295008988e-8,7.381054163382714,7.380609336719135,1.040683757103901e-8,1.0036903845551253,1.0036298961431525
4.5495406073055005,8.508166119407024,7.530848974227432e-8,7.345687842275457,7.345251366986419,1.0240597800334796e-8,0.9988812020661872,0.9988218492906884
4.568966312047403,8.479998847531265,7.422998721317462e-8,7.3339718228429,7.3335400455946225,1.0093940887349937e-8,0.9972880345064562,0.997229320579858
4.588474960989014,8.451711306565928,7.274902895375082e-8,7.273692865246209,7.2732674138179405,9.89255724593388e-9,0.989091182296517,0.9890333285674703
4.608066908286869,8.423786997481251,7.103725096488679e-8,7.238391402148968,7.237970428141953,9.659786279905832e-9,0.984290819328419,0.9842335744479946
4.627742509609685,8.396437911642536,7.007132145778062e-8,7.243880285351201,7.243461546870355,9.528437269726476e-9,0.9850372085527872,0.9849802676636453
4.6475021221448225,8.368972050218696,6.907740338687695e-8,7.234425983743597,7.234011524999291,9.393282319130041e-9,0.983751593868734,0.9836952349466551
4.66734610460476,8.341388914599383,6.764400504938283e-8,7.155514546541445,7.155109302336115,9.198365970227272e-9,0.9730210601267995,0.9729659542160064
4.687274817233619,8.31368800404527,6.604272187415367e-8,7.124934590797151,7.124532472363958,8.980620308110245e-9,0.9688627370930877,0.9688080562309894
4.707288621813696,8.286160360551511,6.513437103232754e-8,7.127603117648883,7.127203633062764,8.85710095903591e-9,0.9692256086670827,0.9691712859607335
4.727387881672027,8.259026359742762,6.422116765913869e-8,7.120822376031027,7.120426676561886,8.73292175312247e-9,0.968303549973115,0.9682497419744794
4.747572961686994,8.231776501722557,6.29906622630891e-8,7.060276433883615,7.059887930103093,8.565595188810665e-9,0.9600703926744374,0.9600175631598122
4.76784422829494,8.204410291801832,6.149267902023151e-8,7.036542297162789,7.036155327381559,8.361896456380309e-9,0.9568429776893818,0.9567903567710228
4.7882020494968245,8.176927233179287,6.053986190414659e-8,7.012384064480434,7.012003009356672,8.232330495138846e-9,0.9535578932943346,0.9535060766628293
4.808646794864903,8.149759166675626,5.974623857271516e-8,7.020215612343247,7.019836313122285,8.12441202047597e-9,0.9546228427056376,0.9545712648452774
4.8291788355494365,8.123067513785733,5.858040270836259e-8,6.947602177676697,6.947232139878238,7.965879347348435e-9,0.9447487238398119,0.9446984053660527
4.849798544285433,8.096261892428936,5.7130631352668814e-8,6.915990272817525,6.915621956899354,7.768736562956996e-9,0.940450074318714,0.9403999899896515
4.870506295399405,8.069341815980774,5.636008904787272e-8,6.9239927400203225,6.923626149216285,7.663956692074388e-9,0.9415382656808654,0.9414884159362444
4.891302464816175,8.042306795738973,5.5529811608688633e-8,6.907055576715832,6.906693700537918,7.551053919140365e-9,0.9392351166219287,0.9391859079815188
4.912187430065695,8.015765712417881,5.4574944000279514e-8,6.863654695542166,6.863299004632325,7.421209127885757e-9,0.933333378719593,0.9332850111642035
4.9331615702899,7.989548037137626,5.3170333019068415e-8,6.824615709603656,6.824261800173922,7.230207340786554e-9,0.9280247799826197,0.9279766546764283
4.95422526624959,7.963218417188013,5.236473563634119e-8,6.806953209625298,6.806604118874384,7.120660610879408e-9,0.9256229982041536,0.9255755281514657
4.975378900331346,7.9367763745858175,5.161211547182879e-8,6.795620831793581,6.795275705488063,7.0183178281789506e-9,0.9240819989902112,0.924035068030671
4.996622856554471,7.910221429306912,5.078933570403947e-8,6.766626756570633,6.766286415022769,6.9064346034719015e-9,0.920139327135192,0.9200930468164876
5.017957520577956,7.884091824894894,4.9409822885446566e-8,6.710134121837806,6.70979719420459,6.718845714304656e-9,0.9124573466179894,0.9124115305301699
5.039383279707487,7.857952398756866,4.8725251366358695e-8,6.714694316298782,6.71435918481571,6.6257563213751926e-9,0.9130774509053812,0.9130318790616206
5.060900522902477,7.831701362058978,4.803358673971218e-8,6.706503666301581,6.706171980833499,6.531702393611593e-9,0.9119636700736089,0.9119185668258015
5.082509640783122,7.805338238244592,4.730994986412544e-8,6.685933501138702,6.685606166713367,6.433300816024055e-9,0.9091664982163535,0.9091219866319685
5.1042110256374915,7.779073100004135,4.59163221465979e-8,6.599642009057375,6.599320706383997,6.2437925549045e-9,0.8974324099745121,0.8973887185997217
5.126005071428659,7.753574066428469,4.525584346828938e-8,6.5966567315533275,6.596338174344678,6.153979354249416e-9,0.8970264660185789,0.8969831479775274
5.1478921738018455,7.727966156651841,4.463765262906831e-8,6.597168662707793,6.596852351873585,6.0699165378262e-9,0.8970960794323161,0.8970530668577166
5.169872730091604,7.702248905792824,4.398066931084793e-8,6.580839341305017,6.580526932091148,5.980578643168521e-9,0.8948755859207544,0.8948331038962271
5.1919471393290335,7.676421846985031,4.275981969655194e-8,6.519607543230644,6.519297960530912,5.8145650912106325e-9,0.8865491645728173,0.8865070669032882
5.214115802249024,7.651049143458603,4.2073430548288775e-8,6.494967302741218,6.4946628377187166,5.721228533460867e-9,0.8831985358001613,0.8831571340425324
5.236379121297531,7.62589159293379,4.151813446507945e-8,6.503351905247224,6.503048619524792,5.645718270704186e-9,0.8843386906787618,0.8842974492846953
5.258737500638874,7.600626624278072,4.0905382350241345e-8,6.48552388546657,6.485224716799978,5.562395022809611e-9,0.8819144011892913,0.8818737196406436
5.281191346163088,7.575253778835711,3.973993503504652e-8,6.3957501307317255,6.395456845727544,5.403915185367184e-9,0.8697067879651825,0.869666906488619
5.303741065493281,7.549922238612324,3.9151753524305655e-8,6.409220247704301,6.408927608001153,5.323933096950542e-9,0.8715384811874433,0.871498687460194
5.326387067993034,7.525238095887594,3.85822153425107e-8,6.397888442405273,6.39759916718093,5.246486165380726e-9,0.8699975598276313,0.8699582236088832
5.34912976477384,7.500448556396514,3.802993060743967e-8,6.386823071541206,6.386537032512184,5.171385391716531e-9,0.8684928687507255,0.8684539725962357
5.3719695687025615,7.475553170114209,3.7065723547727724e-8,6.3199989060281805,6.319716361893958,5.040270603350106e-9,0.8594059861867036,0.8593675652749403
5.394906894408927,7.4505514850942705,3.641122312519583e-8,6.315367792714277,6.315087639346933,4.951270337772666e-9,0.8587762382130318,0.8587381424024905
5.417942158293054,7.425981312209363,3.5890522228835824e-8,6.308516481093356,6.3082390604804,4.880464397139077e-9,0.8578445832700804,0.8578068590649007
5.441075778533018,7.401459674755001,3.539364738363401e-8,6.305374084570933,6.305098875403525,4.81289837019804e-9,0.8574172739584021,0.857379850469974
5.4643081750924365,7.376833334402018,3.450236931989282e-8,6.212470186518328,6.2122018435107105,4.691700611349463e-9,0.8447840176376876,0.8447475278232862
5.487639769728092,7.3521018440882235,3.3848851513923235e-8,6.218624530842026,6.218356613868675,4.602833963921066e-9,0.8456208975852134,0.8455844657037968
5.511070985997593,7.327596884422479,3.332965409005612e-8,6.197934249828416,6.197670343876361,4.532232468459015e-9,0.8428073921363406,0.8427715056815549
5.534602249267063,7.303359683254926,3.286664182142188e-8,6.193644844444346,6.1933832927067485,4.469271141841915e-9,0.8422241102847037,0.8421885439606692
5.558233986718859,7.279018993679575,3.213363993791561e-8,6.119145825757807,6.118889975741075,4.369596091903132e-9,0.8320935859640145,0.8320587949712922
5.5819666273593285,7.254574373819891,3.143683607641004e-8,6.11008194095408,6.1098270394479925,4.274843320790354e-9,0.8308610609312967,0.830826398918933
5.605800602026597,7.2301993979734025,3.1016107073985756e-8,6.117459994202975,6.117206261398678,4.217631756576172e-9,0.8318643432455478,0.8318298401555717
5.629736343398393,7.206263656601607,3.055384055410997e-8,6.099382000697923,6.099131902821554,4.154771838354348e-9,0.8294060618332414,0.8293720530279742
5.653774285999893,7.182225714000107,2.996087417163738e-8,6.045247891704205,6.045002465236662,4.074139093589417e-9,0.8220447983238903,0.8220114247460603
5.6779148662116254,7.158085133788375,2.9225940698208852e-8,6.016191322877387,6.015947702469623,3.974201382221932e-9,0.8180936284646685,0.8180605004784294
5.702158522277376,7.133906233390945,2.8807330878248673e-8,6.012787670027693,6.012546034399902,3.917277988642358e-9,0.8176307929994377,0.8175979349075161
5.726505694312156,7.110289476517209,2.8402270732368104e-8,6.007033998365809,6.00679468386172,3.862197106618252e-9,0.8168483973151507,0.8168158548542337
5.750956824310181,7.086571880419124,2.7903728158937258e-8,5.962833184850113,5.96259867989749,3.794404298684895e-9,0.8108378830263777,0.8108059945778082
5.775512356152909,7.062753014531678,2.7196143828883966e-8,5.937755592496954,5.9375212437168265,3.698185578077257e-9,0.8074277822798573,0.8073959150679335
5.800172735617085,7.038837628519939,2.678028040919142e-8,5.921255852937707,5.921024801659266,3.641635645453225e-9,0.8051841149693751,0.8051526961582709
5.824938410382841,7.015557894240129,2.6378493475790415e-8,5.9041095148792735,5.903881688103562,3.586999861354106e-9,0.8028525219125247,0.8028215415756969
5.849809830041819,6.99217875976069,2.6012041354447708e-8,5.901548998145713,5.901322762096392,3.5371689750809535e-9,0.8025043377686233,0.802473573741925
5.874787446105339,6.968699800660982,2.5262023363181935e-8,5.834620534397977,5.83439755164561,3.4351800410596637e-9,0.7934032725237826,0.7933729508868568
5.899871712012587,6.945120590708169,2.4883898007378633e-8,5.826118876725412,5.825898257645001,3.3837618052121267e-9,0.7922472002514689,0.7922172000313435
5.925063083138853,6.922192594343644,2.4553689665402395e-8,5.832270995203656,5.832051451099761,3.3388594199423303e-9,0.7930837775241151,0.7930539234814287
5.950362016803798,6.899170564708545,2.4180450072961456e-8,5.810546313333469,5.810330261519494,3.288105559887122e-9,0.7901296121951572,0.7901002330409805
5.975768972279753,6.876050235225425,2.3493632090587004e-8,5.725803279853771,5.725591838826631,3.1947106884243628e-9,0.7786060864251438,0.7785773342549058
6.001284410800055,6.852856874387951,2.314671969336011e-8,5.745952166637591,5.745740407221413,3.1475368525911316e-9,0.7813459720128606,0.7813171765474498
6.026908795567427,6.830051171944991,2.2807048315638022e-8,5.733859195287467,5.73365009957907,3.1013476649518416e-9,0.7797015457837408,0.7796731125345973
6.052642591762381,6.807148093331482,2.2492115122779173e-8,5.731874630141033,5.73166709659809,3.0585224247554187e-9,0.7794316806789865,0.7794034598561997
6.078486266551662,6.784147222769021,2.192423426499007e-8,5.654072632031278,5.653869459941467,2.9813008593910178e-9,0.7688520106652728,0.7688243829215333
6.104440289096735,6.761181351376808,2.1498614937660144e-8,5.6479685323739,5.6477668611026814,2.9234242990968056e-9,0.7680219630871273,0.7679945394276767
6.130505130562299,6.738765587716423,2.119196989803782e-8,5.64247382031279,5.642274136238075,2.8817260984160237e-9,0.7672747812429681,0.7672476278064393
6.156681264124837,6.71625411285264,2.0904915496784748e-8,5.644082575070368,5.64388410567318,2.8426918715963284e-9,0.7674935429056718,0.7674665546434024
6.182969164981209,6.693646518116161,2.0451390258230412e-8,5.579619906001342,5.57942563820029,2.7810206101458584e-9,0.7587277813118444,0.7587013643909508
6.209369310357281,6.671129779299885,1.997575738167355e-8,5.556730325777024,5.556537824181259,2.7163431082320083e-9,0.7556152107942583,0.7555890340454628
6.235882179516585,6.648858969206069,1.9687049649858813e-8,5.550634828378182,5.550444213426582,2.677084058243359e-9,0.75478633296829,0.75476041276911
6.262508253769017,6.626493066834026,1.9407804754136992e-8,5.543526880054653,5.543338261631761,2.6391117834750024e-9,0.7538197800575103,0.7537941313502639
6.289248016479584,6.60403166615715,1.904038912275666e-8,5.493479316898891,5.493294653530564,2.589149877195929e-9,0.7470142131563683,0.7469891022652859
6.316101953077169,6.581957418007494,1.857015513702546e-8,5.473215506917946,5.473031230603407,2.5252065271645922e-9,0.7442587000843702,0.7442336418256297
6.3430705510633505,6.560112853638687,1.8308974845450386e-8,5.473306598438881,5.473123661407853,2.489690713097043e-9,0.7442710868900558,0.7442462107497435
6.370154300021245,6.538175016982793,1.802689393258284e-8,5.45192568697311,5.451745770243205,2.451332791092318e-9,0.741363668142517,0.7413392027087417
6.397353691624401,6.516143509784236,1.775725871171047e-8,5.438732241041498,5.438554247568211,2.414667258969605e-9,0.7395695971971498,0.7395453932916238
6.424669219645728,6.494264624283418,1.7247782162548703e-8,5.379157115860387,5.3789816079541675,2.3453876273301537e-9,0.7314684535150466,0.7314445876018604
6.452101379966445,6.472318896026844,1.7014774594738186e-8,5.387850036561444,5.387675224867731,2.313702796117262e-9,0.7326505341133215,0.732626762872493
6.4796506705851025,6.450279463531918,1.677294410498226e-8,5.382671066207218,5.382497863745057,2.2808182064790467e-9,0.7319462874526994,0.7319227350383689
6.5073175916266095,6.428365454447511,1.6525772245168914e-8,5.368470264421592,5.368299370330066,2.2472072867464694e-9,0.7300152342603362,0.729991995742823
6.5351026453513175,6.406970963079486,1.60804799805215e-8,5.303513902736392,5.303345611372407,2.1866555614169596e-9,0.7211823393653826,0.7211594547719226
6.563006336164136,6.385485121153615,1.5803697852149235e-8,5.298316008697499,5.298149249556089,2.1490181786373935e-9,0.7204755194245867,0.7204528431857914
6.591029170623692,6.363907538619757,1.556605416617122e-8,5.28376318866953,5.283598712175971,2.1167029188809124e-9,0.7184965980934446,0.7184742322536313
6.6191716574515285,6.342621256911354,1.5341683557835253e-8,5.273561335244501,5.273398846213922,2.0861925585477228e-9,0.7171093298305804,0.7170872342499252
6.64743430754133,6.321424269344003,1.4997928908970713e-8,5.224719657900874,5.2245591172118155,2.0394481195998124e-9,0.7104677416738994,0.7104459110325885
6.675817633968206,6.300136774523845,1.4677568166632238e-8,5.208885344292421,5.208726407565591,1.9958848304602695e-9,0.7083145603039973,0.7082929477726513
6.704322151998006,6.278844829041456,1.4464566976661392e-8,5.201262989313848,5.201105807297038,1.96692050618622e-9,0.7072780573560019,0.7072566834336048
6.732948379096667,6.257947683259433,1.4271166021125984e-8,5.205128017778657,5.204971640441649,1.94062146066537e-9,0.707803631592458,0.7077823670920163
6.76169683493961,6.2369613104940855,1.3972664866993859e-8,5.142110211113504,5.141957918527014,1.9000306816859465e-9,0.6992343452540172,0.6992136362060525
6.790568041421175,6.215885329762543,1.3643826692884186e-8,5.1306971048836525,5.130544954257724,1.855314614560207e-9,0.6976823684323813,0.6976616786884954
6.819562522664101,6.194914983681848,1.3461476347351516e-8,5.138236555452162,5.138085025488909,1.8305182529050627e-9,0.6987075978742654,0.6986869925293211
6.848680805029025,6.173949820379103,1.3255329532093383e-8,5.119587682524623,5.119438515668547,1.8024860000992623e-9,0.6961716871458197,0.6961514031408762
6.877923417124054,6.15289513967068,1.3023902042558343e-8,5.0804394062298925,5.080293504672676,1.7710160310641621e-9,0.6908482268894435,0.6908283869063154
6.907290889814355,6.131969286028094,1.2667849676464488e-8,5.039764364682687,5.039619627119061,1.7225993241363912e-9,0.6853171540658834,0.6852974723649125
6.936783756231793,6.111619208200063,1.2493336471741847e-8,5.044841175685923,5.044697171205327,1.6988686724326052e-9,0.6860075088953372,0.6859879268804506
6.9664025517846,6.091182239268626,1.2307707497395024e-8,5.032246718842341,5.032104598347184,1.6736264763285532e-9,0.684294889674182,0.6842755638473719
6.996147814167112,6.070658008224692,1.2139469643613888e-8,5.032043183060582,5.03190202763531,1.6507491592921843e-9,0.6842672124748901,0.6842480178801971
7.02602008336952,6.050306343308726,1.1804219821274414e-8,4.960766704352535,4.960628440781408,1.605161223523436e-9,0.6745748955319905,0.6745560941773596
7.056019901687669,6.029906466852385,1.1609320281855473e-8,4.96662194868882,4.966484243626811,1.578658397593845e-9,0.6753711032699996,0.6753523778625463
7.086147813732913,6.009419486661619,1.1440568820500005e-8,4.959362093586341,4.959225810980499,1.5557112391808405e-9,0.6743838937741296,0.6743653617950873
7.116404366441993,5.989009074483865,1.127508388185268e-8,4.949209173213083,4.949074574044031,1.5332082690044377e-9,0.6730032795246979,0.6729849764627294
7.146790109086978,5.9686506269117245,1.1030325936193203e-8,4.905424140095147,4.905291150604215,1.499925598106207e-9,0.667049303879062,0.6670312197043169
7.1773055932852134,5.948205252498907,1.0781750672106982e-8,4.883604282918946,4.883472953327673,1.4661238406771233e-9,0.6640821964232237,0.6640643379649264
7.2079513730093625,5.927911121274008,1.062567505865819e-8,4.877507288689044,4.877377309712815,1.444900369203463e-9,0.6632531150551992,0.6632354402562142
7.238728004597447,5.908214077057634,1.0473676383012226e-8,4.870644689066001,4.870516074387984,1.4242312878183388e-9,0.6623199251473307,0.6623024358683225
7.269636046762945,5.888432930071715,1.028341496480676e-8,4.836151895476743,4.836025351740961,1.3983591628105028e-9,0.6576295266628251,0.6576123189946497
7.3006760606049435,5.868574081818886,1.002369337773863e-8,4.812843915448179,4.812717987013512,1.3630417062749702e-9,0.6544600613100129,0.6544429373117032
7.33184860961832,5.848935375940458,9.873023271063208e-9,4.802463098751253,4.802338724388097,1.3425532863335143e-9,0.6530484572664844,0.6530315445939011
7.363154259703973,5.829212816386497,9.730877522987194e-9,4.795341203682918,4.795218159758607,1.323224025581429e-9,0.6520800078496842,0.652063276092814
7.394593579179087,5.809406045117175,9.581009084791609e-9,4.77753524745885,4.7774140119332325,1.3028446181098728e-9,0.6496587186063987,0.6496422327591694
7.426167138787465,5.7897763739517725,9.319837583338559e-9,4.732010982952291,4.731890873942712,1.2673299993405511e-9,0.6434682388269851,0.643451906165641
7.457875511709878,5.770117182739876,9.175317618480005e-9,4.730301985318629,4.730182891147667,1.2476778878814073e-9,0.6432358459391719,0.6432196512775957
7.489719273574471,5.750374050383828,9.042489725495624e-9,4.722768658064767,4.722650895241706,1.2296156875455082e-9,0.6422114491577584,0.6421954355355104
7.52169900246722,5.730980598519667,8.916070018408456e-9,4.7196879388431014,4.719571133184189,1.2124248850377653e-9,0.6417925268477664,0.6417766433825978
7.553815278942422,5.711710832634546,8.687950489141311e-9,4.650192066700749,4.650078046087342,1.1814047390008282e-9,0.6323423403172852,0.6323268355681282
7.586068686033235,5.6923587883800595,8.519950213529545e-9,4.650457146645519,4.650343597355879,1.1585597283151371e-9,0.6323783864139287,0.6323629457563124
7.618459809262255,5.673108712535269,8.399626368615754e-9,4.648067271385351,4.647954703252823,1.1421978532361274e-9,0.6320534064360257,0.6320380991980994
7.65098923665216,5.653916350375225,8.279570150080028e-9,4.641711057458743,4.641599630174651,1.125872370522811e-9,0.6311890758595126,0.6311739237564193
7.683657558736377,5.634642040345537,8.110782432924401e-9,4.592040367744164,4.591931427640307,1.1029202819741918e-9,0.624434756956385,0.624419943064993
7.716465368569795,5.615614739915217,7.921184289370844e-9,4.584366855709742,4.58425789499411,1.0771383503690464e-9,0.6233912975704715,0.6233764808762496
7.749413261739545,5.596834440808459,7.804909202007796e-9,4.578044181592758,4.577936356694501,1.0613270333720019e-9,0.6225315278037931,0.6225168655602705
7.782501836375806,5.57797395326579,7.688899734361762e-9,4.566020197293743,4.565913832448695,1.0455518358709014e-9,0.6208964825707105,0.6208820188681192
7.815731693162663,5.559032934897282,7.574938865120542e-9,4.557507241763561,4.557401810408246,1.0300552108440318e-9,0.6197388739933101,0.6197245372285042
7.849103435349006,5.540011041851066,7.3598930651503564e-9,4.503830346696661,4.5037266196575025,1.0008128564470385e-9,0.6124397833405555,0.6124256783320409
7.882617668759495,5.520907928807088,7.243697961036564e-9,4.496331793975547,4.496229240192146,9.85012415730865e-10,0.6114201152690761,0.6114061698022063
7.916275001805548,5.502048749006949,7.146461768192171e-9,4.5003767072876455,4.500274678490728,9.717900453717864e-10,0.6119701506038462,0.6119562765256796
7.950076045496385,5.483458174976989,7.043475586685415e-9,4.492037705198475,4.491936859387932,9.577857801500002e-10,0.6108361965603697,0.6108224833470369
7.984021413450127,5.46478822260243,6.866706280628035e-9,4.43336429584667,4.433265376851394,9.337483393120153e-10,0.6028576699851788,0.6028442187840074
8.01811172190493,5.446400787390387,6.731833913589624e-9,4.429488238401315,4.429389972734828,9.154081273392849e-10,0.6023305960060734,0.6023172336458467
8.052347589730179,5.428255777443006,6.634210264519981e-9,4.423694998088724,4.423597738822179,9.021330699142248e-10,0.6015428196981836,0.601529594190217
8.086729638437708,5.410033291628015,6.536917589957003e-9,4.413761996901346,4.413665945424198,8.889030190590285e-10,0.6001921104958308,0.6001790492254618
8.121258492193101,5.391732999137656,6.4102230596948595e-9,4.377726354342088,4.377631808136606,8.716748455508743e-10,0.5952919123483325,0.5952790557677902
8.155934777827014,5.373354567751682,6.24884450221152e-9,4.351727465626134,4.351633888238688,8.497302692296552e-10,0.5917565318951206,0.5917438070563762
8.190759124846549,5.354897663831329,6.159739825933156e-9,4.349478164628609,4.349385431551316,8.376136386210939e-10,0.5914506674842636,0.5914380574564886
8.225732165446694,5.336876595622186,6.075296558120433e-9,4.3498377175040694,4.349745630527647,8.261308755810242e-10,0.5914995601973979,0.5914870380277008
8.260854534521792,5.318964187393886,5.97758529756582e-9,4.328603383207024,4.328512800363031,8.128439045724713e-10,0.58861207330398,0.588599755669194
8.29612686967707,5.300975296464696,5.813198813020048e-9,4.2819690406229505,4.281879618961168,7.90490304363447e-10,0.5822706429058819,0.5822584831709557
8.331549811240206,5.282909596267495,5.7208865287980786e-9,4.279914839634433,4.279826190570118,7.779374968648161e-10,0.5819913085812068,0.5819792539056167
8.367124002272968,5.2647667588407865,5.641163880532689e-9,4.278914601818641,4.278826657069032,7.670966530335645e-10,0.581855294259166,0.5818433353576866
8.402850088582879,5.246603456594389,5.55918931805278e-9,4.270365740007458,4.2702788201273005,7.559495894410261e-10,0.5806928030744594,0.5806809835367607
8.438728718734934,5.229022927819882,5.4274895640180455e-9,4.218221739411149,4.218136449918261,7.380407956770256e-10,0.5736021584521246,0.5735905606177204
8.47476054406339,5.211367333408939,5.314488734823457e-9,4.21341256877053,4.213327725126773,7.226747187998189e-10,0.5729481978900113,0.5729366606830563
8.510946218683578,5.193636352845046,5.239550263513433e-9,4.21153631018165,4.211452208186616,7.124844368397879e-10,0.572693060525766,0.5726816241696753
8.547286399503786,5.175829664243145,5.164833098747399e-9,4.206580842547066,4.206497546390589,7.023242485825431e-10,0.5720192062082511,0.5720078794316857
8.583781746237172,5.157946944343786,5.062298241814253e-9,4.160219307931619,4.160138146495881,6.883813553714236e-10,0.565714872778808,0.5657038362858026
8.620432921413753,5.140396526935536,4.93416256214247e-9,4.1414368696572,4.141355994363022,6.709572115082029e-10,0.5631607995695831,0.5631498019866744
8.657240590392432,5.123096922515557,4.8627805949410095e-9,4.138273721800003,4.138193600638216,6.612505500307453e-10,0.5627306684502444,0.562719773415754
8.694205421373063,5.10572345195466,4.792983455976663e-9,4.132798077575707,4.13271877979326,6.517593966402834e-10,0.561986079488354,0.5619752964186193
8.731328085408599,5.088589080712044,4.718774734825701e-9,4.116205262506126,4.116127218353307,6.416683475542518e-10,0.5597297555853727,0.5597191429866812
8.768609256417266,5.071439742048058,4.59887157561017e-9,4.0763149722346,4.076237689505415,6.2536367815087e-10,0.5543053947967378,0.5542948857379424
8.806049611194789,5.054217178850398,4.518900408541141e-9,4.0776079332842965,4.077531108965803,6.144890402397928e-10,0.5544812142047055,0.5544707674815053
8.843649829426695,5.03692107846372,4.450392534226087e-9,4.065713502940769,4.065637755929778,6.051732036134405e-10,0.5528637859754446,0.5528534857466552
8.881410593700641,5.0195511268977056,4.391391850168006e-9,4.069962025765347,4.0698866108258995,5.971501735745806e-10,0.5534415085355562,0.5534312534625139
8.919332589518811,5.002300334716535,4.296947675871323e-9,4.023535921864168,4.023462110746818,5.84307467435247e-10,0.547128394846574,0.5471183578644415
8.95741650531035,4.985162572610342,4.1949494256021665e-9,4.007959022548906,4.007885762568719,5.704375430625905e-10,0.5450102171828098,0.5450002551454017
8.995663032443877,4.967951635400254,4.1339361027360615e-9,4.0032030531435705,4.003130549143436,5.621408304067926e-10,0.5443634910301886,0.5443536317924474
9.034072865240027,4.951348667946788,4.077176438380562e-9,4.00386083836276,4.003788795639088,5.544225386718785e-10,0.5444529379689304,0.5444431414564777
9.072646700984052,4.934761918576857,4.005092800140077e-9,3.9705598968056917,3.9704895832615748,5.446204625748556e-10,0.5399246098876549,0.5399150485124675
9.11138523993849,4.918104346826449,3.898512667017476e-9,3.9370079778924647,3.9369382307073626,5.301274846841833e-10,0.535362153407706,0.5353526690471409
9.15028918535587,4.901375650296975,3.842874026426828e-9,3.948541559492358,3.9484718406321346,5.225616319842271e-10,0.5369305127091082,0.5369210322002163
9.18935924349148,4.884575525298663,3.785347143428555e-9,3.938119947759656,3.93805117182628,5.147390123365842e-10,0.5355133612757029,0.5355040089878739
9.228596123616185,4.867989628081202,3.730330638240472e-9,3.930441036863315,3.9303730613247696,5.072577588425983e-10,0.5344691677418377,0.5344599242932851
9.268000538029314,4.851439774027688,3.645148683477073e-9,3.8889179821292466,3.8888510336946824,4.956745476858805e-10,0.5288227804031976,0.5288136766222816
9.307573202071582,4.834819255129936,3.5644078617698026e-9,3.8742842714403745,3.8742180835104625,4.846952506105794e-10,0.5268328593995492,0.5268238590335641
9.347314834138068,4.818127769662012,3.511112545941985e-9,3.865919481818653,3.8658540932453116,4.774480478595709e-10,0.5256953987162502,0.525686507048357
9.387226155691279,4.801365014609663,3.464257565686508e-9,3.869308826949494,3.8692437643845476,4.710766147133075e-10,0.5261562885894936,0.5261474412528685
9.427307891274229,4.785076843490309,3.3991535065322367e-9,3.8333143472386393,3.8332507749557845,4.622236356235696e-10,0.5212616878477626,0.5212530431626522
9.467560768523601,4.76897569259056,3.307670587951216e-9,3.8030121174707556,3.8029491830234683,4.4978360690974027e-10,0.5171411305431585,0.5171325725921936
9.507985518182945,4.752805792726822,3.2631249756129447e-9,3.8114274174932907,3.811364621193734,4.437262061932074e-10,0.5182854597309414,0.5182769205655788
9.548582874115962,4.736566850353615,3.215259189252924e-9,3.8040384773169773,3.8039764135947554,4.372173216280377e-10,0.517280696990707,0.5172722574426634
9.589353573319814,4.720258570672073,3.168347225163523e-9,3.7960746111077563,3.7960132705346408,4.308381397070169e-10,0.5161977546682224,0.5161894134554286
9.6302983559385,4.704183641183985,3.089228614873943e-9,3.7490701942809745,3.749009922895019,4.2007943415775123e-10,0.5098060008406037,0.5097978050180005
9.671417965276305,4.688146993542241,3.027234647996111e-9,3.7420372718118315,3.741977553596751,4.116493715842513e-10,0.5088496500943079,0.5088415294929775
9.712713147811282,4.672169003831713,2.98505906126122e-9,3.7420188489024238,3.7419595721945367,4.059142516499219e-10,0.5088471449105471,0.5088390843462405
9.754184653208819,4.656409831780649,2.9425007874361654e-9,3.737815381836155,3.7377566625181906,4.0012709316605913e-10,0.5082755491218129,0.5082675643524935
9.79583323433522,4.640583370952617,2.883697321838358e-9,3.6971866398332383,3.6971293465084116,3.92130881284586e-10,0.5027507722021148,0.5027429813421707
9.837659647271405,4.624689334036867,2.8109285634327534e-9,3.6807209388465543,3.680663884563506,3.822356411886581e-10,0.5005117335242412,0.500503975169672
9.879664651326618,4.608727432495885,2.7722932010999318e-9,3.684437809318095,3.684381028788474,3.7698192799012434e-10,0.5010171609429193,0.5010094398138842
9.921849009052206,4.592915866650684,2.7325341862880875e-9,3.6796691388538485,3.6796129550230434,3.7157541829886573e-10,0.5003687076751163,0.5003610676863697
9.964213486255483,4.577241010085471,2.6907011007967885e-9,3.666326475017886,3.6662711317664085,3.658868723629494e-10,0.49855434578316,0.49854682009805756
10.006758852013611,4.5617222668714135,2.6208204520567108e-9,3.618939435494926,3.6188850679325153,3.563843631475522e-10,0.4921105621624297,0.4921031691534617
10.049485878687575,4.547323258882288,2.572529475086885e-9,3.6200123916113114,3.6199582984615564,3.498176603199477e-10,0.49225646486321306,0.49224910916942227
10.092395341936198,4.532862769767501,2.5346240398790404e-9,3.6131656544396273,3.613112200463937,3.446632040595895e-10,0.49132543196294154,0.49131816318530774
10.135488020730229,4.518340537013913,2.502642590073581e-9,3.6228769515909285,3.622823507204116,3.403143030837483e-10,0.4926459934107459,0.4926387259370267
10.178764697366464,4.503756296987501,2.449511288924267e-9,3.5760569906629476,3.576005043018756,3.330894033740259e-10,0.48627932226209186,0.4862722583184029
10.22222615748198,4.489109784928573,2.389116679921834e-9,3.562718675185705,3.5626669126398616,3.248768246565534e-10,0.48446555166857874,0.4844585128949303
10.265873190068374,4.474400734946958,2.3556386997195373e-9,3.5640597877247635,3.5640083525251685,3.203244225091652e-10,0.4846479188115726,0.4846409245511163
10.309706587486092,4.4596288800171875,2.3233015297386626e-9,3.5642906009546658,3.5642395401605436,3.1592714999834356e-10,0.4846793052523645,0.48467236190430696
10.353727145478816,4.444793951973639,2.2879699823709617e-9,3.5524588335825804,3.5524084838255665,3.1112269611147987e-10,0.4830703980582446,0.4830635513984233
10.397935663187903,4.429895681505677,2.2277047417401077e-9,3.5057703880135733,3.5057209505963502,3.0292770916176106e-10,0.4767216106289485,0.4767148880309015
10.442332943166909,4.414933798152752,2.1882129255745985e-9,3.510217919488116,3.5101686370983307,2.97557533672387e-10,0.47732639477999167,0.4773196932628831
10.486919791396126,4.399908030299506,2.1549964599503572e-9,3.5000978561094946,3.500049272313449,2.93040692796005e-10,0.4759502484898585,0.47594364196891226
10.531697017297251,4.384818105170827,2.1268671496353445e-9,3.5059111122608058,3.5058626667829076,2.892156133883223e-10,0.4767407465911966,0.4767341588790263
10.57666543374806,4.369663748826904,2.08093255261832e-9,3.459485294339209,3.4594381793766615,2.8296933578029125e-10,0.4704276717902851,0.4704212650042312
10.621825857097166,4.3544446861582555,2.0293617064293856e-9,3.444225278209991,3.444178453605751,2.759566298310529e-10,0.46835258453065814,0.4683462172281027
10.66717910717884,4.339160640880731,2.0010135752466725e-9,3.4454784140726415,3.4454318913234054,2.7210179472777585e-10,0.46852298843070306,0.4685166621749899
10.7127260073279,4.323811335530498,1.9713270575665825e-9,3.437242147083805,3.437196234279984,2.680649631740596e-10,0.4674030045099327,0.46739676119580675
10.758467384394654,4.308396491459002,1.9428101892469518e-9,3.4317837164535563,3.431738261066081,2.641871828602351e-10,0.46666075628670184,0.4666545751729578
10.804404068759892,4.292915828827916,1.8912426673249834e-9,3.383190177147524,3.3831456614427804,2.57174928951412e-10,0.4600529104325246,0.46004685709870213
10.850536894349997,4.277369066604051,1.8572417328472282e-9,3.388019605153467,3.3879751803902414,2.5255141444443114e-10,0.4607096256313526,0.46070358466393807
10.89686669865206,4.261755922554256,1.8294227086941144e-9,3.379490529585497,3.379446697736796,2.4876852836445814e-10,0.4595498250192416,0.45954386467752023
10.943394322729084,4.246076113240299,1.8046530697754893e-9,3.3811096657651944,3.381066099999244,2.454003037367536e-10,0.45976999836831545,0.4597640742090542
10.990120611235264,4.230329354013716,1.7669290138618858e-9,3.3393466721302345,3.3393042652140585,2.4027051179257e-10,0.45409098366204276,0.4540852170854722
11.037046412431312,4.216404726044645,1.7219869667488672e-9,3.3221054251019915,3.322063296313492,2.3415920308908697e-10,0.4517464846952371,0.45174075593901963
11.084172578199846,4.202926642634845,1.6980444834543014e-9,3.32458538672017,3.3245434718202245,2.3090345672370415e-10,0.45208371479477766,0.45207801512355
11.131499964060879,4.189391010278589,1.6744188346423982e-9,3.3237068302491526,3.3236652476041586,2.2769079413967616e-10,0.45196424694333937,0.451958592452799
11.179029429187336,4.175797583252422,1.6487631428565457e-9,3.3113914696778632,3.3113505343936103,2.2420208228570856e-10,0.4502895797868437,0.45028401332570084
11.226761836420653,4.162146114783694,1.606021349279714e-9,3.2646268898275914,3.264586810881696,2.1838996842201012e-10,0.4439304394669782,0.4439249894524237
11.274698052286439,4.148436357046078,1.5775538682112239e-9,3.2765460771566453,3.2765058351802434,2.1451890388454928e-10,0.44555123420023346,0.44554576201646734
11.322838947010208,4.134668061155081,1.5544137408246128e-9,3.2709445448856536,3.270904763129322,2.1137226346690487e-10,0.4447895267320698,0.4447841171299416
11.371185394533185,4.1208409771635095,1.5306082021848783e-9,3.2591846071213517,3.2591454360927163,2.0813513910729896e-10,0.44319038707048153,0.44318506051631673
11.419738272528146,4.1069548540569505,1.5032866694175087e-9,3.238979136548655,3.238940507425787,2.044199028926728e-10,0.4404428071069262,0.44043755424218245
11.468498462415385,4.0930094397492,1.464170821258001e-9,3.217437574250141,3.2173992692313362,1.9910085227844137e-10,0.4375135427405197,0.43750833394808925
11.517466849378696,4.079004481077693,1.4408064022134036e-9,3.207537936202794,3.207500189629938,1.9592371223628898e-10,0.43616737032411984,0.4361622374702772
11.566644322381443,4.064939723798908,1.4237176020230641e-9,3.222438364344747,3.2224004800830537,1.9359994329286113e-10,0.4381935600960398,0.4381884085189959
11.616031774182701,4.050814912583747,1.4001497183986085e-9,3.2011190565233454,3.20108201410541,1.9039513573359247e-10,0.43529451833424554,0.4352894812327856
11.665630101353466,4.036629791012909,1.3664872149228412e-9,3.1618564595991865,3.1618200863289605,1.8581764174549837e-10,0.42995551253193864,0.4299505664225113
11.71544020429293,4.0223841015722215,1.338954629318519e-9,3.163698859073399,3.163662536886788,1.8207370614750593e-10,0.43020604566661613,0.43020110650364
11.765462987244806,4.008077585647985,1.3199689372098002e-9,3.1621436417979076,3.162107632983789,1.794919940787637e-10,0.42999456413691145,0.42998966758694857
11.815699358313786,3.993709983522257,1.2987470019239652e-9,3.145446427777424,3.145411123209189,1.7660619322748234e-10,0.4277240438575239,0.427719243072313
11.866150229481988,3.9792810343681513,1.2761963669444593e-9,3.125440402990683,3.125405675113789,1.735397131565422e-10,0.4250035849275191,0.42499886256194064
11.916816516625534,3.964790476245097,1.243909384528544e-9,3.10492234192627,3.1048878111054194,1.6914926525034465e-10,0.42221349828891525,0.42220880271940825
11.967699139531165,3.9502380460940865,1.222863665891106e-9,3.0974435887851812,3.097409512275574,1.6628742668841647e-10,0.4211965226035976,0.42119188881223457
12.018799021912944,3.9363566415875026,1.2067205352405497e-9,3.102628220396632,3.1025942424134136,1.6409225176462822e-10,0.4219015390932055,0.4218969186996563
12.070117091429031,3.923681078417029,1.1889074324107078e-9,3.0951278089932663,3.0950942698987074,1.6166999071171515e-10,0.420881618274427,0.4208770575618282
12.121654279698495,3.9109513929144715,1.161660685446763e-9,3.0538697463378393,3.0538370000987207,1.5796492401896721e-10,0.41527126508421996,0.41526681218567646
12.17341152231827,3.8981673539873873,1.135033568122682e-9,3.0467908210631283,3.0467582282730787,1.5434411579360753e-10,0.41430865878518214,0.4143042267529474
12.225389758880107,3.8853287295566132,1.1188823001425903e-9,3.0455285491443984,3.0454962284017064,1.5214783433960967e-10,0.41413701254611124,0.4141326175074158
12.277589932987647,3.8724352865520513,1.1025824085350442e-9,3.0404284956279555,3.040396523276184,1.4993134274997378e-10,0.4134434971536129,0.41343914948980576
12.330012992273542,3.859486790908435,1.0846222573402217e-9,3.0242875692105455,3.02425616713814,1.4748908576873816e-10,0.4112486219658197,0.4112443518497318
12.38265988841666,3.8464830075610847,1.0584991317387275e-9,3.0025224877987684,3.0024912163197013,1.4393681133742183e-10,0.40828896302706874,0.4082847106693221
12.435531577159374,3.8334237004416347,1.0384624086220428e-9,2.996010780758016,2.995979870737349,1.4121217798762489e-10,0.40740348818849265,0.4073992849825761
12.48862901832488,3.8203086324737545,1.023620788169447e-9,2.9933571161579775,2.993326505323397,1.3919398500194168e-10,0.40704263761296017,0.407038475090961
12.541953175834665,3.8071375655688375,1.0089111387438777e-9,2.9890994174024548,2.989069118654959,1.3719373769826188e-10,0.40646366729155936,0.40645954720778105
12.595505017725975,3.793910260621684,9.87854655142593e-10,2.953888859891549,2.9538593028297426,1.3433043529519886e-10,0.4016756658453913,0.40167164661750404
12.649285516169398,3.780626477506159,9.63269565944903e-10,2.940806737057456,2.940777320020853,1.3098730610457893e-10,0.39989673283562044,0.39989273264863806
12.703295647486513,3.7672859750708314,9.498636548627481e-10,2.944078927207193,2.944049657593582,1.2916434372664221e-10,0.4003416917421707,0.40033771160205917
12.757536392167612,3.7538885111346,9.357585277711876e-10,2.937014790090375,2.936985910745389,1.2724630056893706e-10,0.3993810963661736,0.39937716929556377
12.81200873488951,3.740433842482291,9.224000999349192e-10,2.933632546630195,2.9336039149917164,1.2542979505695319e-10,0.3989211721921921,0.3989172788052044
12.86671366453339,3.726921724860252,8.997339228144865e-10,2.8946464821999878,2.894618442530168,1.2234760333652617e-10,0.39361976982688107,0.3936159569369657
12.921652174202798,3.713351912971909,8.799391179828198e-10,2.88353253758754,2.883504833992735,1.1965586651494134e-10,0.39210847359533035,0.3921047064055621
12.97682526124164,3.699724160473315,8.677648726437493e-10,2.884665838469641,2.8846383127858903,1.1800038848760761e-10,0.3922625820970421,0.39225883909997195
13.0322339272523,3.6870697056407558,8.557797029532852e-10,2.8845931196083097,2.884565796811583,1.1637062134197983e-10,0.39225269364204934,0.39224897823395904
13.087879178113822,3.6751059767055283,8.412460739413796e-10,2.8681603698851914,2.868133453667446,1.1439430964326501e-10,0.3900181357423501,0.39001447562167607
13.143762024000164,3.6630911648399644,8.184768428185907e-10,2.8341782861995064,2.834151853343184,1.1129810443520257e-10,0.38539718460346317,0.3853935902112341
13.199883479398558,3.65102505192931,8.061202268523616e-10,2.844434892051291,2.844408414966096,1.0961782728827797e-10,0.3867918982099124,0.38678829780335344
13.256244563127881,3.6389074189275057,7.945010246876534e-10,2.84100218128449,2.8409759645722,1.0803782513265432e-10,0.3863251113914807,0.38632154639094585
13.312846298357202,3.6267380458532013,7.828107983920436e-10,2.8347314682672944,2.8347055812787207,1.0644816497484299e-10,0.38547240739821,0.38546888723416006
13.369689712624334,3.614516711785768,7.649348920176556e-10,2.7933924162954966,2.7933672453699456,1.0401736377137936e-10,0.3798510411201304,0.37984761832775055
13.42677583785448,3.6022431948612867,7.474449074863975e-10,2.7914909738194904,2.7914657908342155,1.0163904098557332e-10,0.3795924792009645,0.37958905476867943
13.484105710378978,3.5899172722685195,7.366966167935684e-10,2.7898217263905276,2.7897967749536114,1.001774670992422e-10,0.37936549162482597,0.379362098678946
13.541680370954113,3.5775387202448656,7.265310076164389e-10,2.7902084538899015,2.790183648983475,9.87951274010934e-11,0.3794180795972176,0.3794147065768441
13.599500864780012,3.5651073140722973,7.153674198544323e-10,2.7803827455107637,2.78035830664117,9.727708059560456e-11,0.37808196028373137,0.3780786370377725
13.657568241519598,3.5526228280732863,6.972907123073018e-10,2.743319436241519,2.743295466798161,9.481897405040683e-11,0.3730420179787578,0.3730387585663095
13.715883555317678,3.5400850356066993,6.830072676426307e-10,2.73828309817583,2.7382593374175763,9.287668291543902e-11,0.37235716673962477,0.3723539357045908
13.774447864820061,3.527493709063687,6.743694703838702e-10,2.7468796510493285,2.7468558979291977,9.170209811217816e-11,0.37352614304957443,0.3735229130531877
13.83326223319278,3.5148486198635522,6.632954994280842e-10,2.730078341356914,2.7300550856764536,9.019623757774318e-11,0.3712414676342567,0.3712383052807029
13.892327728141389,3.5021495384496015,6.519213028157465e-10,2.7146905532591115,2.7146676448505023,8.864955176306942e-11,0.3691490056889215,0.36914589055808283
13.951645421930353,3.4893962342849743,6.35490455896457e-10,2.6950016875890648,2.6949789423974515,8.641525261040879e-11,0.36647167468465114,0.36646858174838326
14.011216391402513,3.476880102024925,6.245748835415437e-10,2.6902076461631097,2.690185153444295,8.493093143188471e-11,0.3658197714231548,0.36581671281863887
14.071041717998614,3.465573115298262,6.162384388194832e-10,2.6936140383538714,2.6935916560383353,8.379732514426024e-11,0.36628297938941695,0.3662799357977578
14.131122487776974,3.454217849810152,6.067346172430043e-10,2.683508870872808,2.6834868225043054,8.250497663662272e-11,0.36490885867297795,0.3649058604920987
14.191459791433171,3.4428140994191305,5.940779909430679e-10,2.6564936697643557,2.6564720136705278,8.078390348948682e-11,0.3612352780449028,0.3612323332063119
14.25205472431986,3.4313616571035466,5.795789519065964e-10,2.645506850276655,2.645485353351974,7.881229540423649e-11,0.3597412685399523,0.3597383453454977
14.312908386466649,3.4198603149578033,5.712435203788295e-10,2.6441020869519707,2.6440807631128225,7.767882689278162e-11,0.35955024603688546,0.35954734637894487
14.374021882600065,3.408309864188588,5.631518279355899e-10,2.642156472515521,2.6421353526678324,7.657850250546743e-11,0.3592856775269287,0.35928280560815135
14.435396322163628,3.3967100951110742,5.54628761469173e-10,2.634166618389715,2.6341457686874215,7.541951902290396e-11,0.35819920131600297,0.35819636613213224
14.497032819337957,3.385060797145126,5.412800479061393e-10,2.604206307223335,2.6041857721050796,7.360433447706162e-11,0.3541251387809851,0.35412234637487583
14.558932493061036,3.3733617588114644,5.304978675998594e-10,2.6055432815728143,2.6055228139148507,7.213815221387753e-11,0.3543069432047524,0.35430415997202747
14.621096467048506,3.3616127677278325,5.217685411890964e-10,2.5909762949746886,2.590956224243092,7.095112109499052e-11,0.35232609547530275,0.35232336621741234
14.683525869814066,3.3498136106051417,5.147155390854752e-10,2.5926192893147606,2.5925993334618793,6.99920398801729e-11,0.352549513104344,0.35254679946788925
14.746221834689958,3.337964073243598,5.057470834393058e-10,2.5751725411938815,2.5751529506742497,6.877249149357171e-11,0.3501770696913755,0.35017440573366054
14.809185499847555,3.326063940528812,4.926810920281737e-10,2.5488624561131785,2.5488431189165848,6.699575206668977e-11,0.34659937213926506,0.3465967426289193
14.872418008318007,3.314112996427897,4.840473508804419e-10,2.547347904136524,2.5473287449908195,6.582171882145143e-11,0.34639342035755094,0.3463908150589182
14.93592050801299,3.302111023985545,4.775099318138496e-10,2.5501818366707756,2.550162748535954,6.493274761060492e-11,0.3467787841243171,0.3467761884818851
14.999694151745562,3.290057805320089,4.708311419347571e-10,2.5489250084292294,2.5489060709402933,6.402455251628289e-11,0.34660787812726657,0.3466053029699608
15.06374009725108,3.2792916636618186,4.6020455936355045e-10,2.509725533909129,2.5097072222934385,6.257952874172315e-11,0.341277455834659,0.3412749657848386
15.12805950720822,3.268486002789019,4.4983466692848933e-10,2.510324086609999,2.5103056513858997,6.116941020098998e-11,0.3413588482180795,0.3413563413597424
15.192653549260081,3.2576342037243062,4.4317242305298747e-10,2.51039030293074,2.510372009531962,6.026346506505319e-11,0.3413678524447058,0.3413653648720572
15.257523396035383,3.2467360694660554,4.363264043352238e-10,2.501325306453153,2.5013072877649734,5.933252986157072e-11,0.34013517624437156,0.34013272602741496
15.322670225169768,3.235791402171479,4.3009158376495187e-10,2.4982651606199306,2.4982473268713177,5.848470659442097e-11,0.33971905154454485,0.33971662647603745
15.388095219327136,3.224800003153041,4.1996833994704627e-10,2.4658948039872906,2.4658773484248098,5.710812782184597e-11,0.3353172662469945,0.3353148926049874
15.453799566221173,3.213761672874843,4.108463036349561e-10,2.463986710101902,2.4639692983948214,5.586769523168441e-11,0.33505779985598844,0.33505543217752565
15.519784458636877,3.2026762109490043,4.04942104912947e-10,2.4625922249773238,2.4625749520924334,5.5064830579209434e-11,0.33486817500295757,0.33486582620181155
15.586051094452221,3.191543416132027,3.990073863367711e-10,2.458180258538685,2.4581631955275904,5.425781577643247e-11,0.33426822705603565,0.3342659067939446
15.652600676659892,3.180363086321138,3.9254508084288645e-10,2.4460167109192827,2.445999909828365,5.337905865818133e-11,0.33261420372584,0.33261191908017407
15.719434413389141,3.1691350185506244,3.8274853069430575e-10,2.4165215247647485,2.4165050218188164,5.204690433871807e-11,0.32860338981245146,0.32860114570913207
15.786553517927713,3.157859008988144,3.7561572306647465e-10,2.4209237573641667,2.420907249134758,5.1076971010433904e-11,0.3292020141326104,0.32919976931083333
15.853959208743849,3.1465348529310333,3.697245430970686e-10,2.411249288352451,2.4112330650081244,5.0275876673759e-11,0.32788646064827104,0.3278842545657325
15.921652709508447,3.135162344802581,3.6470249889859714e-10,2.412793505464133,2.412777369836821,4.9592969143040306e-11,0.32809644635388335,0.32809425219927846
15.98963524911725,3.123741278148302,3.5802130484168993e-10,2.393407161224525,2.3933913295831952,4.868444712385066e-11,0.3254602528137383,0.3254580999957502
16.05790806171316,3.113371698804739,3.4899018059125095e-10,2.3724613917775823,2.372445738021501,4.745637693614538e-11,0.3226120055409707,0.32260987691217147
16.12647238670864,3.1031556143804124,3.4302083317729627e-10,2.3721099032880497,2.37209438504963,4.664465323532518e-11,0.32256420943902964,0.32256209923819085
16.195329468808225,3.0928959091475745,3.3811240279306413e-10,2.3701337513663603,2.3701183603713445,4.597719513640586e-11,0.3222954883812626,0.3222933954832342
16.26448055803111,3.0825923968533644,3.3358423722718953e-10,2.372371638792325,2.3723563186579897,4.536144620169555e-11,0.3225998007520213,0.32259771748976884
16.333926909733822,3.07224489044966,3.263724147127129e-10,2.3412815988161455,2.3412666939359954,4.438076827240896e-11,0.318372115452768,0.3183700886576032
16.403669784633056,3.0618532020896745,3.187649442006829e-10,2.3363371861846547,2.3363222748107035,4.334628934369564e-11,0.31769976441650005,0.31769773673829527
16.473710448828523,3.05141714312455,3.137108046239526e-10,2.332275175539413,2.3322604417358956,4.265901741978404e-11,0.3171474041524587,0.31714540062063373
16.544050173825955,3.0409365240999326,3.094876582660855e-10,2.33468105747233,2.3346663797017437,4.20847456019469e-11,0.31747456074946934,0.31747256483711345
16.614690236560175,3.030411154752534,3.0460043908581757e-10,2.3240021843960736,2.323987762448002,4.1420171844612455e-11,0.3160224264083211,0.31602046528321814
16.685631919418288,3.019840844006675,2.979194044694386e-10,2.3003789394557588,2.3003647469926443,4.051167150646207e-11,0.3128100907075196,0.3128081607882362
16.75687651026296,3.009225399970819,2.909345613078754e-10,2.291620342897878,2.2916062670675355,3.956185867977043e-11,0.3116190793759737,0.311617165316646
16.828425302455774,2.99856462993409,2.868696693761486e-10,2.292540464446368,2.2925264766157802,3.900910661267814e-11,0.3117441993290859,0.31174229723613944
16.900279594880754,2.9878583403627674,2.8265342033653304e-10,2.2882612999949448,2.288247468404368,3.843577270585684e-11,0.311162310059782,0.31116042921266207
16.972440691967908,2.9771063368967816,2.78167032330022e-10,2.27833941227181,2.2783257953177527,3.7825704766529464e-11,0.3098131120883391,0.30981126042791884
17.04490990371693,2.966937162998214,2.711386599868753e-10,2.2454644194805216,2.2454511211547876,3.686997275539131e-11,0.3053427053650516,0.30534089703234274
17.11768854572097,2.9571120463276688,2.659387988050331e-10,2.251100054674385,2.2510867235639145,3.616288531859561e-11,0.3061090502163064,0.30610723742546403
17.190777939190507,2.9472449782092816,2.620542626024713e-10,2.2480516507046078,2.248038463001847,3.563465838126871e-11,0.3056945221983596,0.305692728908382
17.264179410977377,2.937335779518054,2.582386075309943e-10,2.244290152952522,2.244277107611631,3.511579803676403e-11,0.3051830262735602,0.305181252342232
17.337894293598787,2.927384270364164,2.53657865817534e-10,2.2276917617374474,2.2276789658902167,3.449289969322667e-11,0.3029259441152551,0.30292420411056964
17.41192392526158,2.9173902700896868,2.474659445397743e-10,2.2064916342486134,2.2064789936174853,3.365090995695823e-11,0.300043108731463,0.3000413898333711
17.486269649886488,2.907353597265324,2.4286162884680057e-10,2.206350334731969,2.2063377699251774,3.302480597693052e-11,0.3000238945429394,0.30002218595559116
17.560932817132542,2.8972740696871067,2.394755433601369e-10,2.2066183237652943,2.2066058452033723,3.25643593565675e-11,0.30006033622321443,0.3000586393636146
17.635914782421565,2.887151504373089,2.361516711231641e-10,2.2064801306923627,2.206467740550616,3.2112372617289806e-11,0.3000415444550682,0.3000398596190191
17.711216906962786,2.8769857175600237,2.3111424895643204e-10,2.1747201791963704,2.17470819249007,3.142737395994672e-11,0.2957227632586631,0.29572113328256616
17.786840557777552,2.8667765247000307,2.2563176346882327e-10,2.162982210806652,2.1629702808723654,3.068185470950214e-11,0.29412661103620424,0.29412498878007837
17.862787107724117,2.856523740457244,2.2216900369181764e-10,2.1714083500837287,2.1713963866528574,3.0210981767064333e-11,0.295272414167318,0.2952707873562601
17.93905793552262,2.8462271787044466,2.186573492425932e-10,2.1619707424605616,2.1619589928929783,2.973346003012162e-11,0.2939890695643791,0.2939874718348753
18.015654425780063,2.8360901600548325,2.1558481491540826e-10,2.1605766476390382,2.160564996364672,2.93156507183149e-11,0.2937994977855317,0.2937979134221345
18.092577969015476,2.826705487780112,2.1132590639581384e-10,2.1419722915677237,2.1419608260175504,2.8736515890796198e-11,0.29126964054748916,0.29126808143923605
18.169829961685146,2.817280744674412,2.0614974171874362e-10,2.1293376294893456,2.129326265505091,2.803265075171852e-11,0.28955155413876404,0.2895500088416461
18.24741180620797,2.8078157596426276,2.0288596301192685e-10,2.1282804366452748,2.128269167193867,2.7588835649859615e-11,0.2894077949590146,0.28940626251666063
18.32532491099093,2.798310360859107,1.9979645351870174e-10,2.1217887885242943,2.1217776789408602,2.7168718021306588e-11,0.28852504777213345,0.28852353706894357
18.403570690454618,2.788764375764537,1.9704885934001756e-10,2.122154349119061,2.122143309412344,2.6795094715372046e-11,0.28857475742685457,0.2885732562256393
18.48215056505897,2.779177631062806,1.926313875500723e-10,2.095161641283418,2.095150849850543,2.6194398139860184e-11,0.28490423547862864,0.2849027680381829
18.56106596132902,2.7695499527178598,1.882263257100965e-10,2.0916534090806453,2.091642640017339,2.5595389093958788e-11,0.28442717910554605,0.2844257147069585
18.6403183118808,2.7598811659505422,1.852963445782484e-10,2.086655227085873,2.0866445960070825,2.5196964448390796e-11,0.28374751640461415,0.28374607076943476
18.71990905544735,2.7501710952354235,1.82835213889089e-10,2.089800813445745,2.0897902135768804,2.4862295015927135e-11,0.28417525947671535,0.28417381808552367
18.799839636904835,2.74041956429761,1.7975964429731423e-10,2.0753837927431915,2.0753734409882347,2.4444072962821418e-11,0.28221480440718455,0.2822133967550141
18.880111507298786,2.7306263961095483,1.7585675415540736e-10,2.0573954557147505,2.0573852068765244,2.3913350220419583e-11,0.2797687146603904,0.2797673210030411
18.96072612387041,2.7207914128878103,1.7182734642803518e-10,2.0506466203969493,2.0506364588558004,2.3365423365814025e-11,0.27885099464838625,0.2788496128618666
19.041684950083084,2.711372970540778,1.693119606942304e-10,2.0483472509885865,2.0483371884699486,2.302337622477124e-11,0.27853832183571897,0.2785369535144768
19.122989455648913,2.702348170422971,1.6681629839762654e-10,2.0442341043545884,2.044224162384025,2.2684011115838064e-11,0.27797900799850456,0.27797765606962865
19.204641116555383,2.6932848360623525,1.6433616705983774e-10,2.0403127432076333,2.0403028962119896,2.2346757937488315e-11,0.2774457735322013,0.27744443451820333
19.28664141509219,2.684182802924767,1.6045939411147472e-10,2.0173799769019434,2.017370292283275,2.1819586662864837e-11,0.2743273304856159,0.2743260135519611
19.368991839878134,2.675041905773527,1.5695084194630499e-10,2.011846500253803,2.0118368935431956,2.134248678066088e-11,0.27357487735602753,0.2735735710164654
19.45169388588815,2.6658619786664155,1.547223556556976e-10,2.011453934099257,2.0114444021868203,2.103945279493404e-11,0.2735214954317254,0.27352019926336685
19.534749054480415,2.656642854952674,1.5253519589599904e-10,2.0098952877074088,2.0098858417977126,2.0742038472846302e-11,0.27330954760397735,0.27330826313044204
19.618158853423658,2.647384367269974,1.4984242574082347e-10,1.9945075400305092,1.9944982907141195,2.037587024636521e-11,0.2712170911551567,0.2712158334147692
19.701924796924494,2.6380863475413814,1.4635731417884789e-10,1.977424822760859,1.9774156709157054,1.990195786387516e-11,0.26889414937934897,0.26889290489329337
19.78604840565493,2.628748626972303,1.43387407945705e-10,1.974337354942925,1.9743282716291843,1.9498104123846552e-11,0.2684743093818514,0.2684730742148333
19.870531206779958,2.6193710360474247,1.4130158479889016e-10,1.9720129907525927,1.9720039920487449,1.921446975536752e-11,0.26815823772915787,0.2681570140675608
19.95537473398528,2.609953404527634,1.3934449722646986e-10,1.9722648697856182,1.9722559418773482,1.8948341105625935e-11,0.2681924887396399,0.26819127470496595
20.040580527505174,2.6009013667219776,1.3657036321486785e-10,1.9478847292441919,1.9478760620511628,1.857110886057271e-11,0.26487722887378934,0.2648760502916909
20.1261501341504,2.5922588364508097,1.3352543380073642e-10,1.937723672290398,1.9377150350122885,1.8157053319593977e-11,0.26349550819599854,0.2634943336817902
20.21208510733635,2.5835794041590288,1.3120288873617736e-10,1.9447381834984663,1.9447295241413474,1.784122903523111e-11,0.26444935534249686,0.26444817782594104
20.2983870071112,2.574862912281769,1.2907344821555745e-10,1.9349993956012805,1.9349908842460977,1.755166348975234e-11,0.26312505564854266,0.26312389825758364
20.385057400184255,2.5661092025813903,1.2742011595189043e-10,1.9395174872257201,1.9395089998461108,1.732684008935653e-11,0.2637394347087162,0.26373828057800325
20.47209785995437,2.5573181161446086,1.248515545187006e-10,1.9163474942262284,1.9163392393128091,1.6977562011243873e-11,0.2605887331057975,0.26058761058629815
20.55950996653854,2.5484894933796074,1.219644301665467e-10,1.9046079744945716,1.9045997648331698,1.6584965115579885e-11,0.25899236992878505,0.2589912535627447
20.64729530680056,2.539623174013143,1.1957396153756176e-10,1.8982188898239611,1.8982108005837302,1.6259904450208303e-11,0.25812356952330723,0.2581224695323766
20.735455474379833,2.5307189970876367,1.1793693380453286e-10,1.8995681676060183,1.8995601217571378,1.6037298172226708e-11,0.25830704699223883,0.2583059529017501
20.823992069720326,2.5217768009582473,1.1634979627606711e-10,1.9014507140772408,1.9014426969977118,1.5821476063212728e-11,0.2585630393951964,0.2585619492168212
20.9129067000996,2.5127964232899402,1.1387803629306004e-10,1.8752045880207946,1.8751968233598937,1.5485361238289758e-11,0.25499403911805935,0.2549929832640698
21.00220097965801,2.5037953088918052,1.1126527178480514e-10,1.865848679179284,1.865840934028218,1.513007233835836e-11,0.2537218040774896,0.2537207508764861
21.091876529427974,2.4954554827631985,1.0933790295556309e-10,1.8670637298314923,1.8670560326178112,1.4867984902257637e-11,0.25388702907508126,0.25388598239269844
21.18193497736344,2.4870800471052,1.0789615239719914e-10,1.870708550071603,1.8707008800225182,1.467193280179538e-11,0.25438265896038675,0.2543816159718996
21.27237795836942,2.4786688498716436,1.0621687320484026e-10,1.8629890864100185,1.862981529941206,1.4443581086573492e-11,0.25333295098107234,0.25333192343745586
21.363207114331644,2.470221738367157,1.0408904224574416e-10,1.8435163551737774,1.8435089686261918,1.4154234412463096e-11,0.25068501036578705,0.25068400592839607
21.454424094146418,2.4617385592443832,1.0171008989127881e-10,1.8363448433745484,1.8363374804742612,1.3830739752941814e-11,0.24970981396751118,0.24970881274572673
21.546030553750537,2.4532191585012,9.996590679922089e-11,1.8360519839005285,1.8360446613337802,1.3593562276709902e-11,0.24966999035538304,0.24966899461823316
21.638028156151325,2.444663381477927,9.833835487017043e-11,1.8261786941091918,1.8261715222263941,1.3372244537347392e-11,0.2483274008270941,0.24832642558024676
21.73041857145686,2.4360710728545123,9.715095710197742e-11,1.8339721358604435,1.8339649427136506,1.3210779833770235e-11,0.24938716849376802,0.24938619035540038
21.82320347690626,2.4274420766477176,9.507769923517156e-11,1.810054583028605,1.8100475697346285,1.2928854116988524e-11,0.24613481222215336,0.24613385854052838
21.91638455690017,2.4187762362082843,9.279846558047148e-11,1.798621606004109,1.7986146620460728,1.2618919404041167e-11,0.24458013333045048,0.24457918907726423
22.009963503031273,2.410153102242342,9.119851691414016e-11,1.7965657869728893,1.7965588989277346,1.2401355211090903e-11,0.2443005789811196,0.24429964233107787
22.103942014115084,2.402164928800218,8.995926206638456e-11,1.798407024329188,1.7984001727674856,1.2232838878982648e-11,0.24455095408869823,0.24455002239974874
22.198321796220736,2.3941426473212375,8.859727734155833e-11,1.7927354910008035,1.7927287448847213,1.2047633494770624e-11,0.24377972773791173,0.24377881038766672
22.293104562701963,2.386086112170333,8.683503801376988e-11,1.7767123122118225,1.7767056669968855,1.180800069579174e-11,0.24160086410617032,0.2415999604766632
22.388292034228204,2.3779951770906025,8.481499391857631e-11,1.7681068482667803,1.7681002499230833,1.1533311093216876e-11,0.24043067605103807,0.24042977879517513
22.48388593881585,2.369869695200653,8.337684848242405e-11,1.7668033468781257,1.7667968139409531,1.1337749224423282e-11,0.2402534233468732,0.2402525349851192
22.579888011859605,2.3617095189919337,8.213932435212622e-11,1.7631075945098198,1.7631011293430485,1.1169468238707602e-11,0.23975086760975806,0.23974998846355766
22.676299996163966,2.353514500326063,8.108869042120993e-11,1.7677620761349075,1.767755615319672,1.1026600952977678e-11,0.24038379325273262,0.2403829146982627
22.77312364197491,2.3452844904321326,7.92904754710596e-11,1.7424960518975523,1.7424897834547037,1.0782076117516776e-11,0.23694806916486763,0.23694721676957642
22.870360707011642,2.3370193399040105,7.743913713967637e-11,1.7338773367930007,1.7338710996206166,1.0530327459312094e-11,0.23577607919078328,0.2357752310477118
22.9680129564985,2.3287188986976273,7.60763609293172e-11,1.7295589869331476,1.7295528328408127,1.0345014447327487e-11,0.23518886141192155,0.23518802456623997
23.06608216319701,2.320779509107436,7.505966334748424e-11,1.7321232942504259,1.7321171574939611,1.0206761893654514e-11,0.23553756100691506,0.23553672651859944
23.16457010743806,2.312998961512393,7.391581844286116e-11,1.726372362567437,1.726366308164116,1.0051219594847374e-11,0.23475553791039244,0.23475471462062072
23.263478577154242,2.305185192404815,7.238781073824538e-11,1.7085132732522048,1.7085073474136374,9.84343807655729e-12,0.2323270235239874,0.23232621771670586
23.362809367912256,2.297338059934932,7.069147403445679e-11,1.69946764084719,1.6994617566229593,9.612766847099703e-12,0.2310969804886478,0.23109618034016624
23.462564282945575,2.2894574216472994,6.959265065793082e-11,1.7034739010455573,1.7034680215211764,9.463346664977902e-12,0.23164175969634895,0.2316409601869623
23.562745133187136,2.281543134478216,6.854937753914966e-11,1.699309593763752,1.6993037953278178,9.321480317081386e-12,0.2310754889327748,0.23107470044995598
23.663353737302234,2.2735950547531236,6.765588421141284e-11,1.702836563145082,1.7028307628442838,9.199981322240979e-12,0.23155509322456055,0.2315543044881538
23.76439192172153,2.265613038183999,6.611115543481667e-11,1.6763445268586368,1.6763389129423478,8.9899260394188e-12,0.22795265358661532,0.22795189019514386
23.8658615206742,2.257596939866738,6.458459567999894e-11,1.6680485706482067,1.668043002459735,8.782341416214084e-12,0.22682455300710633,0.22682379583379414
23.96776437622127,2.249546614278519,6.346301229824239e-11,1.6656753994183644,1.6656698740523872,8.629826283439343e-12,0.22650184447637745,0.22650109312615302
24.07010233828898,2.2418825293049043,6.258983403048771e-11,1.6665862240824676,1.6665807379235404,8.511089770747745e-12,0.22662570022071155,0.22662495420193954
24.172877264702457,2.2343799596767204,6.166121306108286e-11,1.6626805918707643,1.6626751703445903,8.384814049521936e-12,0.22609460460622027,0.2260938673763382
24.27609102121939,2.2268453554509846,6.03838770276335e-11,1.644778023298566,1.6447727105351502,8.211119362253671e-12,0.22366017782421718,0.22365945538411067
24.37974548156391,2.2192785798458345,5.897787064178432e-11,1.635506521279892,1.6355012595456369,8.019927825264164e-12,0.22239942059082743,0.2223987050897674
24.483842527460606,2.2116794954953756,5.8032846979990916e-11,1.6393785120951991,1.6393732479346266,7.891421633394625e-12,0.22292594158151316,0.22292522575051768
24.588384048668686,2.2040479644471858,5.7125943483630175e-11,1.6329202903119466,1.632915108704665,7.768099097227307e-12,0.2220477397743333,0.2220470351690981
24.693371943016302,2.19638384815981,5.640732958694338e-11,1.6381872524602616,1.638182076341558,7.670380554273048e-12,0.22276395173363656,0.22276324787474902
24.798808116434937,2.1886870075002496,5.518145671006101e-11,1.615923089989554,1.6159180496069774,7.503683929105638e-12,0.219736426762626,0.21973574136140625
24.904694482994095,2.180957302741431,5.388540319398755e-11,1.6052317926277595,1.6052267980677812,7.327444001426307e-12,0.21828260294248827,0.2182819237723163
25.011032964936,2.173249758384352,5.293769172062108e-11,1.6042607285893704,1.6042557884922337,7.198572315608117e-12,0.21815055572856135,0.21814988396435464
25.11782549271048,2.165987866495687,5.2224201545850363e-11,1.6063069424560377,1.6063020161255501,7.101550506522283e-12,0.21842880394856573,0.21842813405637526
25.22507400501005,2.1586949676593163,5.144767670777982e-11,1.6024220922316288,1.6024172183473506,6.995957118899391e-12,0.21790053430992526,0.21789987154947438
25.332780448805075,2.1513709294812546,5.0379396650763575e-11,1.5834392068548295,1.583434462491951,6.850690277943463e-12,0.21531920390615625,0.21531855875828218
25.440946779379143,2.1440156190022184,4.9248541627298714e-11,1.5762979296678825,1.576293200192231,6.696914368940057e-12,0.21434811887042518,0.21434747574694576
25.54957496036451,2.136628902695213,4.841425876346711e-11,1.5794703681403384,1.5794656432383025,6.583466930418196e-12,0.2147795133460535,0.2147788708445034
25.658666963777808,2.129210646463109,4.7671891144658045e-11,1.574584521393939,1.5745798615451432,6.482518309217147e-12,0.21411512621499854,0.21411449255951703
25.76822477005582,2.121760715636204,4.705596266000674e-11,1.578169364155917,1.578164716300209,6.398763132255432e-12,0.21460260024386954,0.21460196821923197
25.878250368091425,2.114278974969783,4.6051373930625755e-11,1.556557664081057,1.5565531495300786,6.262157164355307e-12,0.21166379840352575,0.21166318450592966
25.988745755269708,2.1067652886416597,4.498609916448287e-11,1.5458767899468595,1.5458723148659987,6.117298988812966e-12,0.21021139195454988,0.21021078342417862
26.09971293750424,2.099618371999729,4.4172230199120264e-11,1.5466060773582821,1.5466016263046907,6.0066274726933895e-12,0.21031056190320754,0.21030995664011207
26.211153929273433,2.0924861485265,4.3578865535320794e-11,1.5488763297197172,1.5488718976697102,5.9259405688436865e-12,0.21061927532208338,0.21061867264313303
26.32307075365719,2.08532347176594,4.287405001553386e-11,1.540464504238263,1.5404601515537009,5.830098356547663e-12,0.20947541860928806,0.20947482672260828
26.43546544237359,2.0781302116880904,4.206234741399914e-11,1.5268573122433673,1.5268530393460846,5.7197214268781215e-12,0.20762508565362076,0.2076245046165735
26.54834003581577,2.0709062377077907,4.1108057040429716e-11,1.5167806342763268,1.5167764051886647,5.58995512916189e-12,0.20625483899780409,0.20625426391807591
26.661696583088965,2.0636514186823063,4.0332663650206856e-11,1.5173409549165549,1.5173367354932608,5.484515598061414e-12,0.20633103250978976,0.2063304587442415
26.775537142047728,2.0563656229089458,3.972319231350942e-11,1.5133587111182054,1.5133545441880634,5.40163847688543e-12,0.20578951909979656,0.2057889524723713
26.889863779333275,2.0490487181226706,3.921332389655727e-11,1.5171578808010249,1.5171537349671098,5.33230555828662e-12,0.20630613772845488,0.20630557396973634
27.004678570410974,2.0417239643457528,3.845115263084558e-11,1.5011132564995062,1.5011092014143663,5.228663997901641e-12,0.20412435789338407,0.20412380647486397
27.119983599608073,2.034920967623124,3.7540296941420656e-11,1.4861245013382,1.4861205031670466,5.1048040346827635e-12,0.2020861572381867,0.20208561355894336
27.235780960151516,2.028088923351061,3.680147765241888e-11,1.4860326945081768,1.4860287260099663,5.004337922406589e-12,0.2020736731633525,0.2020731335190948
27.35207275420594,2.0212277075018497,3.63191130055802e-11,1.4895537231215885,1.4895497549851386,4.9387450210181736e-12,0.20255246961773393,0.20255193002266916
27.46886109291183,2.0143371955182023,3.5751911333235103e-11,1.4834221778230736,1.483418271538726,4.86161581263753e-12,0.20171868992687156,0.20171815874257834
27.58614809642387,2.007417262310992,3.5116597573968204e-11,1.4726321668414721,1.4726283335115122,4.775224587585265e-12,0.20025144283292606,0.20025092156911517
27.703935893949417,2.0004677822569845,3.4347991838034864e-11,1.462328834772851,1.462325034720167,4.67070805517756e-12,0.19885037530283572,0.19884985856413484
27.82222662378712,1.99348862919656,3.3641298519991834e-11,1.4619088148306643,1.4619050255346333,4.574610496150291e-12,0.198793260158039,0.1987927448820491
27.941022433365802,1.9864796764314177,3.309121245077046e-11,1.4542174700086847,1.4542137501154642,4.499808701429118e-12,0.1977473758343043,0.1977468699958462
28.060325479283414,1.9796217731601287,3.264260604619109e-11,1.4554791859972036,1.4554754947821325,4.438806312778469e-12,0.19791894647688246,0.197918444538136
28.180137927346173,1.9729122760686142,3.210540445213263e-11,1.4484364051903675,1.4484327612535814,4.365756574544729e-12,0.1969612551742744,0.19696075966452292
28.3004619526079,1.9661741306539575,3.1377571775641625e-11,1.4329823418252672,1.4329787555701428,4.266784443628371e-12,0.19485978098664317,0.19485929332055843
28.421299739409495,1.9594072145930683,3.069532592361739e-11,1.430263848670365,1.4302602912210947,4.1740112995188966e-12,0.1944901148956408,0.19448963114663326
28.542653481418604,1.952611405040558,3.029265753990157e-11,1.435573554751342,1.435569983259742,4.11925565405772e-12,0.19521213925968478,0.19521165360117337
28.66452538166939,1.9457865786265143,2.9812075795047554e-11,1.4289239689795639,1.4289204601162475,4.053905195217348e-12,0.19430791539779815,0.194307438255605
28.786917652602614,1.9389326114542536,2.9298745715785044e-11,1.4188281546997517,1.418824717717545,3.984101552911792e-12,0.19293506654821624,0.19293459918055894
28.90983251610574,1.9320493790980786,2.868539353325881e-11,1.4074876714220772,1.4074842715655436,3.900696706622824e-12,0.19139296513965623,0.1913925028204216
29.033272203553285,1.9252698454152293,2.8041498573498978e-11,1.402579900094165,1.4025765286792762,3.813138592907768e-12,0.19072559666052247,0.1907251382088391
29.157238955847316,1.9188235742959396,2.761091046805541e-11,1.4027912050968525,1.4027878534060139,3.754586368310698e-12,0.19075433033388553,0.1907538745643176
29.28173502345815,1.9123497787801762,2.7171138386994714e-11,1.3962882052857994,1.3962849151916505,3.69478528849392e-12,0.18987003952167364,0.18986959212814578
29.40676266646522,1.9058483413438085,2.6801892051893254e-11,1.3978348938512781,1.3978316059266531,3.6445744394918705e-12,0.19008036130047506,0.19007991420196335
29.53232415459803,1.8993191439609025,2.6213889091174156e-11,1.381093632969363,1.381090415049125,3.564616630661319e-12,0.1878038514415085,0.18780341386233215
29.658421767277456,1.8927620681015722,2.5637443043564668e-11,1.37689099099463,1.376887782373668,3.486230353797136e-12,0.18723236785035785,0.18723193153571555
29.78505779365708,1.8861769947298317,2.5213322670426818e-11,1.3769603548282152,1.3769571739459154,3.4285576242669543e-12,0.18724180008202346,0.18724136753933945
29.912234532664744,1.8795638043014333,2.4851459610639688e-11,1.375797698482846,1.375794545968591,3.3793507676859715e-12,0.18708369976619346,0.18708327108105244
30.039954293044286,1.87304223964083,2.4460920200893555e-11,1.3698004876845487,1.3697973838096238,3.3262444441615297e-12,0.18626818714710672,0.1862677650760383
30.16821939339746,1.8667572497235245,2.397445553961904e-11,1.3578247345090098,1.3578216796331544,3.2600940146782525e-12,0.184639700477855,0.1846392850697772
30.297032162226046,1.8604454240509238,2.3424815624844663e-11,1.349523100497516,1.3495200743147913,3.1853528889236748e-12,0.18351082781969616,0.18351041631336718
30.42639493797405,1.8541066480392716,2.304177923868645e-11,1.3540744428523606,1.354071409597796,3.1332668414280487e-12,0.1841297283801389,0.18412931591216714
30.556310069070246,1.847740806615558,2.265130975974402e-11,1.3447252050415588,1.3447222433806671,3.0801700272329933e-12,0.18285840047955615,0.18285799774703404
30.68677991397076,1.8413477842154329,2.235303900374863e-11,1.347092185184861,1.3470892324884929,3.03961057824917e-12,0.18318026713405808,0.18317986562054964
30.817806841201893,1.8349274647811074,2.1907187262453703e-11,1.3328440854227739,1.3328411934936115,2.978982774175478e-12,0.18124278226904592,0.18124238901878265
30.949393229403118,1.8284797317592474,2.1426525096842103e-11,1.3253202534106057,1.325317383399847,2.9136213795609845e-12,0.18021967666943053,0.18021928639967524
31.08154146737026,1.822249092500968,2.0997997453194824e-11,1.322826019557386,1.3228231770259002,2.8553493406456487e-12,0.1798805058030619,0.17988011926999262
31.214253954098886,1.8161443181114514,2.071379430683126e-11,1.3245961452136479,1.3245933101170113,2.816702833120944e-12,0.18012121100062814,0.18012082547856445
31.34753309882778,1.8100134774539223,2.0395449551767233e-11,1.3199332302006992,1.3199304433974877,2.7734136819294444e-12,0.17948713856884568,0.17948675961381766
31.481381321082786,1.803856459230192,2.0021649009041886e-11,1.3092606353363765,1.3092578980654006,2.7225835427419856e-12,0.17803585795140825,0.1780354857318719
31.615801050720666,1.7976731516668494,1.9586843404132886e-11,1.299826584429435,1.2998238669014337,2.663457814202712e-12,0.17675299699779598,0.17675262746294848
31.750794727973222,1.7914634425132319,1.9192766932156444e-11,1.301037033093643,1.3010343255204209,2.6098705139408634e-12,0.1769175962079319,0.17691722802675502
31.8863648034916,1.7852272190393865,1.8909358655416368e-11,1.2993791997184996,1.2993765172472878,2.5713320943640874e-12,0.17669216073747013,0.1766917959697144
32.02251373839077,1.7790093955108062,1.8638526604688042e-11,1.2983548435692047,1.2983521785573857,2.534503814943795e-12,0.17655286675660387,0.17655250436301098
32.159244004294244,1.7729932638110533,1.8311733594459378e-11,1.2887495367998334,1.2887469311812714,2.4900658532589274e-12,0.17524671809115336,0.17524636377397335
32.296558083378855,1.7669514443313303,1.7908646249142412e-11,1.2757798558808904,1.2757772888667005,2.4352532365682687e-12,0.17348307515601938,0.17348272608833848
32.43445846841992,1.7608838273895235,1.749557351762664e-11,1.2686918057397811,1.2686892670547267,2.379082787257503e-12,0.17251922803955064,0.17251888282412178
32.572947662836434,1.754790302835197,1.7273782348369304e-11,1.2770823088333567,1.2770797507921543,2.348923184166228e-12,0.1736601852917519,0.17365983744423563
32.71202818073655,1.7486707600475917,1.6991395791624566e-11,1.2698084535897127,1.2698059508357766,2.3105237001008747e-12,0.1726710720289188,0.17267073169947464
32.85170254696319,1.7425250879336196,1.672183475163254e-11,1.2644466914897943,1.2644442207184081,2.2738682552413997e-12,0.17194196898417244,0.17194163300377888
32.991973297139886,1.736353174925845,1.6374328250819293e-11,1.2526548416370742,1.2526524077296477,2.2266136320241645e-12,0.17033848985350733,0.1703381588859481
33.13284297771684,1.7305534379136094,1.6023202112927945e-11,1.2495406530676716,1.249538220575669,2.178866803377942e-12,0.16991501631522773,0.16991468554014072
33.27431414601708,1.7247531200132995,1.5748561276497046e-11,1.2491357302586823,1.2491333191937197,2.1415205977235536e-12,0.1698599541085465,0.16985962624715084
33.41638937028299,1.7189280358183971,1.5500339605074127e-11,1.2439688057348666,1.243966438337945,2.1077669225261337e-12,0.1691573454638351,0.16915702354050624
33.55907122972286,1.7130780795813627,1.530678890446036e-11,1.2483728281801072,1.2483704470734667,2.081447514372527e-12,0.16975621317077888,0.1697558893831753
33.70236231455772,1.7072031451031335,1.496328219560914e-11,1.2288105897065282,1.2288082879899491,2.0347367907993864e-12,0.16709610118383378,0.16709578819184817
33.84626522606836,1.701303125731197,1.4647132055612924e-11,1.224677822931716,1.2246755311960529,1.991746067717559e-12,0.16653411936095727,0.16653380772619641
33.990782576642594,1.6953779143576535,1.4349923608550982e-11,1.2203369934909571,1.2203347253348453,1.951331073609465e-12,0.16594384476409849,0.16594353633573183
34.13591698982265,1.6896992373969166,1.4171440457489155e-11,1.2250426008925699,1.2250403297501216,1.927060580728574e-12,0.16658372259156667,0.16658341375711203
34.28167110035274,1.684014827086243,1.3946968133344801e-11,1.2194333519780245,1.2194311269005245,1.896536388878019e-12,0.1658209657989075,0.16582066322845584
34.42804755422702,1.678306145385146,1.3702718958688789e-11,1.2124773572483645,1.2124751506725768,1.8633229016699244e-12,0.16487507583920338,0.1648747757846513
34.57504900873754,1.672573088659236,1.3389969713884704e-11,1.2008774596334568,1.2008752850836488,1.8207946390615823e-12,0.1632976987545498,0.16329740305495397
34.722678132522475,1.6668155528316233,1.311819376972402e-11,1.2005074134412537,1.2005052580081423,1.783838007140261e-12,0.16324737913939263,0.16324708603932314
34.87093760561462,1.6610334333810297,1.2919419262564743e-11,1.198331714189849,1.1983295718806501,1.7568082554118149e-12,0.16295152323995327,0.16295123192449937
35.019830119490024,1.655246455459379,1.2746040044298216e-11,1.1997998579582185,1.1997977268082547,1.7332318054354546e-12,0.16315116434145976,0.1631508745434608
35.16935837711684,1.6495643816695598,1.2526925659367111e-11,1.1920767728430846,1.1920746852006108,1.7034361967859347e-12,0.16210096390970893,0.16210068002794475
35.319525093004366,1.643858046465834,1.2255893529398467e-11,1.1809838116626126,1.180981744423213,1.6665807101937118e-12,0.16059252104685634,0.16059223993954266
35.47033299325239,1.638127346256409,1.1986165508384038e-11,1.1761709085603063,1.1761688596381397,1.6299025589236239e-12,0.15993805293719998,0.15993777432069997
35.621784815600655,1.632372177007175,1.1802395922014902e-11,1.1781441754443405,1.1781421402368895,1.6049132060846464e-12,0.1602063816818245,0.16020610493027873
35.77388330947853,1.626592434239816,1.1622155937833382e-11,1.174459633633317,1.1744576180497042,1.580403815551675e-12,0.15970535037852343,0.15970507629546607
35.92663123605495,1.6207880130299117,1.1429553477340956e-11,1.16746199001132,1.1674600135766804,1.554213350970487e-12,0.15875379691983385,0.15875352816033153
36.080031368288545,1.615198902109901,1.1207022907483522e-11,1.1590894786151282,1.1590875296775736,1.5239532027191e-12,0.15761528621432716,0.157615021193933
36.23408649097798,1.6098069728157707,1.0967793925150375e-11,1.1554672457987825,1.1554652943367585,1.491422371220006e-12,0.1571227278117046,0.1571224624480281
36.38879940081243,1.6043920209715647,1.0757080316269518e-11,1.1517951963072193,1.1517932724308748,1.462769116759711e-12,0.15662339523878072,0.15662313362625965
36.54417290642251,1.598953948275212,1.0595974579751824e-11,1.1492503643149958,1.1492484712725388,1.4408616391745075e-12,0.15627734393711512,0.1562770865174472
36.70020982843113,1.5934926560049105,1.0460937139664551e-11,1.1525799438866118,1.1525780404731487,1.4224989802411905e-12,0.1567301067710774,0.15672984794113948
36.856912999504736,1.5880080450173342,1.0239524543547287e-11,1.1370151356551166,1.137013288658518,1.392390856276356e-12,0.15461357327686487,0.15461332211860412
37.01428526440477,1.5825143010102378,1.002372952642242e-11,1.1312454654247677,1.1312436355225937,1.3630466218446885e-12,0.15382900207550668,0.15382875324177964
37.17232948003925,1.5771407976786653,9.810780325291292e-12,1.1275438902811763,1.1275420743309732,1.3340893671161778e-12,0.15332565454585947,0.15332540760934912
37.331048515514716,1.5717443504724995,9.683930418521192e-12,1.1310690038040034,1.1310671877391505,1.3168400652023012e-12,0.1538050064743251,0.15380475952222444
37.4904452521882,1.5663248614256011,9.53503597094346e-12,1.1272161801605804,1.1272143930611755,1.2965931029067519e-12,0.15328109187368788,0.15328084886036633
37.65052258371965,1.5608822321535318,9.373178619530434e-12,1.1209025161653974,1.1209007504636102,1.2745834192373448e-12,0.1524225473212424,0.15242230721761132
37.81128341612439,1.5554163638517706,9.168066665026999e-12,1.1102771511878275,1.1102754092402713,1.2466918888494877e-12,0.15097768911748036,0.15097745224399672
37.97273066782592,1.5499271572939186,8.979321791198306e-12,1.1091054513856013,1.1091037212559296,1.2210259865538855e-12,0.15081835905445037,0.15081812378798612
38.134867269708856,1.5446842473693165,8.83037380085007e-12,1.107220294438594,1.1072185793612563,1.2007717434062076e-12,0.15056201167381805,0.1505617784542
38.29769616517215,1.5394737227144912,8.702465964475182e-12,1.106004877129952,1.10600318053442,1.1833785821263982e-12,0.15039673681755727,0.15039650611113184
38.46122031018256,1.534240950074158,8.569943470529765e-12,1.103306912274512,1.1033052312299219,1.165357910557539e-12,0.15002986220543119,0.15002963361365365
38.625442673328216,1.528985834453497,8.386702985027982e-12,1.0902732016190078,1.0902715512052334,1.1404405059039112e-12,0.14825751237972445,0.14825728795318602
38.79036623587263,1.5237082804520756,8.200926562059949e-12,1.0842042641101686,1.0842026351027507,1.1151782594439008e-12,0.14743224622027706,0.1474320247046175
38.955993991808754,1.5184081922621198,8.065581717129576e-12,1.088439762850083,1.0884381272351646,1.0967737989903192e-12,0.14800819773952448,0.14800797532536383
39.12232894791333,1.5133301315626,7.938597048830223e-12,1.0839621949634726,1.0839605823571778,1.079506171936412e-12,0.14739932917759482,0.14739910989219243
39.2893741238015,1.508318776285955,7.82076323770971e-12,1.0815835953260116,1.0815820017790079,1.0634828965912894e-12,0.14707588248123135,0.1470756657875492
39.45713255198159,1.5032860234405523,7.66880804520781e-12,1.0712373381470264,1.0712357758753988,1.0428197281303384e-12,0.145668977909497,0.14566876546870253
39.62560727791021,1.4982317816626936,7.506633590824737e-12,1.0652638304017592,1.0652622777854617,1.0207669241701294e-12,0.14485668847857344,0.1448564773507299
39.79480136004747,1.4931559591985757,7.358398371679983e-12,1.065545779084413,1.0655442286300785,1.0006096050643954e-12,0.14489502841965143,0.14489481758579592
39.96471786991257,1.4880584639026229,7.247706069979805e-12,1.0643182905617212,1.0643167602067436,9.855574463345608e-13,0.14472811209576245,0.1447279039950573
40.13535989213953,1.4830745631279534,7.143965996920309e-12,1.0635101663141353,1.0635086448536122,9.714506654441814e-13,0.14461822175776007,0.14461801486654052
40.30673052453321,1.478104814788537,7.018044172324266e-12,1.0556315603652093,1.0556300689171136,9.543275659850707e-13,0.14354687329457366,0.14354667048450348
40.4788328781255,1.4731138465343603,6.866864184421563e-12,1.0451076699838304,1.045106202471384,9.33769811383042e-13,0.14211581380766408,0.14211561425241098
40.651670077231834,1.4681015677602767,6.719260607808884e-12,1.0415928935298522,1.0415914344340957,9.136983842816055e-13,0.14163786753432284,0.1416376691235879
40.82524525950794,1.4630678874742697,6.623317321736714e-12,1.0475063660005175,1.0475049051168333,9.006518259497363e-13,0.1424419932495334,0.14244179459567255
40.99956157600668,1.4580127142958064,6.517875335723356e-12,1.0428204916940713,1.042819047625688,8.863136155603545e-13,0.1418047987674842,0.1418046024002013
41.174622191235386,1.4531105786454093,6.409961788405519e-12,1.03662938250646,1.0366279674235124,8.716393173627502e-13,0.14096291946084483,0.14096272703505894
41.35043028321327,1.4481879520700285,6.282610320094091e-12,1.027451549052529,1.0274501567958598,8.543218121156978e-13,0.13971489946466892,0.1397147101428457
41.52698904352907,1.4432443067811862,6.159096938509682e-12,1.0261211114659126,1.0261197112463323,8.375262175141613e-13,0.13953398392288055,0.13953379351824485
41.70430167739905,1.4382795530328267,6.034179946937645e-12,1.023424623528964,1.0234232426660426,8.205397572426184e-13,0.1391673101450602,0.1391671223725814
41.882371403725145,1.433293600695696,5.948869311694417e-12,1.0234173346147015,1.0234159658760307,8.089390478590313e-13,0.13916631898404214,0.13916613286024293
42.06120145515343,1.4283475607108576,5.8618300239828396e-12,1.0218052931392954,1.0218039309714788,7.971032728842275e-13,0.13894711038692928,0.1389469251566479
42.240795078132734,1.4234985328904164,5.746812472418438e-12,1.0103758167757162,1.0103744888476105,7.814629580992516e-13,0.13739290752204106,0.13739272694774343
42.42115553297368,1.4186288006097107,5.626251110213196e-12,1.002875059924049,1.002873748686036,7.650687849478637e-13,0.13637293972851736,0.13637276142377167
42.6022860939078,1.4137382754644894,5.514215304639691e-12,1.0034796624193725,1.0034783477432694,7.498339338966582e-13,0.13645515477498657,0.13645497600272255
42.78419004914701,1.4088268686730308,5.4229912127421684e-12,1.0015262680365689,1.0015249714909407,7.374291009486022e-13,0.13618952833249404,0.13618935202564797
42.96687070094327,1.403894491074532,5.34474119640765e-12,1.0004201115188087,1.0004188261151783,7.267885085280957e-13,0.13603911097528282,0.1360389361835477
43.15033136564856,1.399241715858786,5.258282995775412e-12,0.995898273630312,0.9958970034917443,7.150317509268556e-13,0.13542422249069255,0.13542404977473094
43.334575373775095,1.3946356156556226,5.153206136892057e-12,0.9877871666411335,0.9877859153300013,7.007431912487966e-13,0.1343212580749152,0.13432108791914563
43.519606070055694,1.3900098482486076,5.0410907283542415e-12,0.9824151921935935,0.9824139515857984,6.854975156286217e-13,0.13359076633488431,0.13359059763457573
43.70542681350466,1.3853643296623834,4.9511872512744e-12,0.983584456451118,0.9835832162951186,6.732722625027519e-13,0.13374976520771517,0.13374959656884264
43.89204097747863,1.3806989755630341,4.881236865473407e-12,0.9834753961845766,0.983474164453825,6.637602703034964e-13,0.13373493497636316,0.13373476748317256
44.079451949737845,1.3760137012565539,4.8079058207742374e-12,0.9810173157896547,0.9810161047032149,6.537885694021434e-13,0.1334006803289598,0.13340051564302366
44.2676631325077,1.3713084216873075,4.715011133682892e-12,0.9716096494210988,0.9716084510194548,6.4115656560621e-13,0.13212140719720775,0.1321212442361753
44.45667794254043,1.3665830514364892,4.605066362343933e-12,0.9597962208369217,0.9597950485325331,6.26206057537529e-13,0.13051499374784034,0.13051483433556443
44.64649981117722,1.3618375047205693,4.521477072034683e-12,0.9639905662838198,0.9639893926653014,6.148394200521415e-13,0.13108534916068085,0.13108518956970697
44.83713218441038,1.3570716953897406,4.45136217012024e-12,0.9634345747779468,0.9634334035238685,6.053050566254817e-13,0.13100974433297105,0.13100958506351845
45.02857852294604,1.352342693972241,4.381523085982244e-12,0.9595423473137716,0.9595411929866816,5.958081994471138e-13,0.1304804715226353,0.13048031455494813
45.2208423022669,1.3479206270478612,4.310401315152216e-12,0.9552952096268148,0.955294082772352,5.861369199883112e-13,0.12990293731628466,0.12990278408437983
45.413927012695325,1.3434796787080074,4.2212698316346474e-12,0.9465956357541394,0.9465945153603466,5.740166440781941e-13,0.12871995200653732,0.1287197996531672
45.6078361594567,1.3390197683324958,4.1343016373441185e-12,0.943872409437271,0.9438712877107749,5.621905365277894e-13,0.12834964229078316,0.12834948975618943
45.802573262743124,1.3345408149569082,4.056723318546888e-12,0.9423636791809393,0.9423625812471015,5.516412828706334e-13,0.1281444821581452,0.12814433285892432
45.998141857777256,1.3300427372711232,3.9961510651937265e-12,0.9404462939644639,0.9404451988560686,5.434045477220129e-13,0.12788375231350976,0.12788360339849816
46.19454549487645,1.3255254536178416,3.941713593553155e-12,0.9412147649062597,0.9412136754054361,5.3600203235826e-13,0.1279882505163433,0.12798810236386043
46.39178773951733,1.3209888819911013,3.864386669275198e-12,0.9320744435910545,0.9320733821505023,5.254869638264449e-13,0.1267453314951921,0.12674518715840055
46.589872172400455,1.3164329400347896,3.781236638767909e-12,0.9245516128499816,0.924550557396036,5.141800577601463e-13,0.12572236205040613,0.12572221852768525
46.788802389515276,1.3118575450411487,3.709230922020121e-12,0.9265452599896504,0.9265441970277761,5.04388577582248e-13,0.12599346214261364,0.12599331759894972
46.98858200220549,1.3072626139492736,3.649834839661058e-12,0.9246846025227162,0.9246835590132484,4.963117804981966e-13,0.12574044624987335,0.12574030435138625
47.18921463723456,1.3028372779808397,3.592364172186243e-12,0.920850102968338,0.9208490802247405,4.8849680514893e-13,0.12521902339520805,0.12521888432050518
47.390703936851594,1.2984045133892648,3.5324606215116085e-12,0.9159525187739008,0.9159514948730765,4.803510015168257e-13,0.12455304018268912,0.12455290095062425
47.593053558857356,1.2939528217051381,3.4613358530946377e-12,0.9085130708736676,0.9085120679652273,4.706793144402053e-13,0.12354140930198024,0.12354127292450139
47.79626717667083,1.2894821221132415,3.3876621564131157e-12,0.9044632610409891,0.9044622716927901,4.606610190426838e-13,0.12299070812863004,0.12299057359509968
48.0003484793958,1.2849926819326882,3.3269515053261987e-12,0.9049669702524974,0.904965970603923,4.524054642957323e-13,0.12305920350625656,0.12305906757206074
48.20530117188783,1.2806886753903555,3.2799687064780717e-12,0.9047611618410514,0.9047601795108411,4.4601665012372786e-13,0.1230312172702723,0.12303108369106198
48.41112897482157,1.276366291528747,3.229571013952274e-12,0.9018743024618225,0.9018733406745867,4.391634719364096e-13,0.12263865640615221,0.12263852562041629
48.61783562475824,1.2720254518800769,3.169190580715301e-12,0.8949011538136363,0.8949001857763006,4.3095282086764023e-13,0.12169043382258422,0.12169030218694732
48.825424874213546,1.2676660776415156,3.0989412021366794e-12,0.8862624328265707,0.8862614899449912,4.2140017103746726e-13,0.12051572340891634,0.12051559519400908
49.03390049172564,1.2633219901654873,3.0394381927231827e-12,0.887386808393235,0.8873858754952174,4.133088338004771e-13,0.12066861822853281,0.12066849137121007
49.243266261923736,1.2591346747615253,2.9909790335893664e-12,0.8865647611274753,0.88656381363192,4.067192612286445e-13,0.12055683461090455,0.12055670576857971
49.45352598559669,1.2549294802880662,2.946767577286714e-12,0.8848652275129967,0.884864302224978,4.0070729971259257e-13,0.12032572865919067,0.12032560283669069
49.66468347976205,1.250706330404759,2.8980427556928686e-12,0.8803182971536612,0.880317396978554,3.9408160183253614e-13,0.11970742805064788,0.11970730564305142
49.876742577735286,1.2464651484452942,2.840348371091657e-12,0.8733521361547343,0.8733512188387523,3.862362049847067e-13,0.1187601556614853,0.1187600309230387
50.089707129199475,1.24229556454521,2.779945584330194e-12,0.8690003469942745,0.8689994513039003,3.7802251423934174e-13,0.11816839074020434,0.11816826894245076
50.303581000275116,1.2382319609947727,2.728102433781588e-12,0.869004534192859,0.869003654329708,3.7097277980319277e-13,0.11816896012377265,0.11816884047823628
50.51836807359028,1.2341510066017847,2.6896247102520974e-12,0.868939690766561,0.8689387924737053,3.657405026417933e-13,0.11816014258605564,0.1181600204344115
50.73407224835123,1.2300526272813266,2.647734628022305e-12,0.8656572896495873,0.8656564161175224,3.600442061763305e-13,0.11771379517192834,0.11771367638730561
50.95069744041309,1.2259367486321515,2.5997636858372934e-12,0.8596406630082793,0.8596398077545473,3.5352102231351495e-13,0.11689564234800008,0.11689552604890131
51.16824758235096,1.2218032959353318,2.5448409825858735e-12,0.8524123897481755,0.8524115316557214,3.460525241929212e-13,0.11591272741369506,0.11591261072858121
51.386726623531324,1.2176521941529048,2.494981101272597e-12,0.8526483664318053,0.8526475124936614,3.392724786409643e-13,0.11594481599116593,0.11594469987096345
51.60613853018375,1.2134833679265087,2.45209263406458e-12,0.8510301290976525,0.8510292911449404,3.334404198059881e-13,0.11572476486889195,0.1157246509224202
51.82648728547288,1.2092967415760152,2.4171077311251205e-12,0.8504316782291339,0.8504308452612757,3.286831033160035e-13,0.1156433863328367,0.11564327306421522
52.04777688957068,1.2051400159877277,2.3773772027102578e-12,0.8460527517144949,0.8460519233428201,3.232804672615058e-13,0.1150479312203108,0.11504781857668749
52.27001135972918,1.2011397955248748,2.3314225081754864e-12,0.8398370528757741,0.8398362462044071,3.1703145675315053e-13,0.11420270816414302,0.11420259847137058
52.493194730353345,1.1971224948536399,2.280620053168041e-12,0.8336808300552135,0.833680041045405,3.1012323816078094e-13,0.11336557277488801,0.11336546548376934
52.71733105307427,1.1930880410446634,2.23879755643637e-12,0.8353556187999865,0.8353548076494353,3.0443613210540023e-13,0.11359331387014093,0.11359320356828015
52.942424396822794,1.18903636085719,2.203926818459183e-12,0.8332437846137317,0.8332429948235727,2.9969433999341775e-13,0.11330614246892913,0.11330603507169686
53.168478847903344,1.1851358595856434,2.172843509079745e-12,0.8329713453542824,0.8329705748814609,2.9546756993405867e-13,0.11326909563807926,0.11326899086765686
53.39549851006814,1.1812765253288418,2.134332062824708e-12,0.8274595488143963,0.8274587571808318,2.902307070895544e-13,0.11251959061261112,0.1125194829647089
53.623487504591594,1.177400712421943,2.088712074158901e-12,0.8189351667756011,0.8189344040040376,2.840272105491091e-13,0.11136042823590638,0.1113603245127163
53.85244997034529,1.1735083505041302,2.0487481262651177e-12,0.8195647597435504,0.8195640037800336,2.7859283365090874e-13,0.11144604153640877,0.1114459387389904
54.082390063873,1.169599368914159,2.0128846963758173e-12,0.8194902012233183,0.8194894268758705,2.737160533238341e-13,0.1114359029209499,0.11143579762364812
54.31331195946618,1.1656736966890748,1.9815697885574804e-12,0.8165472707588548,0.8165465195878868,2.6945779004940627e-13,0.11103571739944945,0.11103561525373139
54.54521984923975,1.1617312625629241,1.9501889323084755e-12,0.8131885858950082,0.8131878499937097,2.6519055897657564e-13,0.11057899677012288,0.11057889670080477
54.77811794320818,1.1577719949654608,1.914448845172399e-12,0.8082609825206779,0.8082602322856354,2.6033055104171955e-13,0.10990893148998275,0.10990882947153365
55.01201046936197,1.1538078324902084,1.8741468795043598e-12,0.8024286280089994,0.8024278989923519,2.5485020981615903e-13,0.10911583635572272,0.10911573722259307
55.246901673744276,1.1500495732200915,1.8368092694306504e-12,0.80160517646415,0.8016044573916477,2.4977296754375226e-13,0.10900386178143864,0.10900376400053359
55.482795820528175,1.1462752668715492,1.8062973376926852e-12,0.7996058883123656,0.7996051644380407,2.456238945493383e-13,0.10873199461321545,0.10873189617934904
55.719697192093925,1.1424848449264973,1.7810851080580434e-12,0.7997053435402177,0.7997046278262817,2.4219548555824525e-13,0.10874551873235605,0.1087454214081555
55.9576100891068,1.1386782385742913,1.7513381186829023e-12,0.7954858291145928,0.7954851351719785,2.3815043094349777e-13,0.10817174079186868,0.10817164642817566
56.1965388305951,1.1348553787104785,1.7134822099962125e-12,0.785569859060566,0.7855691779049618,2.33002709397716e-13,0.1068233475168081,0.10682325489191807
56.4364877540286,1.1310161959355425,1.6813770330303701e-12,0.7862246885241209,0.7862239916695368,2.286369837572082e-13,0.10691239252603647,0.106912297766368
56.677461215397294,1.1271606205536435,1.6478788242245083e-12,0.7840880495895708,0.7840873714333039,2.2408183088418628e-13,0.10662184812595431,0.10662175590892008
56.919463589290366,1.1232885825713543,1.6240312293383232e-12,0.7836778491216038,0.7836771839777059,2.2083898763277455e-13,0.10656606825273766,0.10656597780515122
57.16249926897579,1.1195625109653633,1.6003299629279503e-12,0.7825186782977087,0.7825179990526603,2.176160424177284e-13,0.10640844190503085,0.10640834953994195
57.406572666479974,1.1159014100028004,1.571186798734827e-12,0.7767741036368807,0.7767734449181365,2.136530971488451e-13,0.10562728324899007,0.10562719367510875
57.651688212667835,1.1122246768099826,1.5384496076540603e-12,0.770163890619123,0.7701632474212514,2.0920142897546718e-13,0.10472841337228621,0.10472832590896392
57.8978503573233,1.1085322446401504,1.5074200162749272e-12,0.768417059595436,0.7684163963136865,2.0498196359633263e-13,0.10449087582505952,0.1044907856306917
58.14506356923004,1.1048240464615493,1.482281429386958e-12,0.7696900406667484,0.7696893917904046,2.0156356869199352e-13,0.10466397831593886,0.10466389008044667
58.39333233625266,1.10110001495621,1.4604862013701471e-12,0.7684927722158574,0.7684921351107351,1.9859981035809805e-13,0.10450117137735114,0.10450108474253299
58.642661165418026,1.0973600825187297,1.4382595811686903e-12,0.7666151761403233,0.7666145299248686,1.9557739045932073e-13,0.1042458521390178,0.10424576426535859
58.89305458299727,1.093604181255041,1.4071313098375256e-12,0.7556624294701868,0.755661806198728,1.9134450638458928e-13,0.10275647592337897,0.10275639116968983
59.14451713458785,1.0899767601157702,1.3831748901609359e-12,0.757885441835666,0.7578848219231116,1.880868649223377e-13,0.10305876555391001,0.10305868125697136
59.39705338519608,1.0864412526072549,1.3532751618044882e-12,0.7533503245229036,0.7533497030238376,1.8402104055797303e-13,0.10244207130686998,0.10244198679419432
59.65066791932003,1.0828906491295196,1.3318464490929946e-12,0.7532830676167318,0.7532824484083604,1.8110712170223285e-13,0.10243292557937288,0.1024328413781904
59.905365341032756,1.0793248852255413,1.3121267420830549e-12,0.7519192148892638,0.7519186136092901,1.784255968313938e-13,0.10224746618045667,0.1022473844172133
60.16115027406577,1.0757438961630792,1.290746307195689e-12,0.7486716454583565,0.7486710499003478,1.755182428899317e-13,0.10180585524808507,0.10180577426292584
60.418027361893174,1.0721476169334956,1.2634926999766954e-12,0.7402715204921548,0.7402709226629166,1.7181224332609574e-13,0.10066358959456029,0.10066350830055476
60.67600126781581,1.0685359822505787,1.2377418428033625e-12,0.7371556817469362,0.7371551009811317,1.6831059069398966e-13,0.10023989166210033,0.10023981268841436
60.93507667504597,1.0649089265493565,1.2154829847411332e-12,0.7388099697848787,0.7388093814393504,1.6528378702696466e-13,0.10046484503057779,0.10046476502618593
61.195258286792395,1.0612663839849066,1.1982074936994182e-12,0.7395736773744872,0.7395730819089599,1.629346314912883e-13,0.10056869550333336,0.10056861453074993
61.456550826345676,1.0576082884311606,1.1789207906774207e-12,0.7359341390650354,0.7359335643847986,1.603119873615401e-13,0.10007378386543492,0.10007370571927651
61.71895903716401,1.0539345734797039,1.1565782762424206e-12,0.7288250212704694,0.7288244669521744,1.5727380793502355e-13,0.09910707192766403,0.09910699655036287
61.9824876829592,1.0502451724385713,1.134444536288883e-12,0.7250987732296312,0.7250982029519615,1.5426401807657493e-13,0.09860036932851353,0.09860029178102493
62.24714154778333,1.0467871598788168,1.111030363991739e-12,0.7223628038654569,0.7223622464099672,1.5108011248846174e-13,0.09822832678791245,0.09822825098400931
62.51292543611546,1.043331969330499,1.0913089726448711e-12,0.7228491547365878,0.7228486072486696,1.4839835857814652e-13,0.0982944617439863,0.09829438729549332
62.779844172948906,1.0398620257516642,1.075392148943389e-12,0.7219384072008024,0.721937853614943,1.4623395732214556e-13,0.09817061648771383,0.0981705412100107
63.04790260387883,1.0363772661495751,1.0593722745918105e-12,0.7206336629502781,0.7206331092829436,1.440555430343561e-13,0.09799319477672687,0.09799311948794459
63.31710559519018,1.0328776272625277,1.0380414395578984e-12,0.7125985052366041,0.7125979756114446,1.4115493377934191e-13,0.09690055809406872,0.09690048607458909
63.58745803394609,1.0293630455587008,1.0164884336550425e-12,0.7069608093055253,0.7069602720519857,1.3822411328891994e-13,0.09613393301968015,0.09613385996287828
63.858964828076466,1.0258334572350059,9.981958679009948e-13,0.7089337489649077,0.7089332112219446,1.3573665391661727e-13,0.09640221726764753,0.09640214414429288
64.13163090646727,1.0224204291223928,9.80757761719032e-13,0.7079654501847403,0.7079649283160606,1.3336538565164274e-13,0.09627054607901815,0.09627047511428002
64.40546121904985,1.0191344653714018,9.657625113057935e-13,0.705802778699432,0.7058022601121245,1.313263017592051e-13,0.0959764617210515,0.09597639120252087
64.6804607368909,1.0158344711573093,9.502473960823212e-13,0.7027998286307516,0.7027993062072282,1.2921652561878352e-13,0.0955681146147281,0.09556804357454121
64.95663445228259,1.012520386572609,9.304827265520585e-13,0.6945965151559633,0.6945960106663567,1.2652888665525332e-13,0.09445261177815724,0.09445254317665994
65.23398737883335,1.0091921514539999,9.134397168287533e-13,0.6942573109250836,0.6942568043304487,1.242113443903526e-13,0.09440648611407211,0.09440641722632888
65.51252455155874,1.0058497053812951,8.948798712173139e-13,0.6920892943847086,0.6920887883239011,1.2168753977292486e-13,0.09411167492491622,0.0941116061097639
65.7922510269729,1.002492987676325,8.797769633970375e-13,0.6902945227365513,0.6902940222002814,1.1963381641275286e-13,0.09386761831648971,0.09386755025257495
66.0731718831804,0.9991585233434255,8.682043600670945e-13,0.6917596492718165,0.6917591644243153,1.1806015085910367e-13,0.09406684912865439,0.09406678319812953
66.35529221996836,0.9959141394703638,8.538219114460326e-13,0.6884692510974304,0.6884687565423346,1.161043969697836e-13,0.09361941425879895,0.09361934700821614
66.63861715889908,0.9926559026726606,8.361449605727529e-13,0.681290648304,0.6812901641259106,1.1370065012996458e-13,0.09264325361306747,0.09264318777357057
66.92315184340299,0.9893837538008655,8.191283903849758e-13,0.6780743365112815,0.6780738652400783,1.1138670316554456e-13,0.09220589315633247,0.09220582907193955
67.208901438872,0.9861394137407463,8.034608141560685e-13,0.6776732102513774,0.6776727307638425,1.0925619507521617e-13,0.09215134721192583,0.09215128201025982
67.49587113275335,0.9828966561998871,7.916466224308162e-13,0.6781649485695815,0.6781644663507377,1.076496778524118e-13,0.09221821476373805,0.09221814919066323
67.78406613464362,0.979640052678527,7.809674510066273e-13,0.67906050512057,0.6790600350559701,1.0619750294131994e-13,0.09233999431976837,0.09233993039945175
68.07349167638353,0.9763915915597813,7.646515435791526e-13,0.6692666027014,0.6692661418286325,1.0397883348872474e-13,0.09100820004380182,0.09100813737340882
68.36415301215274,0.97319431686632,7.510198429063724e-13,0.667698356135612,0.6676978921751311,1.0212516779442876e-13,0.09079494676536069,0.09079488367509428
68.65605541856533,0.9699833903957814,7.361833695398102e-13,0.665632237485223,0.6656317747565357,1.0010767471971296e-13,0.0905139918533871,0.09051392893062242
68.94920419476551,0.9667587538575794,7.218843878997086e-13,0.6642467734084845,0.6642463174101743,9.816327083601043e-14,0.09032559370033362,0.09032553169277897
69.24360466252392,0.9635934301109941,7.115266673757594e-13,0.6643941990148581,0.6643937424526541,9.675480745589173e-14,0.09034564092668895,0.09034557884245493
69.53926216633417,0.9604298948202245,7.00437096494171e-13,0.6620501865125038,0.6620497397611176,9.52468256126056e-14,0.09002689745755667,0.0900268367074171
69.83618207350979,0.9572528518134453,6.870357342539385e-13,0.6558171889803407,0.6558167599258411,9.342448179521555e-14,0.08917932209074472,0.08917926374706289
70.13436977428188,0.9541025543474685,6.730244397237818e-13,0.6504299722929703,0.6504295322234306,9.15191981753155e-14,0.08844675768071057,0.08844669783918174
70.43383068189677,0.9509881609082736,6.608285960381874e-13,0.6514229760125303,0.6514225368469813,8.98607831619838e-14,0.08858178829599778,0.0885817285773954
70.73457023271439,0.9478604695797704,6.493946616559038e-13,0.6527983016277329,0.6527978689377335,8.830597408687022e-14,0.0887688078009432,0.08876874896289891
71.03659388630692,0.9447267423596695,6.39175953458833e-13,0.650158737926355,0.6501583111117837,8.691641387867442e-14,0.08840987469357803,0.08840981665448608
71.33990712555791,0.9416329473193094,6.292240668540176e-13,0.6479843783480757,0.6479839497900326,8.556313659980149e-14,0.08811420096554726,0.08811414268937458
71.64451545676187,0.938525942341029,6.17013300101238e-13,0.6418637893941039,0.6418633738234012,8.390269231819586e-14,0.08728191114014645,0.08728185463001806
71.95042440972402,0.9354056710208151,6.051206900687916e-13,0.6387327545036314,0.6387323382437162,8.228551161844609e-14,0.08685614680571517,0.0868560902018663
72.25763953786101,0.932349368575176,5.929499397128343e-13,0.6367330269522028,0.6367326078885949,8.063050884584798e-14,0.08658421988705685,0.08658416290195628
72.56616641830148,0.9292949524588154,5.819512542043315e-13,0.6351031557317919,0.635102745081888,7.913488577585404e-14,0.0863625867658551,0.08636253092486672
72.87601065198741,0.9262274945453246,5.736921531924316e-13,0.6349693982112339,0.6349689918694656,7.801179683933897e-14,0.08634439815291796,0.08634434289775837
73.18717786377577,0.923184374721375,5.654020706183475e-13,0.6346994202166868,0.634699008648997,7.688449496855e-14,0.0863076860097511,0.08630763004396035
73.49967370254063,0.9201531650853558,5.535383093051342e-13,0.6264965187561857,0.6264961180909019,7.527123717485943e-14,0.0851922391997002,0.08519218471644024
73.81350384127576,0.9171090127396251,5.431725427402438e-13,0.624792816788273,0.6247924232689483,7.386167967813522e-14,0.08496056642701892,0.08496051291548067
74.12867397719748,0.9140904646143437,5.326339918574962e-13,0.6239549065593927,0.6239545056863178,7.242862662717225e-14,0.08484662573220329,0.08484657122068749
74.44518983184825,0.9111152155806264,5.236857034065521e-13,0.624151614171607,0.6241512182898925,7.121182061577695e-14,0.08487337442345769,0.08487332059067697
74.76305715120047,0.9081272627787155,5.164816748655173e-13,0.6246342450648643,0.6246338564497032,7.023220252645737e-14,0.08493900352956218,0.08493895068490179
75.08228170576078,0.9051430083070008,5.066908871654559e-13,0.6177631418912284,0.61776276032048,6.890083179617289e-14,0.08400465729201824,0.0840046054052711
75.4028692906748,0.9021936025257918,4.981382558669677e-13,0.6162575025577078,0.6162571161251325,6.773782802910612e-14,0.08379991746919463,0.08379986492132659
75.7248257258324,0.8992316033223419,4.879460676215541e-13,0.6120017544804297,0.6120013749191759,6.635187405653576e-14,0.08322121240489044,0.08322116079139834
76.04815685597333,0.8962714039818374,4.786730095147311e-13,0.6117222402635174,0.611721859883233,6.509090522319316e-14,0.08318320350729244,0.08318315178242693
76.37286855079319,0.8933814698979406,4.708514974158543e-13,0.6121521094419812,0.6121517314733691,6.402732049497509e-14,0.0832416579707729,0.08324160657385138
76.69896670505022,0.890479196325053,4.637121522470136e-13,0.6105324429079865,0.6105320707625029,6.305649817889804e-14,0.08302141250306978,0.08302136189798884
77.02645723867218,0.8875671762996848,4.559053841337699e-13,0.6070807582498096,0.6070803956772676,6.199491836708926e-14,0.08255204557725646,0.08255199627392308
77.3553460968638,0.8846729543475985,4.467850524954365e-13,0.6010430829506236,0.6010427176964177,6.075471758184615e-14,0.0817310305150825,0.08173098084709116
77.68563925021478,0.8817663745981099,4.382798409919149e-13,0.5993795859309945,0.5993792206780574,5.959816205255033e-14,0.08150482489101042,0.0815047752231916
78.01734269480812,0.8788525870941308,4.2973582496309884e-13,0.5983131995115083,0.5983128406087294,5.843632980694092e-14,0.08135981555064163,0.08135976674632991
78.35046245232905,0.876021069155203,4.2240334934542176e-13,0.5972122147841638,0.5972118612102871,5.743924522938045e-14,0.08121010146374874,0.08121005338407174
78.68500457017419,0.8731774611535195,4.1638692853313043e-13,0.5969501304297106,0.5969497752809815,5.662112039449011e-14,0.08117446271341794,0.08117441441958936
79.02097512156149,0.8703259064910397,4.088426910351967e-13,0.5918754898091471,0.5918751422120299,5.559524001644854e-14,0.0804844030169046,0.08048435574995917
79.35838020564046,0.8675254442931842,4.015725782802298e-13,0.5895569001046187,0.5895565479422036,5.460663566464852e-14,0.08016911659024367,0.0801690687025
79.69722594760282,0.8647130246348966,3.9331390891598146e-13,0.5854225560679953,0.5854222116115669,5.3483605424437255e-14,0.0796069202881778,0.07960687344830947
80.03751849879374,0.8618923483098913,3.8563703436726595e-13,0.5843992542325163,0.5843989108221347,5.243968879716101e-14,0.07946776967499529,0.0794677229773705
80.37926403682354,0.8590900348980469,3.7947982093237055e-13,0.5846604724105653,0.5846601271364924,5.1602418702204026e-14,0.07950329064094072,0.07950324368988748
80.7224687656798,0.8562757561214255,3.7436572597166964e-13,0.5854851975353424,0.5854848597111503,5.0906993926265934e-14,0.07961543839914935,0.07961539246114566
81.0671389158399,0.8534696025648646,3.674816830957333e-13,0.5802154772635297,0.5802151404763908,4.9970888122338876e-14,0.07889885138474251,0.07889880558775937
81.41328074438432,0.8507350821193638,3.6054168099416184e-13,0.57630238882098,0.5763020575517692,4.9027172871921684e-14,0.07836674185719217,0.07836669681054786
81.7609005351101,0.8479888857726303,3.536041182321493e-13,0.574319343163489,0.5743190137604666,4.8083789327735824e-14,0.07809708337555799,0.07809703858268166
82.1100045986449,0.8452419641305698,3.470217705735797e-13,0.5744064442645466,0.5744061146308657,4.718870863784188e-14,0.07810892755603417,0.07810888273179245
82.4605992725617,0.8425073256740188,3.4148404658322844e-13,0.57463858602406,0.5746382581678114,4.6435677946235555e-14,0.0781404946529176,0.07814045007037466
82.81269092149364,0.8397610108123496,3.360163587587819e-13,0.571884353537222,0.5718840284130456,4.569217091137713e-14,0.07776596865667404,0.07776592444564369
83.1662859372498,0.8370362268769015,3.3028380176101406e-13,0.5686696632354951,0.5686693391238768,4.4912646440994865e-14,0.0773288286935001,0.07732878462015942
83.52139073893095,0.8343374303841248,3.240329802667708e-13,0.5647115148887858,0.5647111942704326,4.406264733646761e-14,0.07679059183081134,0.07679054823249178
83.87801177304638,0.8316271105248475,3.174283812239937e-13,0.5612186772643002,0.5612183559141165,4.3164540859216215e-14,0.07631562884301749,0.07631558514518215
84.23615551363075,0.8289524491991325,3.115665975817164e-13,0.5613302510390763,0.5613299415380812,4.2367443893408294e-14,0.07633080086620449,0.07633075877964532
84.59582846236168,0.8262908693785236,3.064347535560546e-13,0.561106763819647,0.5611064529042906,4.166960556441373e-14,0.0763004106308469,0.07630036835196008
84.95703714867774,0.8236179250997847,3.0237913714725606e-13,0.562232774381815,0.5622324662963442,4.11181148013261e-14,0.07645352778039477,0.07645348588632139
85.319788129897,0.8209655466517519,2.962819122194855e-13,0.5547592013896342,0.5547588956501728,4.0289002062547817e-14,0.0754372565019999,0.07543721492694155
85.68408799133614,0.8183061576632462,2.908768885239281e-13,0.551817457042358,0.5518171533854693,3.955401622022236e-14,0.07503723227106711,0.07503719097920111
86.04994334642981,0.8156454022403484,2.852813193249875e-13,0.5499764270682852,0.5499761250349634,3.879311962242316e-14,0.07478688536373486,0.07478684429264472
86.41736083685092,0.8130367380583585,2.8000246733692876e-13,0.5498740016740824,0.5498736951095158,3.8075290859129545e-14,0.07477295735548292,0.07477291566822511
86.78634713263105,0.8104169353583196,2.754950993311412e-13,0.5503380874460927,0.5503377929027655,3.746237001788929e-14,0.07483606465921826,0.07483602460663243
87.15690893228167,0.8078016374740284,2.7097661608972004e-13,0.5471319514346726,0.5471316565780724,3.6847937704861874e-14,0.07440008792540664,0.07440004783022133
87.52905296291557,0.805196629259591,2.6683437474302374e-13,0.5464044262378336,0.546404135852151,3.628466751090893e-14,0.07430115760618321,0.07430111811896213
87.90278598036915,0.802580498137416,2.6154533865003805e-13,0.5413029859152335,0.5413026956067265,3.5565453892828416e-14,0.07360745363303299,0.07360741415630642
88.27811476932499,0.8000088195685902,2.5627257045527024e-13,0.537918720342514,0.5379184255801142,3.484845241581295e-14,0.07314725448817767,0.07314721440580191
88.65504614343492,0.7974456862246425,2.514814040283439e-13,0.5376342810249537,0.5376339949663316,3.419694010238679e-14,0.0731085758656252,0.07310853696680641
89.03358694544393,0.7948749674655256,2.4743209845685326e-13,0.53848010255401,0.538479815102558,3.364630749947306e-14,0.07322359235472987,0.07322355326651131
89.41374404731425,0.7923279148829945,2.4415007676012863e-13,0.5394796487047293,0.5394793617455489,3.320001167966375e-14,0.07335951262278223,0.07335947360150373
89.7955243503501,0.7897699868526543,2.3931409511675744e-13,0.5326157239992855,0.5326154461822062,3.254240530421991e-14,0.07242614252758067,0.07242610474946323
90.17893478532307,0.7872369238954001,2.349127968354727e-13,0.5295322682258251,0.5295319867721843,3.1943908034493875e-14,0.07200684809584808,0.07200680982322377
90.56398231259777,0.7847341149681145,2.304887034120567e-13,0.5277167037012502,0.5277164296205977,3.1342311036129466e-14,0.07175996403084615,0.07175992676081544
90.95067392225843,0.7822206195053202,2.2607560907448405e-13,0.5268309925929072,0.5268307119224818,3.074220971527337e-14,0.07163952327763401,0.07163948511151289
91.33901663423548,0.779730293540893,2.2224459650306854e-13,0.5269949369658287,0.5269946629176391,3.022126102746733e-14,0.07166181675862748,0.07166177949301113
91.72901749843332,0.7772342880100267,2.1881773441667677e-13,0.5252009215681427,0.5252006474008427,2.975526952419788e-14,0.07141786298663998,0.07141782570482676
92.12068359485808,0.7747396933523941,2.155952503499681e-13,0.5250375819501831,0.5250373129082705,2.931706974940375e-14,0.07139565174142569,0.07139561515657279
92.51402203374623,0.7722616611873987,2.1133691353170059e-13,0.5198426485646411,0.5198423803263298,2.8738012662965385e-14,0.07068923439614458,0.07068919792056698
92.90903995569367,0.7697730482791298,2.0693955197146977e-13,0.5156018624238863,0.5156015943378794,2.814005071637627e-14,0.070112563885644,0.07011252743077707
93.30574453178531,0.7673349583561097,2.0323166938811328e-13,0.5159814633544078,0.5159812006426356,2.7635845488559768e-14,0.07016418277306834,0.07016414704900051
93.70414296372533,0.7649047279212755,1.9990987556274127e-13,0.5175136376876663,0.5175133694178176,2.7184141375813834e-14,0.07037253087778526,0.07037249439791916
94.10424248396772,0.7624641208477969,1.9706415375013134e-13,0.517340541024939,0.5173402802537969,2.679717447959391e-14,0.07034899285027153,0.07034895739009442
94.50605035584789,0.7600130928293278,1.932457862149355e-13,0.5111284626147875,0.5111282042170427,2.6277945288892902e-14,0.06950426210716125,0.06950422696972343
94.9095738737143,0.7575515993703428,1.8959337598509954e-13,0.5070714033810659,0.5070711499611902,2.5781283301730752e-14,0.06895257514587892,0.0689525406853416
95.31482036306092,0.7551425598579405,1.861814855778464e-13,0.5061348806169075,0.5061346214187981,2.531732767708507e-14,0.06882522492293028,0.06882518967665727
95.72179718066026,0.7527413966341044,1.8266705393006644e-13,0.5051201366687185,0.5051198799707088,2.4839428291174537e-14,0.068687238028235,0.06868720312193052
96.13051171469691,0.7503430320547579,1.7950619295620381e-13,0.5057809811658665,0.5057807277247751,2.4409608146767478e-14,0.06877710097366144,0.06877706651023917
96.54097138490168,0.7479623659675703,1.7659148827903128e-13,0.5034481515857941,0.5034478960190538,2.4013260823805257e-14,0.06845987818048099,0.06845984342800876
96.95318364268613,0.7455715348724206,1.7390741777414532e-13,0.5026035188729487,0.5026032661861863,2.3648275593025236e-14,0.06834502334896259,0.06834498898811546
97.36715597127814,0.7432439265608425,1.7079379694128814e-13,0.4994359305144189,0.49943568180225406,2.322487925668714e-14,0.06791428840144553,0.06791425458107207
97.78289588585754,0.7409157830391978,1.6713692328088534e-13,0.49384529677884953,0.4938450545798212,2.2727610323383843e-14,0.06715406293774444,0.0671540300030402
98.20041093369261,0.7385776987713214,1.6413236692280708e-13,0.4939710489686544,0.4939708035010887,2.2319044790642237e-14,0.0671711629699282,0.06717112959076176
98.61970869427707,0.7362296313120484,1.6134678013102501e-13,0.49529793621531437,0.49529768688484155,2.1940255173824943e-14,0.06735159572944761,0.06735156182499541
99.04079677946771,0.7338756177129275,1.5893690696884967e-13,0.495276359120988,0.49527611892808493,2.1612555841543614e-14,0.06734866163336559,0.06734862897145824
99.4636828336226,0.7315497444150757,1.5611792569369763e-13,0.49099221500418955,0.49099197390363747,2.12292251766438e-14,0.06676609521928736,0.0667660624339561
99.88837453373964,0.729213940064432,1.533931923621065e-13,0.488326602777769,0.4883263598791278,2.0858710534038664e-14,0.06640361998182281,0.06640358695198383
100.31487958959622,0.7268996502161804,1.5043792558601435e-13,0.4852553248380808,0.48525508594686706,2.0456847496415386e-14,0.06598598151607979,0.06598594903117873
100.74320574388925,0.724586688982998,1.477517016369534e-13,0.4852108076433014,0.48521057587807714,2.009156943602536e-14,0.06597992797963927,0.0659798964637444
101.17336077237523,0.7222985239836488,1.4499061833968482e-13,0.484535937931447,0.4845356989923074,1.9716111852991696e-14,0.06588815785769976,0.06588812536628166
101.60535248401176,0.7200521670831389,1.4255373354227052e-13,0.483032099450735,0.4830318631299798,1.93847394249763e-14,0.06568366291841281,0.06568363078304781
102.03918872109953,0.7177962186502824,1.4070641003324504e-13,0.48455308513553186,0.48455285810756055,1.9133536710278732e-14,0.0658904895685206,0.06589045869680678
102.47487735942404,0.715530637730995,1.377854252884051e-13,0.47778075316120105,0.4777805233262591,1.8736335411259347e-14,0.06496957443455878,0.06496954318114753
102.91242630839933,0.7132553831963234,1.352730023578936e-13,0.4755357133973246,0.475535476927485,1.8394691158084746e-14,0.06466428947470503,0.06466425731906722
103.35184351121082,0.7110055980928248,1.3264956682386541e-13,0.47340559863279486,0.4734053716887232,1.8037951190904015e-14,0.06437463224420212,0.06437460138389714
103.79313694496022,0.7087550015807028,1.303822924900432e-13,0.47470285075659346,0.47470262685977455,1.772964273012948e-14,0.0645510351609372,0.06455100471500369
104.23631462080976,0.7065184268959511,1.282085049393528e-13,0.4743560187052708,0.47435579120456495,1.7434046787544816e-14,0.06450387225069938,0.06450384131470219
104.68138458412784,0.7042930770793608,1.2605733844086413e-13,0.4712659958307722,0.4712657748646014,1.7141526900504628e-14,0.06408368481154256,0.06408365476412439
105.12835491463541,0.7020710609182865,1.2395129244797006e-13,0.46907652487010365,0.46907630784950716,1.6855142589306205e-14,0.06378595620776294,0.06378592669687179
105.57723372655192,0.6998715547398956,1.2168696456609315e-13,0.46634863300298224,0.46634841236892033,1.654723479291112e-14,0.06341501206123183,0.06341498205897449
106.02802916874353,0.697665459990031,1.192028324860207e-13,0.4628006691959884,0.4628004392545995,1.6209437585690658e-14,0.06293255290580445,0.06293252163791833
106.48074942487008,0.6954924027606235,1.1705042822592508e-13,0.46283990347376003,0.46283968607012094,1.5916749385372214e-14,0.06293788806071222,0.06293785849773419
106.93540271353459,0.693310066975034,1.1502050600515667e-13,0.4628644605103329,0.462864242530651,1.5640716535689627e-14,0.06294122737525129,0.06294119773394181
107.39199728843167,0.6911184130155279,1.1344984211171692e-13,0.4634736100140092,0.4634733911261934,1.5427134544239927e-14,0.06302406073293475,0.06302403096813541
107.85054143849771,0.6889174010952109,1.1143098613000079e-13,0.4598049327538239,0.45980471680368384,1.5152606503692202e-14,0.06252518672272202,0.06252515735739367
108.3110434880617,0.6867691999549161,1.0936441131078876e-13,0.4565746420784451,0.4565744302134438,1.4871589560977306e-14,0.06208592538979748,0.062085896579974396
108.77351179699546,0.6846418457338208,1.0730219867749839e-13,0.45444877023330893,0.45444856028632685,1.45911657969559e-14,0.06179684511988901,0.06179681657088199
109.23795476086646,0.6825054081000143,1.0530190163978969e-13,0.4536713047328407,0.45367108530647515,1.4319161438423703e-14,0.06169112381912759,0.0616910939810952
109.7043808110892,0.6803598482689898,1.0349706588888785e-13,0.45430943802082857,0.4543092324930361,1.4073736293345062e-14,0.06177789844928752,0.06177787050121067
110.17279841507927,0.6782224071321433,1.018667094973793e-13,0.4532811815775548,0.45328097592703376,1.3852037197615196e-14,0.06163807409871024,0.06163804613394451
110.6432160764062,0.676105527656172,1.0005918671048232e-13,0.4494770693936294,0.44947686431979283,1.3606246664052529e-14,0.06112078337894874,0.06112075549260171
111.11564233494825,0.6739911737262277,9.840489853325193e-14,0.4481346890115164,0.4481344759878487,1.3381293276634433e-14,0.06093824383214168,0.06093821486476085
111.59008576704767,0.6719036226249903,9.657371196218892e-14,0.4459807753844093,0.44598057598660457,1.3132284894766648e-14,0.060645350385103367,0.06064532327059439
112.06655498566569,0.6698138135616375,9.468813927713484e-14,0.44391105521654006,0.4439108547378656,1.287588098125015e-14,0.06036390573163965,0.06036387847015188
112.5450586405398,0.6677562478456788,9.310975632334208e-14,0.4453606618746544,0.44536044850939344,1.2661249336663832e-14,0.06056102612012758,0.060560997106296206
113.02560541833978,0.665689896701139,9.143645408876919e-14,0.4429946781512508,0.4429944777856767,1.2433710380016249e-14,0.06023929496077977,0.06023926771467159
113.50820404282638,0.6636147226158466,9.013104575956392e-14,0.4429599512871558,0.44295974750413486,1.2256198366293125e-14,0.06023457273292364,0.06023454502210427
113.99286327500887,0.6615306879174618,8.850332711157102e-14,0.43959883448695947,0.43959863780592345,1.2034857956158157e-14,0.059777521404068786,0.059777494658991404
114.47959191330439,0.6594857139641216,8.676683559352858e-14,0.43585580681453984,0.4358556017103654,1.1798726395416167e-14,0.05926853707733549,0.05926850918686305
114.96839879369809,0.657432725066468,8.515295477717239e-14,0.43445282397894824,0.43445263315056337,1.1579267681072806e-14,0.05907775668870685,0.059077730739484594
115.45929278990269,0.6554168995613989,8.368334335622958e-14,0.43516086804930254,0.4351606759380944,1.137942700525846e-14,0.05917403792571246,0.059174011802049335
115.95228281352048,0.653395640464566,8.225833502737236e-14,0.43531608113810616,0.435315877355354,1.1185651546370692e-14,0.059195144109374154,0.05919511639859133
116.44737781420422,0.6513657509617627,8.089391887845517e-14,0.4327241119720584,0.432723914238504,1.1000115532288347e-14,0.058842683001321096,0.058842656113120194
116.9445867798205,0.649327194202736,7.961032821328854e-14,0.43144349474539895,0.4314433103951729,1.0825570327793869e-14,0.05866854213089228,0.058668517062582914
117.4439187366121,0.6473243250535516,7.816061780911333e-14,0.42868164918458307,0.4286814603095903,1.0628435831710814e-14,0.058292980893749596,0.058292955210153465
117.94538274936222,0.6453184690025511,7.660477229128003e-14,0.42565311763554914,0.42565291871680166,1.0416868872366513e-14,0.057881155166989974,0.057881128117624164
118.44898792155935,0.6433489471059185,7.522469542149293e-14,0.42534451798086126,0.42534432877218076,1.0229203282399154e-14,0.057839191173875835,0.057839165444904195
118.95474339556175,0.6413765007573091,7.385277262449569e-14,0.42473613134417126,0.42473594041674223,1.0042646499422367e-14,0.05775646155235824,0.057756435589667754
119.46265835276436,0.6394418982594954,7.289526469552241e-14,0.4269270375114125,0.4269268521166849,9.912442672140692e-15,0.05805438531837417,0.058054360108031396
119.97274201376449,0.6375035803476949,7.150527718532027e-14,0.42202171145970013,0.42202152021594086,9.723429413633152e-15,0.05738734935274795,0.057387323347042246
120.48500363853022,0.6355569861735851,7.019941081378792e-14,0.41887780489432214,0.4188776279843586,9.545855114405923e-15,0.05695983470243362,0.05695981064586591
120.99945252656761,0.6336020803990431,6.896704093800336e-14,0.4176961921977783,0.41769600975631893,9.37827501444179e-15,0.05679915666437331,0.0567991318556218
121.51609801708992,0.6316388275350584,6.772249618598632e-14,0.41726633347456443,0.4172661387633667,9.209039350660185e-15,0.05674070362261847,0.056740677145403616
122.03494948918751,0.629674181838925,6.645262168784666e-14,0.41636040778709077,0.4163602185503085,9.036359297762373e-15,0.056617514050842976,0.056617488318050004
122.55601636199722,0.62779834109681,6.538235929226718e-14,0.41649864023184924,0.4164984596420639,8.89082289447689e-15,0.05663631117284839,0.0566362866158912
123.07930809487442,0.6259065600489646,6.435432557010075e-14,0.41493266816805613,0.4149324901899125,8.751028829957525e-15,0.05642336718569971,0.05642334298387874
123.60483418756365,0.6239621135060145,6.321463810822604e-14,0.4120329944525938,0.4120328061205344,8.596051868461087e-15,0.056029063802722906,0.05602903819295594
124.13260418037216,0.6220358853686974,6.212195596564786e-14,0.41066504912569624,0.41066487299695753,8.447466783511897e-15,0.05584304788401911,0.05584302393368387
124.66262765434212,0.6201808032098026,6.091520642832765e-14,0.4081956247558428,0.4081954501078816,8.283370587986953e-15,0.05550725066040516,0.05550722691142901
125.19491423142507,0.6182983087668698,5.989378393427045e-14,0.4092687602896102,0.40926857581907367,8.14447553137844e-15,0.05565317775871995,0.05565315267405053
125.72947357465686,0.6163738951312352,5.874974286624206e-14,0.40758317198508376,0.4075829897839679,7.988906557882382e-15,0.05542396811791218,0.05542394334184307
126.26631538833225,0.6144945276796703,5.794422288530844e-14,0.40853980148451485,0.40853962843178715,7.879370353224647e-15,0.05555405249460244,0.0555540289625493
126.80544941818202,0.6126614719781811,5.687663930483235e-14,0.4045788927178512,0.4045787215449413,7.734198220530027e-15,0.05501544026453334,0.05501541698810155
127.34688545154899,0.6107859009195785,5.582622285829191e-14,0.40160207538055803,0.40160189440231725,7.591360508756885e-15,0.05461064673885505,0.054610622129074915
127.8906333175666,0.608882783388517,5.480524460092174e-14,0.39984090614892365,0.39984072882947097,7.452525860334167e-15,0.054371159453673594,0.05437113534142273
128.4367028873365,0.6070588804717896,5.380228725448636e-14,0.399241180966121,0.39924101246582133,7.316141731122632e-15,0.05428960763383453,0.05428958472082958
128.98510407410822,0.6052491565554429,5.2847126849872515e-14,0.39910609303682365,0.39910592081847074,7.18625712485938e-15,0.05427123810927829,0.05427121469068509
129.53584683345935,0.6033781207662382,5.194455617777732e-14,0.3980114134736432,0.39801123417069767,7.063523774729318e-15,0.054122381411113966,0.0541223570291438
130.08894116347543,0.6015153882768787,5.1121607541806e-14,0.39655040183059664,0.3965502306937019,6.951617586991953e-15,0.053923710150154555,0.05392368687862017
130.6443971049326,0.5997379292642157,5.0323511770223933e-14,0.39583541213320034,0.39583524970122713,6.843090941046856e-15,0.053826484433007964,0.05382646234518609
131.20222474147872,0.5979326583531203,4.9288753740889795e-14,0.3915036260204686,0.39150345194332925,6.702382491901983e-15,0.05323743956583067,0.053237415894475996
131.7624341998175,0.5960839671406023,4.8420385578290034e-14,0.3909505639940404,0.39095039234738166,6.584300066849605e-15,0.053162233094546055,0.053162209753692964
132.3250356498914,0.5942923894853367,4.753527489196076e-14,0.3903356867676996,0.3903355232167653,6.463940960213739e-15,0.05307862086977445,0.05307859862979402
132.8900393050667,0.5925408781542932,4.672001274939562e-14,0.39045659960219914,0.390456440072113,6.353079997094966e-15,0.05309506283682552,0.053095041143607996
133.45745542231927,0.5907361426485783,4.6018553540475166e-14,0.39009562495388483,0.3900954552206183,6.2576941826074e-15,0.05304597678819867,0.05304595370753243
134.02729430241985,0.5889153876624984,4.519025472184612e-14,0.38683929827837227,0.3868391295263796,6.1450604664208036e-15,0.052603175028336696,0.05260315208110604
134.59956629012214,0.5871413445006214,4.439447954625423e-14,0.38475398589193965,0.38475382283657744,6.036849379721069e-15,0.05231961011406748,0.05231958794147593
135.1742817743495,0.5853771546769514,4.355876250552615e-14,0.3825279934111048,0.3825278200449598,5.923206918980309e-15,0.052016915241539674,0.052016891666867425
135.7514511883846,0.5836456464348462,4.2818257418039146e-14,0.38300318180421566,0.38300301711721174,5.822511568482538e-15,0.05208153230171296,0.05208150990724754
136.33108501005793,0.5819067449698262,4.2041420481144605e-14,0.38257715664063957,0.38257699433560866,5.716875741042549e-15,0.05202360055500106,0.05202357848444105
136.9131937619384,0.5801604187141849,4.1287690082047295e-14,0.3808378153577938,0.3808376577320932,5.6143819864412204e-15,0.05178708147758896,0.05178706004333356
137.49778801152476,0.5784066359654257,4.0747546794149495e-14,0.381942280739382,0.3819421106325168,5.5409322308447165e-15,0.051937268870749356,0.05193724573928044
138.0848783714365,0.5766538527228341,3.999130219407945e-14,0.378591728979063,0.3785915625811778,5.438096590208504e-15,0.05148165419697148,0.051481631569857016
138.67447549960764,0.5749440210511378,3.9195610143359946e-14,0.3748984932226339,0.37489833605395134,5.329896806993785e-15,0.050979440673730746,0.05097941930162157
139.26659009947898,0.5732268887115111,3.8508428565433766e-14,0.37431781900550437,0.3743176688539922,5.236452493086755e-15,0.05090047944198917,0.05090045902408875
139.86123292019366,0.5715024245314384,3.778775441468672e-14,0.37325636296791614,0.37325620285637584,5.138453792699121e-15,0.050756140544729676,0.05075611877244487
140.4584147567913,0.5698164386809844,3.718325458535002e-14,0.3746143431127286,0.3746141819261949,5.056252706954426e-15,0.05094080137820883,0.050940779459744276
141.05814645040437,0.5681313752938274,3.660528736494643e-14,0.3739412327464417,0.3739410805143125,4.97765957799664e-15,0.05084927049556903,0.05084924979474218
141.66043888845527,0.5663847272234798,3.5915709535714806e-14,0.3699117521747795,0.3699116078407704,4.8838894170844244e-15,0.050301333735452446,0.05030131410862761
142.26530300485337,0.5646836818868959,3.530175505471349e-14,0.3683940300242779,0.3683938732700831,4.80040266905423e-15,0.05009495086721094,0.05009492955146463
142.87274978019414,0.5630435755934758,3.464937569994286e-14,0.3665852876752777,0.3665851264743835,4.711690830477846e-15,0.04984899449517463,0.04984897257475731
143.48279024195784,0.561348187322518,3.404419452257933e-14,0.36624940914549786,0.3662492529390451,4.6293970936770925e-15,0.049803321066521175,0.04980329982525791
144.09543546471045,0.5596423242452818,3.3419243228877845e-14,0.3655508640094378,0.3655507043761285,4.544414977245094e-15,0.049708331513440875,0.04970830980618686
144.71069657030398,0.5579811192601792,3.284922296401736e-14,0.36518755785731055,0.3651873994717652,4.4669024910638756e-15,0.04965892842230128,0.04965890688472069
145.3285847280787,0.5563456797069953,3.240089134404663e-14,0.3658062642518817,0.3658061070744547,4.4059374681693114e-15,0.04974306134496354,0.04974303997166528
145.94911115506633,0.5547323109968275,3.182215946057388e-14,0.36309050516714825,0.363090354348455,4.327240358810766e-15,0.04937376703824544,0.0493737465296204
146.57228711619268,0.5531120534978989,3.118609599572961e-14,0.359300683134166,0.3593005293870847,4.240747187307141e-15,0.04885841952155195,0.048858398614718884
147.1981239244833,0.5514848777963434,3.0645357671061124e-14,0.35868945649893186,0.3586893010864165,4.167216517430377e-15,0.04877530371139952,0.04877528257809744
147.82663294126775,0.5498507543527038,3.007823451746532e-14,0.3576764541313333,0.35767630414446605,4.090097986184994e-15,0.04863755364028714,0.04863753324477546
148.4578255763869,0.5482096535013941,2.960072621713193e-14,0.3591061371319905,0.35910599181293323,4.025165460426338e-15,0.04883196477031792,0.048831945009544284
149.0917132883992,0.5465707167790019,2.912306666886131e-14,0.35856123974980997,0.35856108893508504,3.960212367673196e-15,0.048757868543551686,0.04875784803546626
149.72830758478898,0.5449792310380276,2.8579726945987446e-14,0.354827978774755,0.35482782330370033,3.886327954508909e-15,0.048250212311697085,0.04825019117043471
150.36762002217586,0.5433809499445604,2.8140128359322198e-14,0.35460685091641075,0.35460670704362013,3.8265504668041286e-15,0.048220142906939364,0.04822012334283194
151.00966220652353,0.5417758444836912,2.7630196935260944e-14,0.3528248203517871,0.35282467156175057,3.757208980373656e-15,0.04797781885632213,0.04797779862355785
151.6544457933516,0.540163885516621,2.7100877664307782e-14,0.350875084890658,0.35087493553947713,3.6852310960693995e-15,0.04771268996125593,0.04771266965218614
152.3019824879461,0.5385752420289294,2.663768543532167e-14,0.3512209557497116,0.3512208051672422,3.622245298086723e-15,0.0477597221666626,0.047759701690159743
152.95228404557295,0.5370145182906249,2.6148839736899112e-14,0.35013045829327916,0.3501303144111212,3.555771090449559e-15,0.047611434159668564,0.047611414594287346
153.60536227169058,0.5354471305479426,2.577375217066514e-14,0.3505849857867555,0.35058484179605437,3.504765939252743e-15,0.047673241709731175,0.04767322212959004
154.26122902216443,0.5338730503468053,2.5308426319840335e-14,0.3476267280638264,0.34762658077723374,3.4414900071406634e-15,0.04727097195722483,0.04727095192890183
154.91989620348286,0.5322922491116412,2.4859096149092874e-14,0.3455621380994358,0.3455619891187669,3.380389199330976e-15,0.04699022491900527,0.046990204660318426
155.58137577297217,0.5307628357221641,2.4406083854324592e-14,0.34409820258303797,0.34409806199432585,3.3187876889938947e-15,0.04679115606394841,0.0467911369464165
156.24567973901478,0.5292103686263646,2.398754693902537e-14,0.34395078031141346,0.34395063636796896,3.2618742091347154e-15,0.04677110929105886,0.04677108971734379
156.9128201612661,0.5276092316129614,2.354936911589727e-14,0.34339695563123324,0.34339680507259973,3.202289919673627e-15,0.04669579911260443,0.04669577863934283
157.58280915087477,0.5261178198680755,2.3144815080260716e-14,0.34286891143826675,0.34286876570276004,3.147277859524309e-15,0.04662399461593376,0.046623974798530504
158.25565887070124,0.5246119845973871,2.275506840999546e-14,0.3407855590329325,0.3407854236719577,3.0942793342867798e-15,0.04634069622378168,0.04634067781712785
158.93138153553917,0.5230578224682599,2.2395957858499274e-14,0.3399404760875341,0.3399403372789736,3.0454467692424628e-15,0.04622578016874772,0.04622576129328435
159.6099894123377,0.521558023292857,2.198594110510965e-14,0.33772440513219926,0.3377242588736137,2.98969187789845e-15,0.04592443444493554,0.04592441455640298
160.29149482042286,0.5200587113950697,2.1593501637045593e-14,0.33673922158900815,0.33673908099179767,2.9363271806754036e-15,0.04579046723274133,0.045790448114053785
160.9759101317226,0.5185529977102102,2.122951385727112e-14,0.3370001146498392,0.3369999785152003,2.8868314004564197e-15,0.04582594398860261,0.04582592547674441
161.66324777099018,0.5170408549038216,2.0836704368821282e-14,0.33599305820295666,0.33599292172618866,2.833416387127425e-15,0.04568900245558221,0.045688983897200615
162.35352021603083,0.5155222555247322,2.0505546661506323e-14,0.33615265541252626,0.336152512688951,2.78838490527592e-15,0.04571070480068103,0.0457106853928462
163.04673999792726,0.5140018460043527,2.0173208562848255e-14,0.33461450797375525,0.33461437174900466,2.7431929114684174e-15,0.045501544461229594,0.04550152593711783
163.74291970126762,0.512539868627338,1.9816656605538836e-14,0.332469865372217,0.3324697230218653,2.6947082691362757e-15,0.04520991170663609,0.04520989234955292
164.44207196437446,0.5110716488748136,1.9464595044112388e-14,0.330867325414163,0.330867186833307,2.646834239742452e-15,0.044991995144697865,0.04499197630019821
165.14420947953295,0.5095971600929808,1.9116088591447772e-14,0.32992400512558706,0.32992386568123827,2.5994436410891854e-15,0.04486372058089686,0.04486370161897774
165.84934499322264,0.5081163755142325,1.8757179486425588e-14,0.328723273808041,0.32872314224015886,2.5506384691359483e-15,0.04470044275483322,0.044700424863971654
166.5574913063476,0.5066850173873049,1.8463237262127897e-14,0.32995677407423196,0.3299566332332642,2.510667622477491e-15,0.044868176567526806,0.04486815741569267
167.26866127447005,0.505235811323613,1.8138008051104992e-14,0.32816780459222433,0.3281676705590233,2.466442309310227e-15,0.044624908949161206,0.04462489072306069
167.98286780804264,0.5037359776031105,1.7832928147529754e-14,0.32624998876669364,0.32624985199202516,2.424956938933384e-15,0.044364120549452365,0.044364101950561674
168.70012387264322,0.5022997522547136,1.750423453173899e-14,0.3237273280460742,0.3237271951487894,2.3802605291345632e-15,0.04402108414127348,0.044021066069637106
169.42044248921084,0.5008591150215783,1.7214004321540287e-14,0.32328460338301623,0.32328446628565166,2.3407944495156125e-15,0.04396088156350063,0.04396086292072907
170.14383673428088,0.4994267102048663,1.6900545852231552e-14,0.32219167567151896,0.32219154211492673,2.2981697451524676e-15,0.04381226308560276,0.04381224492431245
170.87031974022383,0.4980463924935747,1.6598094394713984e-14,0.3216484014875212,0.3216482670320178,2.257041796083748e-15,0.04373838758454483,0.043738369301018806
171.59990469548228,0.49660019060903543,1.6322443055818758e-14,0.3219905238782083,0.321990391808592,2.2195581803000528e-15,0.04378491006578839,0.04378489210670002
172.33260484481175,0.4951680507948577,1.606206268245169e-14,0.3212812361413643,0.32128110087884965,2.1841511406969685e-15,0.04368845971254685,0.04368844131928184
173.06843348951995,0.4937699763699121,1.5794070852005883e-14,0.31966138714281966,0.3196612568430569,2.147709080063923e-15,0.043468189432952345,0.043468171714532176
173.80740398770868,0.4923659324233535,1.5496503233202312e-14,0.3169563156970542,0.3169561836295257,2.1072452450700297e-15,0.04310034845257873,0.04310033049377428
174.54952975451695,0.49095589346641777,1.52246465991418e-14,0.3158115260601734,0.31581139531184205,2.070277640776092e-15,0.042944677687205425,0.04294465990778801
175.29482426236325,0.48956931632774614,1.494996799729219e-14,0.3149606037542242,0.31496047214199885,2.032926299705163e-15,0.04282896758434212,0.04282894968745068
176.04330104119157,0.488217728021736,1.471262477398703e-14,0.31610225118644764,0.31610212316623304,2.000651897458868e-15,0.04298421106649394,0.04298419365805124
176.79497367871545,0.48678955001044066,1.4447898951592482e-14,0.31510238295423165,0.31510225562267224,1.9646539550783605e-15,0.04284824700116084,0.04284822968636284
177.54985582066635,0.4854102595228006,1.4208703579779889e-14,0.3137569894583316,0.31375686163744104,1.932127694004514e-15,0.042665297725164864,0.042665280343826655
178.30796117103986,0.48404566989212827,1.398737060638204e-14,0.3130944375249242,0.3130943050711461,1.9020303972949875e-15,0.042575202599169394,0.042575184587841944
179.06930349234514,0.48267525371377873,1.3715096976176542e-14,0.3099696080228533,0.3099694820689076,1.865006089038193e-15,0.04215028208576059,0.04215026495829324
179.8338966058553,0.4812989861094604,1.3476031060759472e-14,0.3089757339264422,0.30897560728958945,1.8324974317017707e-15,0.042015133114902875,0.04201511589457247
180.60175439185704,0.47997701753384303,1.3258323060618434e-14,0.30958189340001874,0.3095817554644673,1.8028930660453967e-15,0.042097559882363,0.04209754112561315
181.372890789904,0.4786287965781728,1.2996264964615971e-14,0.30765791089888533,0.30765777944313155,1.7672578863907938e-15,0.04183593292587487,0.04183591505026074
182.14731979906853,0.47724955634158356,1.279895242186609e-14,0.30885614774210096,0.3088560246001447,1.7404269354823649e-15,0.041998871548371584,0.041998854803284136
182.92505547819712,0.4759274056870649,1.2580180624788913e-14,0.3070134895224011,0.30701336407124,1.7106779126087033e-15,0.041748303228969545,0.04174828616987184
183.7061119461644,0.4745996096915205,1.2360898004831352e-14,0.30503059489686957,0.3050304596859551,1.680859427026612e-15,0.041478665284960754,0.04147864689871243
184.49050338213007,0.4732661442503789,1.2164149872797562e-14,0.3047597161728817,0.3047595888373279,1.6541052258067969e-15,0.04144183065881806,0.0414418133434769
185.2782440257967,0.4719269851561456,1.1943537136977957e-14,0.30322279314953,0.30322267085765425,1.624105868431663e-15,0.04123283681780382,0.04123282018831201
186.06934817766717,0.47058904291573256,1.1709110218255747e-14,0.3012835896912337,0.3012834652867763,1.5922280310666902e-15,0.040969140085371766,0.0409691231686069
186.86383019930554,0.4693178716811111,1.1533103347622188e-14,0.30289317348071176,0.3028930388640392,1.5682942677098342e-15,0.04118801448147761,0.041187996176035475
187.66170451359633,0.4680412727782458,1.1328507424041312e-14,0.3019885422997432,0.30198841418817424,1.540472908230311e-15,0.04106500093926418,0.041064983518398934
188.46298560500801,0.4667129244714864,1.114279302314798e-14,0.3007024368406934,0.3007023189641784,1.5152190956550316e-15,0.040890113768109686,0.040890097739027374
189.26768801985443,0.46537169916823296,1.0937851994789656e-14,0.29804161083941194,0.29804149085113585,1.4873508081433982e-15,0.040528289371032436,0.04052827305478867
190.0758263665595,0.4640786778135048,1.0754160887010061e-14,0.2971745901403253,0.29717445411589016,1.462372126978679e-15,0.040410390176741105,0.04041037167986862
190.8874153159231,0.46278013549452307,1.0566741070009088e-14,0.2963230035494827,0.296322877619966,1.4368864085385983e-15,0.040294589743100455,0.040294572618955006
191.7024696013859,0.4615462955979211,1.0383450461136147e-14,0.2959403286760608,0.29594021142807925,1.4119621880095467e-15,0.04024255285482373,0.04024253691121065
192.52100401929846,0.4602663935691224,1.0192462981271373e-14,0.294956800170765,0.2949566811082412,1.3859913316972232e-15,0.04010881069796508,0.04010879450760695
193.3430334291882,0.45898544985621764,1.0037662138347354e-14,0.2960342021254093,0.2960340680901285,1.364941206047873e-15,0.04025531795265264,0.04025529972626932
194.16857275403092,0.45774714086895363,9.87410031654928e-15,0.2948737159988806,0.2948735930917853,1.3426997451148983e-15,0.04009751274748495,0.040097496034334365
194.99763698052004,0.45650354452921993,9.699651894825065e-15,0.29271631966141637,0.29271620798884,1.3189779027317275e-15,0.039804145714584745,0.03980413052912632
195.83024115933955,0.45517161414505675,9.528808688923075e-15,0.29125060881292675,0.29125049127271313,1.2957463047465675e-15,0.039604835446348886,0.039604819462997515
196.66640040543763,0.45396703943238736,9.354894520304251e-15,0.28971501708329866,0.2897148863866725,1.2720971111602933e-15,0.03939602263729565,0.0393960048649092
197.50612989829972,0.4527408051525504,9.194521953047067e-15,0.2895838465331646,0.28958372532523785,1.2502893313852855e-15,0.039378185805727675,0.039378169323633395
198.3494448822257,0.4514758326766614,9.032478368041098e-15,0.28919429103109967,0.28919417581626133,1.2282543233025386e-15,0.03932521327592118,0.03932519760877895
199.19636066660502,0.45022509506675296,8.882101320862494e-15,0.2891499199841657,0.28914980239690213,1.2078057541727075e-15,0.039319179612954565,0.039319163623205235
200.04689262619618,0.4490296610607057,8.733536472191219e-15,0.2877048818321064,0.2877047519511556,1.1876036113901776e-15,0.03912268045898106,0.03912266279751177
200.90105620140457,0.44774841569789314,8.583138289413349e-15,0.28602818401595376,0.28602806690611904,1.1671521681996386e-15,0.03889467976441554,0.038894663839587944
201.75886689856318,0.4465375863420115,8.441515961783452e-15,0.28525381627429625,0.28525370126633653,1.1478940831979566e-15,0.038789379703041235,0.03878936406403077
202.62034029021487,0.4453315235936992,8.286360156165562e-15,0.2837796718217854,0.2837795543045496,1.1267956890174687e-15,0.038588922616603544,0.03858890663637674
203.48549201539356,0.444120311178449,8.139216999924252e-15,0.2830410745894759,0.28304094270074664,1.1067868707913182e-15,0.038488486700036816,0.03848846876554582
204.3543377799098,0.4429039271081263,8.002807413007469e-15,0.2831807045496619,0.2831805890006145,1.0882376246106391e-15,0.03850747385896185,0.038507458146373214
205.22689335663426,0.44168234930071204,7.87876179579616e-15,0.2840381362683374,0.28403802042432236,1.0713696555529325e-15,0.03862406912467831,0.03862405337197938
206.1031745857857,0.44046587303847856,7.743609253195794e-15,0.28248637860223313,0.28248626106024094,1.0529913447515936e-15,0.03841305803951988,0.038413042055926654
206.98319737521712,0.4393218434122177,7.605000608074915e-15,0.2802392887997729,0.28023915938514943,1.0341430662747587e-15,0.0381074943113535,0.038107476713296326
207.8669777007051,0.4380862312190128,7.472770812504021e-15,0.2789227730736582,0.27892265304724106,1.0161621964113987e-15,0.03792847189176847,0.037928455570338214
208.75453160624048,0.43691910891188734,7.339703536177598e-15,0.27772670828401924,0.27772659270193734,9.98067444253861e-16,0.03776582862942511,0.037765812912344376
209.64587520431814,0.4357603622343864,7.214566732803111e-15,0.2774695017120481,0.2774693912335333,9.810510935374511e-16,0.03773085316963069,0.037730838146543134
210.54102467623133,0.43459666792089924,7.092502344830244e-15,0.2774766224851878,0.2774764923076606,9.644525359611137e-16,0.03773182146648541,0.03773180376468708
211.43999627236346,0.4334280048459275,6.9729315639403444e-15,0.27740725566175684,0.27740713554022556,9.481930640216829e-16,0.03772238882825466,0.03772237249389059
212.342806312485,0.4322543517937695,6.85441385722979e-15,0.27610781976364956,0.27610770266547074,9.320767911978032e-16,0.03754568895755783,0.037545673034315226
213.24947118604828,0.43107568745813724,6.735150280642302e-15,0.2742429277095369,0.2742428183880665,9.158590935087167e-16,0.03729209723725425,0.03729208237150389
214.16000735248545,0.4299079911770175,6.627626075343206e-15,0.2738526826537427,0.273852557197708,9.012377388110328e-16,0.037239030940564,0.037239013880803584
215.07443134150822,0.42880323925603925,6.512463597781769e-15,0.2728275791531124,0.27282745909242395,8.855777167015372e-16,0.037099635333380857,0.03709961900729032
215.99275975340615,0.427609412320572,6.393363864202458e-15,0.27167580202359987,0.27167568758384497,8.693822987096649e-16,0.03694301439490066,0.036942998833155806
216.91500925934992,0.4265019888887801,6.2805826164669156e-15,0.2711656556752266,0.27116554732985315,8.540460809547723e-16,0.03687364368263596,0.03687362894961719
217.8411966016924,0.4253905640779691,6.182405331119028e-15,0.2720393628219937,0.27203924206861263,8.406957389705267e-16,0.03699245211334463,0.03699243569306038
218.77133859427317,0.4241972598274449,6.073671187021023e-15,0.2706365371221288,0.270636416069049,8.259098543952016e-16,0.036801693092343775,0.03680167663130588
219.70545212272467,0.42305345745273043,5.969330738371513e-15,0.26886575886459363,0.26886564625177806,8.117214332413205e-16,0.036560899152762005,0.03656088383944799
220.64355414477677,0.42192773502626785,5.875122475100687e-15,0.2684902276321557,0.26849012222470886,7.989108067511837e-16,0.03650983367095482,0.036509819337441136
221.58566169056678,0.42085577214037656,5.771526710906193e-15,0.267313721448802,0.26731360511534086,7.848236492664863e-16,0.03634985002668624,0.03634983420743146
222.53179186294668,0.419761849764464,5.662676190518535e-15,0.26571869526832437,0.2657185740598751,7.700219396124761e-16,0.03613295520312551,0.03613293872096018
223.48196183779532,0.4186216457946456,5.57599816531572e-15,0.2667456225790262,0.26674550939823377,7.582352898301337e-16,0.036272598815619485,0.03627258342507085
224.4361888643288,0.41752019224923825,5.4811767669500494e-15,0.26654624756207945,0.26654613952738637,7.453412880137215e-16,0.0362454874053791,0.03624547271460726
225.39449026541413,0.416426611681503,5.385741062156037e-15,0.26566182979868613,0.2656617120709118,7.3236375159078145e-16,0.03612522252377839,0.03612520651492215
226.3568834378846,0.41530742821832695,5.295096502521491e-15,0.2641154814681636,0.2641153596583057,7.200377245892763e-16,0.03591494701080112,0.035914930446855044
227.32338585285368,0.41424427556186094,5.204536806094329e-15,0.26276107404270266,0.26276096082571787,7.07723237455027e-16,0.03573077200278543,0.03573075660731529
228.29401505603443,0.4131471819327587,5.113259645791573e-15,0.2615399065151827,0.26153979746422057,6.953111881599725e-16,0.03556471522035681,0.035564700391390695
229.2687886680558,0.4120043324651386,5.022319800237965e-15,0.2605925506322489,0.26059244473201976,6.829450075935299e-16,0.03543589188843093,0.035435877487907726
230.24772438478465,0.4109275031767369,4.935101560657128e-15,0.26013842987319025,0.2601383099235706,6.710848983886149e-16,0.03537413964692114,0.035374123335933955
231.23083997764516,0.40986916002235485,4.8605620713418105e-15,0.26127853511802884,0.26127842046793254,6.60948870791556e-16,0.03552917341937362,0.03552915782902614
232.21815329394224,0.40886003137666355,4.769366953239606e-15,0.2596905117983123,0.2596904072253965,6.485479777576531e-16,0.03531323085870851,0.035313216638676
233.20968225718627,0.4077693495170951,4.694353994430389e-15,0.2590608183220098,0.25906071517392415,6.383475668397451e-16,0.03522760389088088,0.03522758986459961
234.20544486741676,0.40669455513258324,4.615319378198977e-15,0.257837173799607,0.2578370529753893,6.276002829691011e-16,0.03506121028177528,0.03506119385185851
235.20545920153108,0.40567399487831585,4.533242660588641e-15,0.2563496502447664,0.2563495369241129,6.164393281193148e-16,0.03485893387846698,0.034858918468899755
236.20974341361062,0.40459025658638936,4.451149084894066e-15,0.25501476146414975,0.25501465204968177,6.052760808737979e-16,0.03467741305449007,0.0346773981760937
237.2183157352524,0.4035598526912224,4.3858601471980605e-15,0.2562548991765381,0.2562547925037818,5.96397961633271e-16,0.034846049440282134,0.03484603493470917
238.23119447589823,0.4024688055241018,4.304070367030392e-15,0.25504692987830985,0.2550468121541448,5.852760251060441e-16,0.03468178737924967,0.03468177137088422
239.24839802316794,0.4014516019768321,4.229173873277254e-15,0.25452976411404327,0.25452965115689574,5.750914513374558e-16,0.03461146215288965,0.034611446792752694
240.2699448431938,0.4004300551568062,4.160955487389464e-15,0.25397245760610215,0.25397234837593724,5.658149799216077e-16,0.03453567850859051,0.03453566365525604
241.29585348095418,0.3994041465190458,4.087524951779375e-15,0.2521308091346,0.2521307092635674,5.558297500488599e-16,0.03428524749675111,0.03428523391609001
242.326142560612,0.398373857439388,4.025807599349651e-15,0.2522445520230873,0.252244437575878,5.474373020566445e-16,0.03430071448032272,0.03430069891756421
243.360830785851,0.397339169214149,3.952201373556656e-15,0.25076808084956564,0.2507679621373168,5.374281814843651e-16,0.03409994100174722,0.03409992485902018
244.39993694021726,0.3963000630597827,3.8800549893540826e-15,0.2495493529757164,0.24954923813282148,5.276175730669685e-16,0.033934215968263494,0.03393420035169887
245.44347988745832,0.3953008681012875,3.8111975769890076e-15,0.24887902030342868,0.24887892047836985,5.182542055633084e-16,0.033843062801962934,0.03384304922755344
246.49147857186657,0.39430852142813344,3.755418732918816e-15,0.25022140729204234,0.25022130209465554,5.106692877161275e-16,0.03402560324713506,0.03402558894218575
247.54395201862368,0.3932560479813763,3.6890048571291235e-15,0.24914950679806586,0.24914939216678003,5.016381971624438e-16,0.03387984409198058,0.033879828504190974
248.6009193341445,0.39225917259926996,3.621827852291174e-15,0.24685085742666724,0.24685074770818408,4.925033348072051e-16,0.033567269191367856,0.0335672542716309
249.66239970642565,0.39130384026421694,3.567588106500828e-15,0.2469088015757543,0.24690869565521162,4.851277065967308e-16,0.03357514855168585,0.033575134148400375
250.72841240539208,0.39027158759460795,3.5066482409426783e-15,0.24606839257902852,0.24606828290376137,4.768409828113622e-16,0.0334608680694626,0.033460853155602245
251.79897678324866,0.3892809208950762,3.4402857971617306e-15,0.24425625448303073,0.24425614177484345,4.678168860842368e-16,0.03321444993701451,0.033214434610731654
252.87411227483005,0.38831329895265293,3.3887732413651623e-15,0.24530845861465075,0.24530834558233944,4.608121065781642e-16,0.03335753074175042,0.033357515371392546
253.95383839795394,0.38734154544184146,3.3306060238116416e-15,0.2450497366255092,0.2450496295656992,4.529024129676734e-16,0.03332234921252353,0.03332233465431823
255.03817475377636,0.38636564272160123,3.2743238031417877e-15,0.24468194803793464,0.2446818478524188,4.452490449720844e-16,0.03327233659092145,0.0332723229674963
256.1271410271456,0.3853855730755689,3.2177447576760316e-15,0.24328243966304552,0.2432823274651177,4.375553141520329e-16,0.0330820286663503,0.03308201340945355
257.2207569869619,0.38440131871173433,3.1622965186470345e-15,0.2418241795792401,0.24182407039166642,4.300153526340683e-16,0.032883731567873886,0.03288371672033106
258.3190424865336,0.3834128617621198,3.108615480093196e-15,0.24086400973952118,0.24086390233871563,4.2271569854174174e-16,0.032753165768689446,0.032753151164114896
259.4220174639405,0.3824623860288476,3.0586720868812227e-15,0.2407773653870223,0.24077726596304308,4.1592429687616443e-16,0.03274138369778817,0.03274137017791828
260.52970194239344,0.3815232682518459,3.0007071729633666e-15,0.23920821275765392,0.23920810945801033,4.080421129152958e-16,0.0325280072110243,0.032527993164133885
261.6421160305985,0.3805220955724613,2.9520266368962834e-15,0.23948181177220257,0.23948169890800902,4.0142243706900346e-16,0.032565211747672816,0.032565196400175925
262.7592799231234,0.37959257606150126,2.9039203701379584e-15,0.23962252066779505,0.23962241334454754,3.9488085150230894e-16,0.03258434562237437,0.03258433102834631
263.88121390076157,0.3786950288793907,2.8534884670577607e-15,0.23872977791411482,0.23872967377235177,3.8802302129595094e-16,0.03246294869208285,0.03246293453067936
265.0079383309029,0.3776936493352777,2.806596972292129e-15,0.23759334665595067,0.23759323988010816,3.816466228341746e-16,0.03230841451562525,0.03230839999603441
266.13947366790137,0.3767884210656789,2.7577373103561366e-15,0.23627544105104414,0.23627533234624615,3.7500258909695375e-16,0.03212920309756546,0.03212918831567142
267.27584045344815,0.37585174359189666,2.713561231201737e-15,0.23589503451193483,0.23589492414368232,3.6899543823568745e-16,0.03207747466188752,0.03207745965379364
268.417059316943,0.3748663525464456,2.6632552196355674e-15,0.23453851968950618,0.2345384158171584,3.621547270070975e-16,0.031893013085852406,0.03189299896108453
269.56315097586935,0.37394947921930455,2.623604732254679e-15,0.23556640380030022,0.23556630076436852,3.567629750911512e-16,0.032032786805920616,0.032032772794890266
270.71413623617144,0.3730286910110629,2.5770291591006273e-15,0.2348379785910646,0.23483787219406188,3.5042953627670934e-16,0.03193373410122643,0.031933719633150975
271.8700359926299,0.3721039712058961,2.533336366071768e-15,0.2344728168806901,0.23447270767402295,3.4448810362133304e-16,0.03188407868759611,0.03188406383745691
273.03087122924325,0.37117839013952975,2.4893348181630775e-15,0.23314171183122545,0.2331416046769843,3.385046858650198e-16,0.03170307238288581,0.031703057811839574
274.19666301960683,0.37034266958431455,2.446527440895804e-15,0.23171359862470625,0.23171349910976705,3.326836538010178e-16,0.03150887471657542,0.031508861184336615
275.3674325272976,0.36940605397816195,2.4067769193708864e-15,0.23121284935786332,0.2312127479236875,3.2727829904376093e-16,0.031440781838095185,0.03144076804487477
276.5432010062561,0.36846543919499514,2.3686021226093072e-15,0.23115806765056654,0.2311579577601664,3.220872144650802e-16,0.031433332512884146,0.03143331756976958
277.7239898011733,0.3675932071391787,2.3246788460825806e-15,0.229840320706798,0.22984021350886508,3.161144402065281e-16,0.03125414266988058,0.031254128092893046
278.909820347879,0.36667214372169676,2.2852892143332144e-15,0.22963600755700891,0.22963590608482393,3.107581599567314e-16,0.03122635976254211,0.031226345964153142
280.10071417372905,0.36581942866101674,2.2493082803125354e-15,0.23007209408935242,0.23007199420758806,3.0586540118481674e-16,0.03128565967413449,0.03128564609201407
281.296692897998,0.3648923149714014,2.2101165628953325e-15,0.22929385805790473,0.22929375185274375,3.0053603371844657e-16,0.03117983359504223,0.0311798191530538
282.4977782322699,0.36405155523741106,2.1727433978340807e-15,0.22797059328038874,0.22797048661327168,2.954539566083148e-16,0.03099989342606174,0.0309998789212556
283.7039919808343,0.3631368064153326,2.135235291402343e-15,0.22668298264715625,0.22668287756530153,2.903535299029847e-16,0.03082480157833655,0.03082478728909753
284.9153560410802,0.3622592507712438,2.1013237071213386e-15,0.22650244718544957,0.22650233968280115,2.857421654129731e-16,0.030800252008183662,0.030800237389760312
286.1318924038944,0.3614076753172739,2.0625065062672233e-15,0.22501052794920895,0.22501042276614353,2.804637254516594e-16,0.030597377871400298,0.030597363568398442
287.3536231540618,0.3605524637921568,2.0316796930672387e-15,0.22591961150926623,0.22591950591672585,2.7627183425151114e-16,0.030720996856952957,0.03072098249826989
288.5805704706639,0.3596936006705353,1.997769930826631e-15,0.22577394997460165,0.22577384666622313,2.7166071752616655e-16,0.03070118951256743,0.03070117546448922
289.8127566274841,0.3588310703607612,1.9632164670099776e-15,0.2253092051940669,0.22530910760488934,2.669620689838079e-16,0.030637992595545876,0.03063797932517595
291.0502039934096,0.3579648572046133,1.928584867037272e-15,0.22408829519040507,0.22408819435478694,2.6225279533197575e-16,0.03047197083172224,0.03047195711989489
292.2929350328398,0.35709494547701215,1.8969574515919797e-15,0.2230890470552986,0.22308894445279978,2.579520366506139e-16,0.030336091088423982,0.030336077136332695
293.54097230609216,0.3562213193857355,1.8668674191146637e-15,0.22268220638088243,0.22268210237970773,2.5386033435444863e-16,0.030280768086598145,0.030280753944312132
294.79433846981243,0.3553439630711313,1.834542297498815e-15,0.22184260930740562,0.22184250479096437,2.4946470020419966e-16,0.03016659801130864,0.030166583798955666
296.05305627738704,0.35456286060582903,1.8008853856500557e-15,0.22048400660707376,0.22048389943974994,2.4488796657663643e-16,0.029981852521495194,0.02998183794866995
297.31714857935407,0.35367799599445215,1.7708234100573845e-15,0.22034455642536058,0.22034445351538662,2.4080007951129256e-16,0.02996288980920345,0.029962875815301087
298.58663832382035,0.3528480170057078,1.7448466851515535e-15,0.22134371854169427,0.22134361254000795,2.3726771293694037e-16,0.030098757855498384,0.03009874344117884
299.86154855687573,0.35199691601018696,1.713634103869274e-15,0.22044766675759517,0.22044756665862758,2.330233642278378e-16,0.02997691095668745,0.0299768973450313
301.14190242301385,0.3512006683038903,1.6839772924045966e-15,0.21924567548757526,0.21924557987918109,2.28990572184212e-16,0.02981346179978744,0.029813448798768374
302.42772316555016,0.35034336610066985,1.6577502221748766e-15,0.21877039977160675,0.21877029995080022,2.2542416315618807e-16,0.02974883286527878,0.029748819291447525
303.71903412704484,0.3495685795237731,1.6292407149886508e-15,0.21770386533046146,0.21770376567160593,2.2154738382388385e-16,0.029603803396631198,0.02960378984482236
305.01585874972744,0.34869048475016357,1.5989540656039939e-15,0.21617150392987006,0.21617140065886958,2.1742894517069274e-16,0.02939542985412733,0.029395415811131854
306.3182205759203,0.3479090676544478,1.5775520457115878e-15,0.21767164042741488,0.21767153794211008,2.1451865605743405e-16,0.02959942139040077,0.02959940745424576
307.6261432484684,0.34706169972607215,1.5478184033000429e-15,0.21637517893864305,0.21637507344012752,2.1047541638926842e-16,0.02942312598578475,0.029423111639887364
308.93965051116606,0.3462362096933004,1.5216137614784957e-15,0.2160564921589422,0.21605639218981842,2.0691205722067177e-16,0.029379790325404775,0.02937977673140505
310.25876620919064,0.34544474027448563,1.494981558538377e-15,0.21533488104486226,0.2153347810680633,2.0329055744315662e-16,0.029281664214884782,0.029281650619841365
311.5835142895329,0.3446498914262803,1.468210264064362e-15,0.2136898712246156,0.213689773005167,1.996501437229912e-16,0.029057972516851823,0.029057959160776393
312.91391880143294,0.3438516487191402,1.4454724808264278e-15,0.21333467533678196,0.2133345692362135,1.9655821486068431e-16,0.02900967227553659,0.029009657847770855
314.2500038968177,0.3430499976619094,1.422025596415211e-15,0.2129115686370386,0.21291146876111522,1.9336986101441904e-16,0.02895213738732509,0.028952123805998937
315.5917938307371,0.34224492370155774,1.3991692161959995e-15,0.21276865889566518,0.21276856178693745,1.9026180509937545e-16,0.02893270423724914,0.028932691032211737
316.93931296180705,0.3414364122229158,1.3747363559326042e-15,0.2119794024397924,0.21197930292847125,1.869393763011684e-16,0.02882537957898589,0.028825366047239072
318.29258575264885,0.34072444854841066,1.3516002122963107e-15,0.2118033035426396,0.21180320502669947,1.8379327760179353e-16,0.028801433301680425,0.028801419905287493
319.6516367703361,0.3399090179377983,1.3291160686487772e-15,0.21165676452882043,0.21165666385696,1.8073583915405245e-16,0.02878150663593908,0.028781492946379827
321.0164906868383,0.33909175465658087,1.3067170007317332e-15,0.21122216860290238,0.21122206590147502,1.7768996947288067e-16,0.02872240941996487,0.028722395454421085
322.3871722794698,0.33836769663231814,1.2848687218385107e-15,0.21016397452143845,0.21016387649509466,1.7471899717559078e-16,0.028578514089968844,0.028578500760152194
323.7637064313404,0.3375417761411958,1.262491602084125e-15,0.20880779889567386,0.20880769972798363,1.7167611204910875e-16,0.02839409863856886,0.02839408515354966
325.14611813180505,0.336812329120917,1.2428184040092093e-15,0.20871620727082307,0.20871610162039841,1.6900091155549907e-16,0.02838164382776086,0.02838162946120657
326.53443247691985,0.33603278376154005,1.219976815510348e-15,0.2074490584614504,0.20744895670441815,1.6589486704792628e-16,0.028209334419427655,0.028209320582304593
327.9286746698952,0.3352427951980629,1.2034408348182146e-15,0.20877751650145465,0.2087774187841174,1.6364627159631439e-16,0.02838998077854151,0.02838996749074418
329.32887002155604,0.3345026779870664,1.1823106202076205e-15,0.20813876597041858,0.20813866711952833,1.60772943104369e-16,0.028303122214447654,0.028303108772507538
330.7350439507986,0.3337324780246007,1.1618976947157618e-15,0.20762202769429455,0.20762193106595284,1.5799715300944455e-16,0.028232855118773124,0.02823284197905957
332.1472219850534,0.33301166680896793,1.141152778485812e-15,0.2066339493678579,0.20663384554057568,1.5517621815549143e-16,0.028098494268211736,0.02809848014957197
333.5654297607494,0.3322172851196253,1.1221357767664374e-15,0.20561728702738857,0.2056171858623046,1.5259024854379342e-16,0.027960246506729288,0.02796023275010052
334.9896930237769,0.33150515348811155,1.1057381836578001e-15,0.2057665660099281,0.20576646930627895,1.503604713102602e-16,0.02798054575885162,0.02798053260889761
336.4200376299579,0.33078998118502106,1.0870794770850312e-15,0.20498669325062202,0.20498659529039176,1.4782322338323225e-16,0.027874497114258927,0.027874483793432523
337.8564895455126,0.3299861062726924,1.0675774699225111e-15,0.2039529742194811,0.203952876282259,1.4517130176942636e-16,0.027733929950149096,0.02773391663245139
339.29907484753375,0.32925046257623314,1.0492087118491414e-15,0.20336030730163568,0.2033602068692295,1.4267348161442413e-16,0.027653337927178112,0.02765332427018033
340.74781972445726,0.32852609013777134,1.0314543833376092e-15,0.20304112576269553,0.2030410274575566,1.4025921280988643e-16,0.027609934988455487,0.02760992162072771
342.20275047653894,0.3277986247617305,1.0157739904192232e-15,0.2036428284981725,0.20364273663929325,1.3812696188070242e-16,0.02769175571982944,0.02769174322867685
343.6638935163329,0.3270680532418336,9.984706774996195e-16,0.2030493226405744,0.2030492275530118,1.357740230708895e-16,0.02761104961616696,0.0276110366859716
345.13127536916875,0.32633436231541557,9.820330207295028e-16,0.2021028994434979,0.20210279634112682,1.3353879790120688e-16,0.027482353112713815,0.02748233909264891
346.60492267363554,0.3256580309305458,9.650397902015548e-16,0.20090892093385304,0.20090882472706523,1.3122802471002178e-16,0.02731999354686194,0.02731998046447212
348.0848621820631,0.3249575689089685,9.482112975411204e-16,0.1998830059066558,0.19988290584584095,1.2893965290079858e-16,0.027180487586686657,0.027180473980218594
349.57112076101,0.32421443961949503,9.340086235667439e-16,0.20031095959909118,0.20031086979237406,1.270083451244958e-16,0.027238681578577836,0.02723866936648232
351.0637253917491,0.3234745098433004,9.192129543057425e-16,0.2003962160744591,0.20039612168163567,1.2499640067298413e-16,0.027250274923194158,0.027250262087470813
352.5627031707583,0.3228186484146208,9.036839129568376e-16,0.2001031879182505,0.2001030871752713,1.228847308304055e-16,0.0272104283733274,0.02721041467409728
354.06808131021376,0.3220727674759145,8.872288103312814e-16,0.1991652376237948,0.19916513821746568,1.206471333386985e-16,0.0270828840319776,0.027082870514507803
355.579887138481,0.32141005643075954,8.725652982375264e-16,0.19881224433617695,0.19881215100634014,1.186531598809066e-16,0.027034883304608303,0.02703487061343199
357.09814810061414,0.3206607407597543,8.577907238795214e-16,0.1977235401067845,0.1977234503585628,1.1664408395614354e-16,0.026886839144183813,0.026886826940042626
358.6228917588513,0.3199885541205743,8.442532295075148e-16,0.19731150652704227,0.1973114025097364,1.148032286214734e-16,0.02683081000079224,0.026830795856312685
360.15414579311766,0.3193229271034412,8.301657638515182e-16,0.1966838425812941,0.19668374503855618,1.1288758710080555e-16,0.026745459012554724,0.026745445748499755
361.6919380015255,0.3186232247993898,8.163918483554612e-16,0.19623242883213837,0.19623232575843483,1.1101458275277467e-16,0.026684074875620557,0.026684060859453917
363.2362963008801,0.317905481479648,8.024251291256782e-16,0.19561323282495752,0.1956131398867363,1.0911536057062909e-16,0.026599875374464545,0.02659986273654089
364.78724872718726,0.31720637563640636,7.893936472802991e-16,0.1956180665953421,0.19561797824591867,1.0734331382294375e-16,0.026600532680148628,0.026600520666218805
366.34482343616014,0.31656207062553593,7.766994965804768e-16,0.19573642559015209,0.19573631916143241,1.0561713803348629e-16,0.026616627371013488,0.026616612898625096
367.9090487037329,0.31584547564813353,7.636421540288112e-16,0.1952989336981849,0.19529884008912338,1.0384157469566858e-16,0.02655713635583212,0.02655712362668627
369.47995292657146,0.31520801882937144,7.499676856703321e-16,0.19383381496050922,0.19383371640276426,1.0198209336664678e-16,0.026357906603999125,0.026357893201921487
371.05756462259166,0.3144769741509633,7.376412006701346e-16,0.19303539382542212,0.19303530315091244,1.0030591348824427e-16,0.02624933571447929,0.02624932338437963
372.64191243147457,0.3138432350274102,7.262377023571253e-16,0.19287918398589365,0.19287908972456583,9.875524317019683e-17,0.0262280939906771,0.026228081172834785
374.2330251151874,0.3132067899539251,7.136071178263704e-16,0.1920193829644246,0.19201927959105472,9.703771123448488e-17,0.026111176542467553,0.026111162485551686
375.8309315585069,0.31256762737659727,7.036468514510058e-16,0.19305328862710594,0.19305319583751668,9.568329445779244e-17,0.02625176908510441,0.026251756467392025
377.43566076954085,0.31182573569218364,6.910841236021563e-16,0.19221186078032013,0.19221176313108362,9.397498980827142e-17,0.026137350057629235,0.02613733677909238
379.04724188025807,0.31118110324789683,6.787675317844543e-16,0.19140996671262683,0.1914098782460979,9.230015522444657e-17,0.026028306911845475,0.026028294881991407
380.66570414701386,0.3105337183411945,6.675676933317324e-16,0.19119756399346804,0.19119746235046253,9.077717897813544e-17,0.025999423968819445,0.02599941014720196
382.29107695108434,0.3098835692195663,6.572540000863396e-16,0.19100973787539172,0.1910096366717723,8.937470251467759e-17,0.02597388300075329,0.025973869238884395
383.92338979919725,0.30923064408032114,6.449499874156855e-16,0.18913665549387645,0.18913655959115977,8.77015784682175e-17,0.02571917754348499,0.025719164502443364
385.5626723240685,0.3085749310703726,6.349548614631207e-16,0.18897830258891526,0.1889782046961092,8.634242141707767e-17,0.025697644401394742,0.025697631089736817
387.2089542849416,0.3079373137145175,6.258109172842565e-16,0.1894875778093047,0.18948749173239587,8.509900975174059e-17,0.025766896655948425,0.02576688495103964
388.8622655681249,0.30735509377275005,6.149714467612954e-16,0.18880782133155422,0.1888077228898366,8.362503705126406e-17,0.025674462021890065,0.025674448635590055
390.5226361875374,0.30669094552498505,6.046432913309413e-16,0.1884570152909263,0.18845691696677797,8.222059399121118e-17,0.025626758720704593,0.02562674535039189
392.19009628525043,0.30602396148589983,5.94526594902285e-16,0.18820289103708537,0.1882027967768333,8.084490554561226e-17,0.025592202400642923,0.025592189582946893
393.86467613203814,0.30544059716038857,5.845956984425627e-16,0.18787742160929172,0.18787732518304015,7.949448254830048e-17,0.025547944422322735,0.025547931310089797
395.546406127924,0.3047814375488304,5.751885699940552e-16,0.18761449611862346,0.1876144113118343,7.82152825639835e-17,0.025512191292621104,0.025512179760425708
397.23531680273413,0.3041294049591797,5.652961655726715e-16,0.1864212348139579,0.1864211326383403,7.687009379038927e-17,0.025349929253724802,0.025349915359681664
398.93143881665253,0.30352742447333897,5.560196038749743e-16,0.1857269092849616,0.18572681095502386,7.560864853181066e-17,0.025255513491182102,0.025255500120082142
400.63480296077495,0.30290955911176753,5.468372766647457e-16,0.18522388381303362,0.1852237888677065,7.43600174657406e-17,0.025187111089819823,0.025187098178965927
402.3454401576712,0.30229636795269865,5.373768193328428e-16,0.18451496074376605,0.18451486638717168,7.307356571408819e-17,0.025090710324798603,0.025090697494001755
404.0633814619431,0.3016746474152227,5.29942018659213e-16,0.18551248742680973,0.18551240038899813,7.206256677247004e-17,0.025226355981631077,0.025226344146056828
405.78865806079153,0.3010634025817625,5.205845780138242e-16,0.1847573509991447,0.18475724863988757,7.079012343417082e-17,0.02512367103247642,0.025123657113461623
407.52130127457986,0.30044360961762606,5.11469601750555e-16,0.18413497610801924,0.184134878521502,6.955065088345067e-17,0.02503903926037669,0.02503902599036853
409.26134255740357,0.2998215972327789,5.035000443285285e-16,0.1842580474144106,0.1842579573253076,6.846693465856092e-17,0.025055774740716675,0.025055762490221765
411.0088134976627,0.29929647460093495,4.951794394927209e-16,0.1833718668439393,0.18337177462791268,6.73354823100856e-17,0.024935270149113193,0.024935257609394995
412.76374581863223,0.29867087625441036,4.866559873711996e-16,0.1822920999513894,0.1822920123097252,6.617644638537613e-17,0.024788441305478665,0.02478842938779134
414.52617137904144,0.2980421485862876,4.785347031966566e-16,0.18162855692124952,0.18162845538572137,6.507209805574773e-17,0.024698211408183787,0.024698197601181283
416.2961221736489,0.2974815511305404,4.713487390770862e-16,0.18192682501294408,0.18192672729183235,6.409493640228744e-17,0.024738770494870697,0.024738757206560106
418.07363033382643,0.29687791089985205,4.632894019972006e-16,0.18137097815299896,0.1813708865814433,6.299901176145504e-17,0.024663185336401088,0.024663172884319327
419.85872812813994,0.29625650874874404,4.56039663313221e-16,0.18154744313113091,0.18154735096994074,6.201317791623733e-17,0.024687181394124173,0.024687168861862743
421.65144796293595,0.2957045656111192,4.480166782979396e-16,0.18081424830965387,0.18081415414149402,6.09221965012497e-17,0.024587480108097456,0.02458746730292431
423.45182238293154,0.29506445328512054,4.4025265700234593e-16,0.18023506841293874,0.1802349666719093,5.986642948648804e-17,0.02450872207700963,0.024508708242062655
425.2598840718021,0.2945220347784594,4.33206468443485e-16,0.1798315218427366,0.17983142504307234,5.890827479100076e-17,0.024453847014008268,0.024453833850997933
427.0756658527779,0.29396973365888884,4.264080165508449e-16,0.17941642970576216,0.17941633677128718,5.798380781874158e-17,0.024397401961937994,0.02439738932452376
428.8992006892368,0.293330239793229,4.202367399477434e-16,0.17967833421951074,0.1796782432234374,5.714462538627935e-17,0.0244330162571731,0.024433003883346564
430.7305216853059,0.29278084349440825,4.1194342467348694e-16,0.17768262734210563,0.1776825354020353,5.601688392650924e-17,0.024161636077743007,0.02416162357554989
432.56966208645963,0.2922291013740621,4.054622086229016e-16,0.17761109015423918,0.17761099335888422,5.5135555313251174e-17,0.024151908309051662,0.024151895146627314
434.41665528012436,0.2916750034159627,3.9964027889625444e-16,0.17842015819534662,0.17842006150732384,5.434387776193601e-17,0.024261926985968976,0.02426191383813987
436.2715347962861,0.29111853956111416,3.9302540299470546e-16,0.1782018471933351,0.1782017536260475,5.344437381704593e-17,0.02423224062292227,0.024232227899456924
438.13433430809596,0.2904596997075712,3.8616685226796415e-16,0.17754733926117128,0.17754724827192378,5.251173448612697e-17,0.02414323933617019,0.024143226963271848
440.00508763248496,0.289898982473503,3.7948008684103736e-16,0.1768035501161931,0.1768034553694796,5.1602454860991934e-17,0.024042097413021237,0.02404208452917522
441.8838287307745,0.28943485138076763,3.736497529687561e-16,0.1765218619495391,0.17652176688570287,5.080963449728485e-17,0.024003792897425595,0.024003779970456596
443.7705917092964,0.2888688224872111,3.676518023574647e-16,0.17597710097105038,0.17597700395854365,4.999402127695987e-17,0.023929715219103916,0.023929702027150838
445.66541082000884,0.28830037675399733,3.61073563570122e-16,0.17481384862935728,0.17481375649565503,4.9099499319524796e-17,0.023771533858511714,0.023771521329988148
447.5683204611196,0.2877295038616641,3.5617866944669715e-16,0.1756604203650601,0.17566033140191184,4.8433881908197556e-17,0.0238866523622041,0.023886640264818754
449.47935517771197,0.2871561934466864,3.4989731889436797e-16,0.17479612518864984,0.17479602932947783,4.7579731401801127e-17,0.02376912378989204,0.023769110754771706
451.3985496623684,0.2866202900675263,3.442072855703902e-16,0.17470413530580514,0.1747040419613739,4.6805989384921335e-17,0.023756614823172137,0.023756602130011236
453.3259387558044,0.28610221837325867,3.3819475135426987e-16,0.1740458329235771,0.17404573932456466,4.598839305708691e-17,0.02366709755957449,0.023667084831795138
455.26155744749684,0.28552153276575093,3.3264563376358743e-16,0.1738634168689562,0.1738633243685854,4.5233813041109747e-17,0.023642292262667203,0.02364227968428332
457.20544087632334,0.285038367737103,3.2704255024508194e-16,0.17319365800961145,0.17319356753862306,4.447189463123238e-17,0.023551217124588707,0.023551204822164266
459.1576243311965,0.2844527127006411,3.2234261234387393e-16,0.17332198390701364,0.17332188771453644,4.383278775367402e-17,0.023568667134636182,0.023568654054192346
461.11814325170616,0.28396455702448814,3.173124903864343e-16,0.17302144524070906,0.17302135882442315,4.314878179326958e-17,0.023527799290710395,0.02352778753965244
463.08703322876426,0.28338259335424715,3.1179922525158667e-16,0.17215920727748374,0.17215911151116217,4.23990770653458e-17,0.023410550462327453,0.023410537439833106
465.0643300052473,0.2828807009984258,3.0654951070540737e-16,0.17161035107931666,0.17161025608406344,4.168521046918949e-17,0.02333591590791154,0.023335902990268595
467.0500694766494,0.28238497915700517,3.0191966959170428e-16,0.17187743939244118,0.17187734884978223,4.105563549182446e-17,0.023372235106467222,0.023372222794296876
469.04428769172983,0.28179114246165404,2.9663342496860006e-16,0.1711577391628964,0.17115764583064813,4.033680146335496e-17,0.02327436884181632,0.02327435615031209
471.0470208531715,0.2812905958293657,2.919229861323714e-16,0.17126241857947175,0.17126232995065915,3.969626664782517e-17,0.023288603356501063,0.023288591304579342
473.05830531823455,0.2807825084045296,2.869375846353578e-16,0.1707376483838925,0.17073755424717374,3.9018341864327026e-17,0.023217244064488683,0.02321723126359096
475.07817759941804,0.2802765467201746,2.824679288349704e-16,0.17045099189241317,0.1704509003903166,3.841054920357463e-17,0.023178263946229228,0.023178251503592654
477.10667436512415,0.27976799769046273,2.778999514391672e-16,0.1698461355538839,0.1698460455623524,3.778938657726875e-17,0.023096014381657433,0.023096002144430496
479.1438324403205,0.27925685026790387,2.7333037068296913e-16,0.16919807872924428,0.16919798529206664,3.7168005922836293e-17,0.023007890329301475,0.023007877623528742
481.1896888072126,0.2787430933578362,2.6912529759610333e-16,0.16919366526278062,0.1691935723668322,3.659619174423603e-17,0.023007290177378174,0.02300727754520286
483.244280605911,0.27822671581822667,2.6501137841037037e-16,0.16937638600981986,0.16937629611991148,3.603677285390443e-17,0.02303213690696483,0.023032124683556802
485.30764513510985,0.277738470972978,2.60720769185295e-16,0.16915558545460443,0.1691554885815898,3.5453327301579955e-17,0.023002112009535735,0.023002098836551067
487.3798198527604,0.2772240360294479,2.5619756143874606e-16,0.16858068862403952,0.16858060127573243,3.483825254097478e-17,0.022923936398277955,0.022923924520481913
489.46084237675257,0.2767078315246495,2.520407601179469e-16,0.16843975382982657,0.1684396609396331,3.427300245286541e-17,0.022904771805433946,0.022904759174041205
491.5507504855991,0.27623477485432024,2.473003272765042e-16,0.16713501115189466,0.16713491864167007,3.3628388993017166e-17,0.022727350308291216,0.022727337728567394
493.6495821191181,0.2757700835761764,2.435062184550778e-16,0.16690350538610021,0.1669034194268365,3.311245855032872e-17,0.02269586969509511,0.02269585800618394
495.75737537912585,0.27524852492417484,2.3974565968589747e-16,0.16662174876953464,0.16662165862072081,3.260109031028712e-17,0.022657555871544728,0.022657543612930226
497.87416853012434,0.2747377494409627,2.361758266008592e-16,0.16666445076509478,0.16666436074929641,3.211565732705623e-17,0.022663362573595185,0.022663350333068388
499.99999999999994,0.2743,2.321422909750758e-16,0.16599131528476946,0.16599122781374626,3.1567169152637526e-17,0.022571828275898636,0.022571816381415415
