energy,LET,yF,yD,ystar,zF,zD,zstar
0.1,81.45,0.08865463429186955,159.72489410252638,75.96526568868232,0.07534645629146526,135.74817434285683,64.56192185101332
0.10042698167614349,81.40047012556735,0.08684003444946412,159.01998407926646,75.6767836775902,0.07380425075642037,135.1490801986961,64.31674462578145
0.10085578648580461,81.35072876764667,0.08573011526007829,158.839580686277,75.92462554889671,0.07286094442665993,134.99575762877876,64.52738230843336
0.10128642221342939,81.3007750232422,0.08396607822785357,157.98843143966587,75.6116384640044,0.07136171158669959,134.27237661187482,64.26137852983794
0.10171889667670206,81.25060798550257,0.08283616824818357,157.76206154402917,75.84954400264971,0.07040141533623832,134.0799876907143,64.46357144859752
0.1021532177266869,81.20022674370432,0.08164883519673793,157.30911684167003,75.95899475528408,0.069392315940829,133.69503569704412,64.55659226375631
0.10258939324797083,81.14963038323539,0.08009195149455714,156.87694277477254,75.7680247330698,0.06806914010513535,133.32773640466206,64.3942892488414
0.10302743115880644,81.09881798557845,0.07907248572510596,156.6916725960044,76.012225609978,0.06720270899691247,133.1702776148518,64.60183249624488
0.10346733941125588,81.04778862829431,0.0774310674671849,155.88503272427414,75.69160799176873,0.06580768830775933,132.4847245546679,64.32934362355778
0.10390912599133514,80.99654138500512,0.07640527744725475,155.6581182842857,75.93286034524611,0.06493588229876454,132.29187283212622,64.53438095806025
0.104352798919159,80.94507532537756,0.07502154799071944,154.82787528379234,75.75972216367975,0.06375986807402806,131.58625977029774,64.38723299976148
0.10479836624908666,80.89338951510595,0.07385421933461478,154.72917672470123,75.84612385263664,0.06276777016208583,131.50237710891193,64.4606647062086
0.105245836069868,80.8414830158953,0.07291128159534425,154.54505422151408,76.07426526043567,0.06196637926216267,131.3458937141128,64.65455921322796
0.10569521650479036,80.78935488544431,0.07135697788591648,153.62419954978512,75.7509205519312,0.06064539612979186,130.56327093496068,64.37975262087092
0.106146515711826,80.73700417742818,0.0704711561993374,153.6145394015017,75.99926714126896,0.059892547443166765,130.55506089669004,64.59081925701616
0.10659974188378026,80.68442994148148,0.06903432440410467,152.69213515429504,75.69678548549545,0.05867140221006732,129.7711211528701,64.33374391021955
0.10705490324844026,80.63163122318093,0.06810767892227189,152.6693116262337,75.91007577597487,0.0578838578943947,129.751723724036,64.51501663981081
0.10751200806872424,80.57860706402798,0.06721177871354643,152.381762647965,76.12004362479551,0.05712244359882597,129.5073394716409,64.69346566811195
0.1079710646428316,80.52535650143153,0.06582108559893504,151.6895383702103,75.81103442881948,0.05594051104885979,128.91902678269534,64.43084264716963
0.10843208130439351,80.47187856869034,0.06496614751897557,151.49340914476926,76.0450972186237,0.055213909950247136,128.75233902598404,64.62976966212274
0.10889506642262431,80.41817229497558,0.06364139183474682,150.7112857424852,75.72848652056055,0.054088016791295074,128.08762220417958,64.36068622036505
0.10936002840247318,80.3642367053131,0.06276490720250476,150.48584593076092,75.9434354435144,0.05334310354946781,127.89602374961356,64.5433686007911
0.10982697568477705,80.31007082056585,0.06192310926731581,150.16620467036836,76.12510806725152,0.0526276700942787,127.62436467112896,64.69776987392363
0.11029591674641363,80.24650023827719,0.0606564642120299,149.54383077703747,75.83865690364155,0.05155116442644524,127.09541694351869,64.45431864037027
0.11076686010045529,80.17727156523307,0.059883495095095926,149.4071167121194,76.07325006724452,0.05089422771638022,126.97922538287376,64.65369641333018
0.11123981429632372,80.1077472984404,0.058642285320281956,148.61591174638818,75.74454255496588,0.049839339172836394,126.30679025475858,64.37433204163766
0.11171478791994506,80.03792617576806,0.05784028468919055,148.3637443435267,75.96342764962779,0.049157728944798966,126.09247635735663,64.56035972478732
0.1121917895939058,79.96780692969584,0.05700028361166281,147.88868273816973,76.05524033305684,0.04844382261628871,125.68872748658761,64.63839016723678
0.11267082797760923,79.89738828729143,0.05589623301823697,147.45376442467284,75.85455011399232,0.04750550393226754,125.31909589360887,64.46782607953114
0.11315191176743276,79.82666897018738,0.05517447017520645,147.27268785323363,76.07692683708444,0.046892086788994855,125.16520119781175,64.65682125367553
0.11363504969688576,79.7556476945578,0.05399615626753634,146.35626396344213,75.73324738093123,0.04589065265020405,124.38634408438321,64.36473241558873
0.11412025053676801,79.6843231710951,0.053318590694726956,146.40478467283884,75.97177797689326,0.04531479820983481,124.42758122374983,64.56745656268365
0.11460752309532904,79.61269410498663,0.052426940381084676,145.5773102840883,75.92178139092894,0.04455699584653207,123.72432117014631,64.524965094424
0.115096876218428,79.54075919589108,0.051499460369022115,145.3782815154009,75.84787655099433,0.043768742274135485,123.55516912817544,64.46215430245199
0.11558831878969426,79.46851713791494,0.050831113164078554,145.178194869811,76.06357490026305,0.04320072240842812,123.38511800995852,64.64547361085737
0.11608185973068856,79.39596661958878,0.04975319753600163,144.35271514350688,75.72089774327243,0.04228461550205477,122.68355319482774,64.35423661419598
0.11657750800106519,79.32310632384342,0.04909940404869417,144.21747043586421,75.94250709513857,0.04172896465753289,122.56861042241154,64.54257960920728
0.11707527259873446,79.24993492798603,0.04822953195195086,143.4065796258849,75.78899587928719,0.04098967132628234,121.8794445433881,64.41211236169356
0.11757516256002609,79.17645110367617,0.04742010947041815,143.20088580280685,75.80994294372584,0.04030175336109902,121.70462795569624,64.42991500774549
0.11807718695985331,79.10265351690157,0.04682058645795166,143.1013947761461,76.02781273664988,0.03979222630912543,121.62007178611115,64.61507979874489
0.11858135491187756,79.028540827954,0.04580663429374632,142.1764264870785,75.67526630356676,0.03893048114450812,120.8339528954305,64.31545502872375
0.11908767556867397,78.95411169140493,0.045208182118299065,142.0565634480555,75.89497054375147,0.03842186418342046,120.73208280930533,64.50217889332882
0.11959615812189742,78.87936475608109,0.04436976444540469,141.2374065431469,75.6720439800636,0.03770930357055105,120.03589168038644,64.31271641659222
0.1201068118024495,78.80216242899094,0.043680772052586206,141.18991804699615,75.76858181615613,0.03712373761987845,119.99553180604767,64.39476270673507
0.12061964588064612,78.71651913793211,0.04310874471176726,140.98240965169833,75.96384513663344,0.0366375787926857,119.81917303629689,64.56071454173146
0.12113466966638564,78.6305101657136,0.04217611005479348,140.09346787695935,75.60935861019803,0.035844944352547634,119.06367262606993,64.25944091082293
0.12165189250931804,78.54413395094389,0.04164530624921616,140.100898512941,75.84208771033393,0.03539382088837986,119.06998782993584,64.45723443973662
0.12217132379901459,78.45738892556457,0.04083331823214636,139.13439955000786,75.57291416998476,0.0347037225068793,118.24857254298486,64.22846724042736
0.12269297296513834,78.3702735148219,0.04021098901528601,139.0827633921479,75.68877568799522,0.03417481274923824,118.2046876232361,64.3269364842787
0.12321684947761515,78.28278613723828,0.03967891118494553,138.83503295350314,75.87968583298775,0.03372260650748193,117.99414464579894,64.48918861029753
0.12374296284680586,78.19492520458343,0.03884390900902216,138.13662021351334,75.53956452574567,0.033012948682439626,117.40057246079846,64.20012379812378
0.12427132262367879,78.10668912184565,0.03831222118848963,137.84830662855003,75.73414617455295,0.032561073905103446,117.15553837881065,64.36549628895953
0.12480193839998305,78.01807628720283,0.03759395483809998,137.10711280091294,75.48381435459203,0.03195062838685683,116.5256070866268,64.1527424303293
0.12533481980842284,77.92908509199339,0.03699191139685845,136.8611063324198,75.57023964864442,0.03143895925423454,116.31652928969281,64.22619419844958
0.1258699765228323,77.83971392068702,0.03651246551216968,136.70020217776835,75.76475381270079,0.031031484239720398,116.17977887667269,64.3915093348461
0.1264074182583509,77.74996115085541,0.03573505529678872,135.9422064159142,75.41747829831398,0.0303707730960604,115.53556783236748,64.09636425219088
0.1269471547716001,77.65982515314279,0.035269261420795436,135.84273425261318,75.63010213586477,0.02997490075166815,115.45102769451408,64.27707057183801
0.12748919586086033,77.56930429123634,0.03458406346077592,134.8541299778775,75.35650120577789,0.029392559641606784,114.61082538167507,64.04454058979299
0.12803355136624892,77.47839692183643,0.034061443061312806,134.94027396717902,75.46872704494287,0.02894839115115273,114.68403807243311,64.13991991601725
0.12858023116989856,77.38710139462695,0.033592542476878984,134.56951241672482,75.63273768478331,0.028549878454413476,114.36893250373963,64.27931049164569
0.12912924519613694,77.29541605224513,0.032881662223952,133.8596279910391,75.28669645124774,0.027945710287306833,113.76561067765402,63.98521440872921
0.12968060341166687,77.20333923025164,0.032449392518369695,133.74859412352015,75.49157960923698,0.027578329712811937,113.67124439310822,64.15934202237963
0.130234315825747,77.10829178301704,0.03186642418912577,132.999854718927,75.291343926343,0.027082872277455795,113.03490021017306,63.98916423923641
0.13079039249037375,77.00931013671348,0.03133032535339219,132.80727044578822,75.31416885973098,0.026627248633896195,112.87122526374328,64.00856286243993
0.13134884350046377,76.90990585691746,0.03090793823688747,132.5313268614484,75.48285679579102,0.026268267147299282,112.63670428937526,64.15192861317328
0.1319096789940372,76.81007713906139,0.030239007073999187,131.6989523469589,75.11361411743303,0.025699750983094845,111.92927968066684,63.838113914730656
0.1324729091524014,76.70982217087256,0.02984996685473129,131.6826158958908,75.32812400983784,0.025369110604158907,111.91539553680687,64.02042316862656
0.13303854420033637,76.60913913234013,0.029329798459727288,130.84035985446408,75.18597207110699,0.02492702604138986,111.1995727429002,63.899610027566524
0.13360659440627987,76.50802619568219,0.028809765409034748,130.66082748690397,75.13213718224536,0.024485056506045266,111.04699044651694,63.853856434052
0.13417707008251403,76.40648152531251,0.02842853928604709,130.46626238807895,75.30762247496645,0.0241610572290499,110.88163202130252,64.00299917253845
0.13474998158535256,76.30450327780726,0.027815892407728873,129.65377938599664,74.93741061960175,0.023640376368900668,110.1911129582786,63.68836078277323
0.13532533931532872,76.20208960187149,0.027454390398299174,129.63898294498392,75.14333355325901,0.023333140367417668,110.17853764955458,63.86337208865868
0.1359031537173842,76.09923863830562,0.027018517043910478,128.96663626488234,75.11758953722007,0.022962697097222214,109.60711868031935,63.84149257390192
0.13648343528105855,75.99594851997159,0.02649818705027699,128.64712019274538,74.93951318796482,0.02252047519381474,109.33556599775535,63.69014772912447
0.1370661945406798,75.892217371759,0.02614686204512516,128.46232437304903,75.11266928663542,0.022221888499997663,109.17851035974145,63.83731091494432
0.1376514420755557,75.78804331055109,0.025583587812800172,127.63624746428695,74.73608532078678,0.021743168829390716,108.47643800676646,63.517256948792166
0.13823918851016562,75.68342444519052,0.025230191850599708,127.44552944541982,74.90858648696138,0.02144282205528012,108.31434916632008,63.663863515738356
0.13882944451435345,75.5783588764451,0.0248932835787141,127.2671524303443,75.03733918422263,0.021156487961359098,108.16274878945154,63.77328881035596
0.13942222080352154,75.47284469697317,0.02435720888062759,126.52328359961379,74.71076419596294,0.020700884832081514,107.53054404585407,63.49573684394903
0.1400175281388249,75.366897519428,0.024038825902328073,126.40806817942303,74.89126668461397,0.020430295151688562,107.43262391239634,63.64914363402016
0.14061537732736673,75.2610782130561,0.0235197422291379,125.53140097548474,74.50424846921318,0.01998913248031738,106.68755550518557,63.32022173068577
0.1412157792223946,75.15480707763616,0.023203045264965486,125.49584093557503,74.69166822500604,0.019719975722080715,106.6573334754611,63.47950741891627
0.14181874472349748,75.04808218394095,0.02287978180236392,125.15378231475175,74.80164838930258,0.019445238179592532,106.36662216489239,63.57297817437409
0.14242428477680352,74.94090159450577,0.02239113788282053,124.50159869694366,74.46139285905261,0.019029945871186466,105.8123395281674,63.28379928775767
0.1430324103751789,74.83326336359335,0.02209405866752185,124.35470117111709,74.63649034322816,0.018777461990457656,105.68749317244755,63.43261243264917
0.14364313255842726,74.72516553715838,0.021627880724471783,123.53330560222777,74.25818742382131,0.01838126323231458,104.98939943122731,63.11109754953338
0.14425646241349027,74.61660615281222,0.02131596055982383,123.35453989856096,74.40464795584549,0.018116166215787505,104.83746871282403,63.23557250972841
0.14487241107464868,74.50758323978718,0.021039874741578916,123.25454527862712,74.56843466400453,0.017881524358616237,104.75248454566338,63.37477276864324
0.14549098972372468,74.39809481890073,0.020574129078193615,122.40680641091187,74.17807468453395,0.01748569298951184,104.03200196679902,63.043010742145164
0.14611220959028481,74.28813890251959,0.020300973845645408,122.29630910733569,74.3527104766093,0.017253541800187427,103.9380917011854,63.19143150073982
0.14673608195184368,74.17771349452367,0.0199185579729807,121.51235759734004,74.0783430427426,0.01692853136993701,103.27182119367814,62.95825007679326
0.14736261813406895,74.0668165902698,0.019592802337659213,121.39869127673269,74.13028324034458,0.01665167576126524,103.17521762043165,63.00239339608668
0.14799182951098672,73.95544617655534,0.019331277642524708,121.20619544299706,74.27970844939455,0.016429409219098724,103.01161783753592,63.12938799791946
0.14862372750518815,73.84360023158169,0.018908902054593328,120.41994609719941,73.88879175929529,0.016070437530490988,102.34339442834221,62.797152830074786
0.14925832358803673,73.73127672491749,0.01865483889995273,120.31245114061466,74.06059682183407,0.015854512457545815,102.25203581959535,62.94316778731451
0.1498956292798766,73.61847361746183,0.018366778283990918,119.82284531915718,74.02289476831946,0.01560969337072398,101.83592600287619,62.91112528722494
0.15053565615024167,73.5100097667594,0.017997199038990056,119.33797042184182,73.8090801731035,0.015295592628533632,101.4238369389574,62.72940695764639
0.15117841581806554,73.40202614256498,0.017762592497836682,119.24294883033193,73.97859158011914,0.015096203486162247,101.34307928597475,62.873472565965976
0.15182391995189268,73.29358144808202,0.017374736911782953,118.40924594681945,73.57328432937008,0.014766569912064046,100.63452571317634,62.52900704200206
0.15247218027009002,73.18467371462488,0.017139074059259702,118.3576963931576,73.74049982256201,0.014566283023973035,100.59071439724399,62.671121382100324
0.1531232085410598,73.07530096510195,0.01690170931288673,118.06948806124359,73.83638505005956,0.01436454971774963,100.3457697684962,62.75261302842369
0.15377701658345308,72.96546121397988,0.016537472167891816,117.41820158520875,73.49127568999562,0.014054989159023099,99.79224960125681,62.45930893302552
0.15443361626638455,72.8551524672474,0.01630878632648572,117.1811393338246,73.61534857553274,0.01386063194474308,99.5907733817118,62.5647569146426
0.1550930195096478,72.74437272237917,0.015971875326059804,116.46295585058326,73.25274496705168,0.013574295531870041,98.98039829121008,62.25658467801029
0.15575523828393162,72.63311996829948,0.015741305971262227,116.3672509230571,73.3939278121317,0.0133783375432982,98.8990598795599,62.37657419859083
0.15642028461103763,72.52139218534568,0.015529871996261262,116.18917684456594,73.51764806580286,0.013198642472835292,98.74771696467623,62.48172248282959
0.15708817056409824,72.4091873452315,0.015192994392792616,115.4972825956564,73.14665335412589,0.012912334443615302,98.15968476308653,62.16641875335159
0.157758908267796,72.29650341101026,0.014988705646055523,115.39417468100257,73.30033442390855,0.012738712012596194,98.07205464598297,62.297030357580695
0.15843250989858348,72.18333833703798,0.014727980599154124,114.66278176615504,73.11099512530619,0.012517125081384316,97.45045302604939,62.13611327411011
0.15910898768490464,72.06969006893603,0.014460040462295772,114.48826393482088,73.03865268903256,0.012289406136156221,97.30213252080189,62.074630349317204
0.1597883539074166,71.95555654355401,0.014261161324958136,114.25227291206392,73.1495468484798,0.012120381263983591,97.10156672496548,62.1688778977337
0.16047062089921257,71.84611251882363,0.013952263546522493,113.51437108735229,72.76162933463863,0.011857852935404537,96.47443326457596,61.83919169198948
0.1611558010460459,71.7385392357708,0.013761060789530873,113.42871461105338,72.91036470451462,0.011695352122135738,96.40163490497427,61.96560000820295
0.16184390678655475,71.63050663451091,0.013569946590050789,113.161073083914,72.98949471233959,0.011532926572779824,96.17416974438268,62.03285160450754
0.16253495061248813,71.52201275383936,0.013274505958500257,112.5007676284009,72.63463238828852,0.011281835303726036,95.61298446015894,61.73125858794198
0.1632289450689323,71.41305562417763,0.013098939456270246,112.42353685678265,72.78463852642042,0.011132623546301505,95.54734700076868,61.85874691407953
0.16392590275453894,71.30363326753739,0.012821573745824124,111.59692915583548,72.38241998654314,0.01089689392488005,94.84482353420563,61.516906446555765
0.16462583632175365,71.19374369748468,0.012633941437164656,111.52127828973671,72.50783516914402,0.01073742759064721,94.78052881660344,61.62349522952918
0.1653287584770455,71.08338491910385,0.012464905019471385,111.37091840938174,72.6284840369929,0.010593765669765994,94.65273984940903,61.72603318166897
0.166034681981138,70.97255492896133,0.012189011504917621,110.6111485723597,72.22900021313984,0.01035928724907806,94.00702104097888,61.38651691482614
0.16674361964924056,70.86125171506923,0.012022079103348886,110.48316581781131,72.35937484875005,0.010217413504982297,93.89825011096869,61.49732067440378
0.16745558435128124,70.74947325684884,0.011834933355021877,110.05872949375487,72.28869960994025,0.010058360692243465,93.53752702870156,61.43725467972222
0.1681705890121402,70.63721752509399,0.011600480885751475,109.68058475786373,72.10293650046171,0.009859102493623513,93.21614658376205,61.279376954314074
0.1688886466118846,70.52448248193411,0.011446268979605156,109.57052113735756,72.2378270283037,0.009728039738259546,93.12260489992356,61.394018713781705
0.1696097701860041,70.41126608079735,0.011195319526949596,108.79570826698085,71.81914646086507,0.009514760961386702,92.46410120704601,61.038187376519126
0.1703339728256474,70.29990407615288,0.011042939541423337,108.77652125669188,71.9771749836299,0.0093852551322684,92.44779440883237,61.17249382624295
0.17106126767786015,70.19080984832097,0.010888978951930703,108.51582979350098,72.0464777115508,0.009254405967760834,92.22623601999275,61.23139334121901
0.17179166794582335,70.0812498081265,0.01065037660018954,107.86323481652263,71.67392727018911,0.009051620836333643,91.6716037742937,60.914767416690225
0.17252518688909332,69.971221966636,0.010505209631226996,107.72222685542388,71.79729681538309,0.008928245259080779,91.5517628854046,61.01961763821451
0.17326183782384205,69.86072432642369,0.010309735990452689,107.02658853047242,71.50923549232273,0.008762114675514823,90.96054864077678,60.77479795043852
0.1740016341230993,69.7497548815351,0.010132807309460553,106.8860951211285,71.51275187943673,0.00861174521952911,90.84114506293876,60.777786483526555
0.17474458921699518,69.63831161745073,0.009993839201520048,106.69448715342114,71.60524562359697,0.008493637976129122,90.67829986618987,60.85639575090744
0.17549071659300394,69.52639251104941,0.009772395435471206,105.93212333702954,71.18780662160285,0.00830543571041692,90.03037646738778,60.50161960446759
0.17624002979618897,69.41399553057165,0.009643366982750024,105.96815218648553,71.35852946698253,0.008195776054709518,90.06099693243681,60.64671479898395
0.1769925424294485,69.30111863558272,0.009506340696781272,105.67668058059695,71.3955248904466,0.008079319141328813,89.81327888826794,60.678156743099834
0.17774826815376277,69.18775977693558,0.009301390804667934,105.12566916702013,71.06017468178142,0.007905134811187436,89.34498123275586,60.393146827472194
0.17850722068844171,69.07391689673373,0.009171087361206776,104.91027046345394,71.143381146569,0.007794391556919971,89.16191658945635,60.463862953170086
0.17926941381137437,68.95958792829384,0.008986154644404217,104.17022168964792,70.77590791749084,0.007637219571780963,88.53295846409144,60.15155208736846
0.18003486135927882,68.84501482562312,0.008848440067403946,104.1681567960139,70.87881781477486,0.007520177688527713,88.53120353701756,60.239013912005205
0.18080357722795326,68.73508845640268,0.00872523395816608,103.94118915346499,70.94694057879428,0.007415466369162609,88.33830659829029,60.29691059053353
0.18157557537252852,68.62469272172842,0.008531310292040647,103.20961496217677,70.5334058973352,0.007250653089515021,87.71655091379453,59.9454526769068
0.18235086980772133,68.51382561749584,0.008420011136142342,103.26842078147543,70.70639266375697,0.00715606133971929,87.76652923843443,60.092471949382606
0.1831294746080886,68.40248513104332,0.00829885053550228,102.95165689708395,70.72296550390429,0.007053088472330096,87.49731560554704,60.10655699734157
0.18391140390828298,68.29066924111554,0.008117114977112878,102.36053926201433,70.36788662918556,0.0068986337118297995,86.99493217788259,59.80477993709294
0.18469667190330957,68.17837591782673,0.00800492758907862,102.18234249057744,70.45786880073896,0.006803287064736901,86.84348498781075,59.881254650570845
0.1854852928487836,68.06560312262394,0.007839524592182293,101.47374436617841,70.07221942464366,0.006662713142395773,86.24125637297632,59.55349610650949
0.18627728106118896,67.95234880824998,0.007721744676684853,101.44660540839199,70.17527296246541,0.0065626134766995125,86.21819131481006,59.64108000942882
0.18707265091813854,67.8386109187062,0.007615707134218943,101.26034435914212,70.25278499962458,0.006472493505843179,86.05989039666625,59.70695651285727
0.18787141685863484,67.72438738921522,0.007447223717545694,100.58771482763873,69.84971186882404,0.006329301573558915,85.48823103558966,59.364389739279
0.1886735933833324,67.60967614618347,0.007348514873856741,100.60368154828362,70.002806430272,0.00624541017142301,85.50180095022296,59.494502877466715
0.18947919505480068,67.49447510716351,0.007240160901483687,100.23121115842403,69.98598481064053,0.006153321495984622,85.18524306045686,59.48020639495976
0.19028823649778884,67.38022336330515,0.007083748055609582,99.7168426893451,69.6575225137841,0.006020388189686411,84.7480877816299,59.20105042876391
0.19110073239949102,67.26809892887024,0.006986843669016468,99.58348430964476,69.75204539531245,0.005938030372893082,84.63474817555684,59.281384234418915
0.19191669750981283,67.15549574364583,0.006841874649491339,98.81875431914801,69.34694601298324,0.005814823030372147,83.9848137952058,58.93709537520507
0.19273614664163946,67.04241176345376,0.0067349707488652336,98.73756836916104,69.41559926835981,0.005723966752634946,83.91581487957058,58.9954429116516
0.19355909467110433,66.9288449353876,0.006644867192593006,98.63624354239491,69.51541636055737,0.005647388875814428,83.82970018638895,59.08027620022672
0.19438555653785916,66.81479319777543,0.006497596759325328,97.97422299500138,69.10844254355646,0.005522225590760463,83.26705726719287,58.73439428261058
0.19521554724534534,66.70025448014233,0.006410129881365764,97.96072334063565,69.24585316367293,0.005447888593605474,83.25558408109558,58.85117783673933
0.19604908186106618,66.58522670317286,0.006316752381184364,97.6374950290139,69.23646727167996,0.005368528233120976,82.98087641298211,58.84320088543324
0.19688617551686052,66.46970777867324,0.006179422914126361,97.11821772603946,68.89821929542569,0.005251813649953778,82.53954917809776,58.55572819365478
0.1977268434091772,66.35369560953355,0.006093137651074332,96.94165846804393,68.96911865841054,0.0051784808924157585,82.38949369006069,58.61598466864788
0.1985711007993513,66.23718808968951,0.005974426862829363,96.26093732083501,68.61769901595147,0.005077590089703992,81.81095736678179,58.31731754377619
0.19941896301388098,66.12018310408442,0.005873979411443828,96.1469543160092,68.63509363193312,0.004992221066799981,81.71408464760952,58.33210100865918
0.2002704454447056,66.00457164674356,0.005794348938396501,96.0264046324574,68.71878979507613,0.004924544131410723,81.61163099095371,58.40323332281724
0.20112556354948544,65.8925511750174,0.00566636317258528,95.37587267966924,68.31101638353681,0.004815770642166188,81.05875208351176,58.056671839880906
0.20198433285188205,65.78005239640345,0.005590158262096294,95.40630513185336,68.45360257140821,0.004751005049219853,81.08461624105578,58.17785404381229
0.20284676894184028,65.66707326861892,0.005508308185995781,95.06674100745167,68.43634302899957,0.004681441701171324,80.79602497155541,58.16318537625655
0.20371288747587105,65.55361174066088,0.00538842858768025,94.5587647866626,68.09337196629983,0.004579557541512138,80.36430238398283,57.87169859283734
0.20458270417733582,65.439665752769,0.005312133194931041,94.37392264925792,68.14830341857109,0.004514715048833268,80.20720738113242,57.91838414177274
0.20545623483673192,65.32523323638812,0.005223294328158948,93.94129310943578,67.9675581918877,0.004439212015678907,79.8395209880524,57.76477105170735
0.2063334953119791,65.21031211413073,0.005121608775550257,93.61918084141718,67.81985786995797,0.004352790746150227,79.56576183133075,57.63924240969777
0.2072145015287076,65.0949002997393,0.00505298375972181,93.55449551051782,67.91625355098938,0.004294467210139731,79.51078658388614,57.721167884045876
0.20809926948054722,64.97899569804831,0.004939629692394288,92.7986365811557,67.4620578817959,0.004198129017020184,78.86839160658353,57.33515270943026
0.20898781522941767,64.86259620494627,0.004872039055902196,92.84191445508064,67.60225362227112,0.0041406845869704535,78.9051729261628,57.45430330224857
0.20988015490581988,64.74569970733758,0.0048035248770964415,92.6253244165654,67.63085565005066,0.004082455249948567,78.72109578230557,57.47861180516161
0.21077630470912928,64.6321856066497,0.004696957384997048,92.04065946726361,67.24400222801881,0.003991884881578163,78.22419641094626,57.14982995763444
0.21167628090788965,64.51878860560589,0.004631332530139268,91.92525192466087,67.32100852114796,0.00393611114456294,78.12611299507208,57.21527663558611
0.21258009984010834,64.40490742014634,0.004564502619107413,91.68389929012544,67.30811246064002,0.0038793132454937656,77.9209904329623,57.20431643630092
0.21348777791355314,64.2905399828923,0.004463767770175809,91.13362334330395,66.95913643987036,0.003793699967037678,77.45331784137582,56.90772611470393
0.21439933160604988,64.17568421763771,0.004404653697197676,91.11891243500637,67.07357098533579,0.0037434596614807935,77.44081522582837,57.00498259257465
0.21531477746578187,64.06033803931149,0.004314906232404434,90.37965527556997,66.66608802535342,0.0036671844223201263,76.81252988353877,56.658667960755736
0.21623413211158987,63.944499353939676,0.004243452134045168,90.27673499921292,66.68815237764233,0.0036064564847241307,76.72505923785867,56.677420175669425
0.21715741223327426,63.828166058607444,0.004186319546150157,90.1914837883131,66.76917216210322,0.0035579002183649725,76.65260530821175,56.74627786931834
0.21808463459189775,63.711336041420886,0.004091529167046221,89.49210727681637,66.3232428292705,0.00347733906989198,76.05821402595478,56.36728814978776
0.21901581602008963,63.59400718146871,0.004034661787900448,89.45299928432314,66.4230563071001,0.0034290082011061386,76.0249766360476,56.45211836655711
0.2199509734223515,63.476177348783715,0.003977322489325962,89.22915043555959,66.42916569041401,0.0033802762539458533,75.83473032084956,56.45731065443362
0.22089012377536418,63.363185146956305,0.003890889176684698,88.77099450763055,66.09822586005255,0.0033068176709279452,75.44534937224925,56.17604906373839
0.2218332841282957,63.25000590460452,0.00383529920645387,88.59467080971692,66.135219745125,0.0032595724558785945,75.29549408375682,56.20748970039463
0.22278047160311082,63.136343407626704,0.003775521063678956,88.24580287876407,66.02456593251026,0.0032087677657712884,74.99899562633277,56.11344641972176
0.22373170339488213,63.02219559261415,0.003695983936674401,87.83432015715792,65.76434387802065,0.0031411701640072596,74.64928164752237,55.892286975421015
0.22468699677210202,62.907560387347765,0.003646653367577703,87.79255557446353,65.8627199910601,0.0030992447350890063,74.61378645508658,55.975895593971615
0.22564636907699598,62.792435710760486,0.0035700774532112884,87.12842527768174,65.452208778878,0.0030341638306233365,74.04935048647647,55.6270072887759
0.22660983772583784,62.67681947289947,0.0035143536017858672,87.06985030524575,65.50704412949295,0.002986804831634125,73.99956835567558,55.67361116212487
0.22757742020926566,62.56070957488812,0.003465908829673999,86.93256436889497,65.55359656228691,0.002945632230408792,73.8828907687078,55.71317548801475
0.22854913409259933,62.44410390888808,0.003388183851869366,86.31672701893035,65.13832104559313,0.0028795747514096487,73.35949836691864,55.36023806046333
0.22952499701615933,62.327000358060886,0.003339754077553171,86.2062508637625,65.19602124611782,0.002838414896621828,73.26560607507072,55.40927673364233
0.2305050266955872,62.2109118766163,0.0032936469439966013,86.07048472381729,65.2303821940909,0.0027992290249413054,73.15022014391268,55.438479670243055
0.23148924092216705,62.09575881210646,0.003218627381649182,85.44792148436322,64.81811740094008,0.0027354708444404918,72.62111149341881,55.08810101868399
0.23247765756314834,61.98011406511165,0.0031745290225101905,85.39530210323808,64.8993541822727,0.002697992204819099,72.5763909446094,55.15714313523918
0.23347029456207058,61.863975536237746,0.0031246986335432374,85.03150686234741,64.7738607763838,0.0026556419852927903,72.26720595461136,55.050487871279195
0.2344671699390888,61.74734111712661,0.003061154697732442,84.78068949607496,64.58606078928986,0.0026016367951479267,72.05403943629071,54.8908790292583
0.235468301791301,61.63020869041779,0.003016913729905212,84.56088933121403,64.58384684945304,0.0025640369541998238,71.86723404651235,54.88899742969524
0.23647370829307607,61.512576129710105,0.0029561805583617306,83.97209959943606,64.21464386964456,0.002512420597179189,71.36682907451484,54.575216470549506
0.23748340769638449,61.39444129952302,0.002907023186850224,83.84897610071224,64.21765028901646,0.002470642366705627,71.26218796478442,54.57777158848109
0.23849741833112922,61.275802055257884,0.00286807767081992,83.799938105831,64.29512388293155,0.0024375430634964437,71.2205111910043,54.64361541948092
0.2395157586054784,61.15665624315903,0.002802762600779292,83.12913539918337,63.84705443006192,0.002382032608692825,70.65040442534752,54.26280683890481
0.24053844700619986,61.040232382311814,0.0027642797575921814,83.14934704114499,63.95824248757986,0.0023493265253015944,70.6675820451054,54.35730416758734
0.24156550209899644,60.926229267011394,0.0027246828669309515,82.93088500856547,63.944686172356555,0.002315673627003441,70.48191391708734,54.34578282614135
0.2425969425288432,60.8117393792984,0.002662345831644403,82.31595698141825,63.52277561621386,0.002262694166402494,69.9592943372997,53.98720636218961
0.2436327870203257,60.69676064074385,0.0026260499548734794,82.29474814675334,63.613254181314744,0.002231846758204098,69.94126921603178,54.06410295428703
0.24467305437798015,60.5812909640442,0.0025877625802515148,82.05780242293969,63.57194508310985,0.002199306801082721,69.73989203180024,54.028994872378
0.24571776348663477,60.46532825298354,0.00253025138928688,81.5741447589505,63.23007696157596,0.002150428764746561,69.32883747914346,53.73844546475429
0.24676693331175228,60.34887040239549,0.0024939672876847273,81.401697584982,63.238848296529085,0.0021195913641156904,69.18227679949273,53.74590011177802
0.24782058289977466,60.23191529812501,0.00245075699234104,80.99820494839305,63.015118974895714,0.0020828674787208693,68.8393534932323,53.55575538118141
0.24887873137846867,60.114460816989975,0.002403178089581313,80.72433569739793,62.87423989184746,0.0020424307689445994,68.60659546862927,53.436024024123064
0.24994139795727316,59.99650482674267,0.0023706677602561613,80.67337983752924,62.94202482987296,0.0020148006498077443,68.56328872556887,53.49363358859709
0.25100860192764757,59.881070991814056,0.0023183263676162815,80.02108082641485,62.50248416504409,0.001970316359908228,68.00890801752726,53.1200735174809
0.25208036266342254,59.76532083235036,0.0022841568178059097,80.0022942632128,62.57875023949791,0.0019412760901936154,67.9929415542456,53.18489109291004
0.25315669962115145,59.64907644091564,0.0022525067260042186,79.88441856307654,62.60676900542121,0.001914377076085611,67.89276048239206,53.208703888922834
0.25423763234046337,59.532335707229954,0.0022027243575832825,79.39870319695274,62.24304032515772,0.001872067668616117,67.47995711462616,52.899575467962904
0.2553231804444182,59.41509651200283,0.0021708953237933037,79.28000251570043,62.2751533534952,0.0018450165739676316,67.37907490172006,52.92686792599788
0.2564133636398626,59.29735672689484,0.0021396253484023135,79.07058868470301,62.24678037102622,0.0018184406160061369,67.20109672618409,52.902754085807416
0.25750820171778804,59.17911421447889,0.0020908889042704102,78.51737704847883,61.8501951041155,0.0017770201264071777,66.73092912917538,52.56570126597679
0.2586077145536896,59.06036682820153,0.002062870398065505,78.53868553275944,61.95389280022586,0.0017532075511257788,66.74903894139568,52.653832630906706
0.25971192210792726,58.94111241234386,0.0020316908941914744,78.23852870460883,61.86029970376784,0.0017267084837662547,66.4939394362939,52.57428903786406
0.2608208444260882,58.82463217968683,0.001987709919452759,77.88707330778486,61.58311210190364,0.0016893296076671564,66.19524192423812,52.338710788681524
0.2619345016393503,58.708811829507574,0.0019579664872834478,77.6152309212793,61.5283734481892,0.001664051039549385,65.9642065062184,52.292189096809544
0.2630529139648481,58.5924969476558,0.0019239468419195004,77.20161062392027,61.2932362488328,0.0016351381717344094,65.61267582871739,52.09234895471977
0.26417610170603945,58.4756854225719,0.0018864879686708096,76.97901406790173,61.162071734317266,0.001603302347487838,65.42349382133958,51.98087388701604
0.2653040852530745,58.35837513368026,0.0018611448616734781,76.94835681921316,61.234382264245454,0.0015817635602725208,65.39743861207972,52.04232969500809
0.2664368850831652,58.24056395135082,0.001821603383944958,76.36343730492386,60.829178530883944,0.0015481577567274586,64.90032288914604,51.697952149167136
0.26757452176095775,58.1222497368604,0.0017924760258822886,76.2653388512067,60.840961684593616,0.0015234027822279919,64.81695024975389,51.70796650299142
0.2687170159389057,58.003430342353816,0.0017678620994822968,76.18022876585792,60.877295383759005,0.0015024837164118417,64.74461626093404,51.738846055966164
0.26986438835764437,57.88410361080499,0.0017265662405330966,75.49448405328165,60.39789189488461,0.0014673868863793506,64.16181047276591,51.33140707312031
0.2710166598463682,57.76833401536319,0.0017023045432670524,75.4824621503308,60.47353957929064,0.0014467671756646856,64.15159320897071,51.395699086641955
0.27217385132320826,57.65261486767918,0.0016786802068663742,75.37139837745846,60.49023591164286,0.0014266891499162694,64.057201508242,51.40988908906939
0.27333598379561247,57.53640162043876,0.001640940619850866,74.88960129048172,60.12328692326528,0.001394614750577365,63.64772823653762,51.0980237688317
0.27450307836072624,57.41969216392738,0.0016171889141836514,74.7628784853242,60.13457897305754,0.001374428475294668,63.54002812163443,51.1076207396264
0.2756751562057763,57.302484379422374,0.001594449981721935,74.63192691355175,60.130736023536926,0.0013551029431944422,63.42873403128415,51.104354665264935
0.276852238608455,57.18477613915451,0.0015577571372763564,74.09055622258276,59.734915844729436,0.0013239181571726938,62.96862990440585,50.767952084170155
0.2780343469373061,57.066565306269396,0.0015367877107404324,74.09741377741284,59.82196430263377,0.0013060965058561422,62.97445805382407,50.84193347139393
0.2792215026521136,56.94784973478865,0.0015126613303757845,73.76572348407942,59.67842139963624,0.0012855917992704547,62.69255865410773,50.71993816733518
0.2804137273042906,56.83028217878811,0.0014804998601553219,73.47996257705083,59.447375922282916,0.0012582581710896931,62.449694060922965,50.52357552820421
0.28161104253727093,56.715339916421996,0.0014586467613462617,73.26171760303207,59.40237375630767,0.0012396854978459107,62.264210408239904,50.48532875454416
0.2828134700869017,56.59990687165744,0.0014328566948774823,72.85618674860163,59.15182203524651,0.0012177668454092375,61.91955484632546,50.272388004740435
0.2840210317818383,56.483980948943525,0.0014049773394388017,72.63372235564373,59.02125353015599,0.001194072532610212,61.73048516266712,50.161419477934984
0.2852337495439405,56.367560043781715,0.0013855488633702263,72.5593592255031,59.05356199261554,0.001177560515673891,61.667284875625256,50.18887803296707
0.2864516453886701,56.25064204268768,0.0013563979307802962,71.9715066568763,58.641560258071586,0.0011527855054808361,61.167676386778034,49.838722951602406
0.2876747414254912,56.133224823152844,0.0013345731517144706,71.95028583345439,58.68095333436625,0.0011342369008298897,61.14964107641666,49.87220263063927
0.2889030598582712,56.01530625360597,0.0013164520527810795,71.90477542735891,58.72848508756389,0.0011188360072427253,61.110962355884226,49.91259926859699
0.29013662298568393,55.89715743934571,0.001285329365296349,71.2036707331937,58.22546973623188,0.0010923852274163598,60.51510231295916,49.48509286144971
0.2913754532016143,55.78070739904826,0.001267327983927018,71.23141739509292,58.31388589578398,0.0010770860802779831,60.53868385119144,49.56023664106555
0.2926195729955652,55.663760138416876,0.0012492354615447833,71.07488876109609,58.29140376125079,0.0010617094735414709,60.405652138027115,49.54112935828813
0.2938690049530656,55.54631353441184,0.0012209338126704344,70.58330349963578,57.911951969484136,0.0010376562588740104,59.9878600201982,49.21863806303402
0.2951237717560804,55.428365454928446,0.0012030765405175955,70.47479347905839,57.917525800795715,0.0010224795883423936,59.89563872135777,49.223375192013776
0.29638389618342237,55.3099137587583,0.0011862331389490472,70.36059228935977,57.9162365327881,0.001008164593641653,59.798580569612064,49.22227945938389
0.2976494011111658,55.19095629555042,0.0011587145644732406,69.82070326432198,57.5078427709902,0.0009847769040357307,59.33973569193393,48.87519074858162
0.29892030951306126,55.071490905772244,0.0011428564244179013,69.82696661412936,57.58300607059923,0.0009712992706769392,59.34505883399266,48.939071089569424
0.3001966444609534,54.9523019985142,0.001126379509787011,69.65486937165527,57.54087103720188,0.0009572957486053533,59.19879555670851,48.90326105575032
0.3014784291251993,54.83694137873207,0.0011006863326596358,69.2014792844949,57.18527607090677,0.0009354594411987569,58.81346503610936,48.601045375775676
0.3027656867750892,54.72108819024198,0.0010849980477478259,69.10226297884202,57.195008174696525,0.0009221261655856156,58.72914234844634,48.60931656812424
0.30405844077926875,54.60474032986582,0.0010687780589147616,68.88578405617082,57.11014145855617,0.0009083410015113375,58.54515964054444,48.53718941572725
0.3053567146061638,54.48789568544526,0.0010446422471682994,68.45666071546057,56.78054701942422,0.0008878282793131182,58.180453121897884,48.25707125608081
0.30666053182440595,54.37055213580347,0.0010303566822273587,68.4309129698344,56.83395221270926,0.0008756871577234915,58.15857043741193,48.30245965674063
0.3079699161032603,54.25270755070658,0.0010126266862290222,68.00641732684934,56.583295596690064,0.0008606186575914118,57.79779694073502,48.08942975803414
0.3092848912130557,54.134359790824995,0.0009916112919615598,67.74213823914741,56.38971263722704,0.0008427579388791982,57.573189475041495,47.92490604068472
0.31060548102561575,54.01732315077144,0.0009781770793213136,67.72705029456719,56.44747414142225,0.0008313403708795815,57.56036642110956,47.97399681508062
0.3119317095146925,53.901941272221755,0.0009592526318946288,67.18233964591795,56.07971073752734,0.0008152567215332821,57.09742370629527,47.66143933335956
0.31326360075640136,53.786066734193085,0.0009416492641941699,67.098985523336,56.03665490883333,0.0008002958411955595,57.026582088099,47.624846727223414
0.3146011789296585,53.669697433119715,0.00092833531280818,66.98532425088806,56.03212410024922,0.0007889804817201759,56.92998280521958,47.6209960501136
0.31594446831661954,53.552831256454105,0.0009097595833292806,66.57693415510715,55.71774570642391,0.0007731932033624969,56.58289721011895,47.35380981559193
0.31729349330312046,53.43546608262852,0.0008937115607446288,66.37743062331373,55.63227733154392,0.0007595541912353011,56.413341672968144,47.28117132101536
0.31864827837912035,53.31759978101653,0.0008816910459537477,66.37012041881523,55.68868813719304,0.0007493381072197689,56.407128822301885,47.329114153740996
0.3200088481391459,53.19925675631175,0.0008616368152876087,65.77332531477131,55.237982745253944,0.0007322942693379202,55.899920185314365,46.946065321772814
0.3213752272827379,53.08448090825002,0.0008486014651155783,65.74132710996517,55.27314596219,0.0007212156895228217,55.872725314351456,46.97595009665348
0.3227474406148997,52.969214988348426,0.0008366274772146633,65.63070434580884,55.26303917476123,0.0007110391481246519,55.778708421372066,46.9673604654026
0.3241255130465474,52.85345690409002,0.0008174841592037792,65.13296882699034,54.86948931846692,0.0006947694834274622,55.35568927733159,46.63288740279687
0.3255094695949622,52.73720455402318,0.0008055056920581047,65.06487816797765,54.88482469897855,0.000684589135175627,55.29781988444383,46.645920749408276
0.32689933538424454,52.62045582772346,0.000793977216163147,64.92541878455772,54.852883361884125,0.0006747912288161362,55.17929511220586,46.6187742095968
0.3282951356457701,52.50320860575531,0.0007756611212227841,64.43440711418458,54.46238738471621,0.0006592246105803543,54.76199048221246,46.28689660036984
0.32969689571864796,52.385460759633574,0.0007644245080867967,64.36569453148002,54.47731609117589,0.0006496747547011066,54.70359252421764,46.29958431983016
0.33110464105018045,52.269419433885204,0.0007540018114088032,64.32960127501228,54.50758638846132,0.0006408166361609948,54.67291732046111,46.325310663969574
0.3325183971963254,52.153491429901315,0.0007363661089422239,63.81576086489954,54.102460670326586,0.0006258282749130902,54.23621083229393,45.980999422286565
0.3339381898221598,52.0370684345829,0.00072553680259868,63.70391651530298,54.08612609181916,0.0006166245839430905,54.141155729245604,45.96711686989232
0.33536404470234565,51.920148334407656,0.0007153765682436543,63.61018266255463,54.07824214077702,0.0006079895288232229,54.06149250920589,45.960416399270045
0.3367959877215983,51.80272900682894,0.0006987972139812684,63.152238488699666,53.70786257472186,0.0005938989445999665,53.67229152772422,45.645635474302814
0.338234044875156,51.68480832023721,0.0006888396210687855,63.08735511476655,53.723221129401075,0.000585436111888046,53.617147966001326,45.658688516347155
0.33967824226925186,51.566384133921346,0.000678932174611233,62.94732673371779,53.680160128833386,0.0005770158980161303,53.49813960985019,45.622091514700756
0.34112860612158785,51.45084011639456,0.0006631856737298793,62.49948992779558,53.31786171012966,0.0005636331453842215,53.11752875298242,45.31417865501361
0.3425851627618107,51.33577214181695,0.0006536701982812932,62.41577807235062,53.31779497262067,0.0005555460627324671,53.04638310213472,45.31412193564588
0.34404793863199,51.22021284807279,0.0006443869902223044,62.30621310120863,53.291561931121976,0.000547656381207659,52.9532652141059,45.29182680431449
0.345516960287098,51.104160137319255,0.0006293259924993775,61.84723133220845,52.92158461455119,0.0005348562290700911,52.56318239358804,44.97738774611411
0.3469922543954919,50.987611902756136,0.0006205119794201472,61.80331291631299,52.94722449373738,0.0005273653104448983,52.52585668546134,44.99917875627226
0.3484738477393978,50.87056602858757,0.0006108089810196308,61.523679326498154,52.79641759819761,0.0005191188543998169,52.28819962194852,44.87100987650642
0.34996176721539723,50.75302038998362,0.0005972595163785759,61.21697386134451,52.53643602557554,0.0005076033351773365,52.027534512796166,44.650054814713876
0.35145603983491486,50.63788493271156,0.0005886991887135479,61.12510214293579,52.52737151065183,0.0005003280205882512,51.94945389726155,44.64235099772836
0.35295669272470953,50.522334660197366,0.0005795933115748066,60.90257862002649,52.404670343883836,0.0004925890503775023,51.760333959802786,44.53806882260416
0.35446375312736617,50.406291009192806,0.0005667178824921119,60.569848564505605,52.13558447569627,0.0004816463854806027,51.47755087930837,44.309376134760036
0.35597724840179046,50.28975187306214,0.0005588519953929624,60.5415958865178,52.166351854452145,0.0004749612671758055,51.45353928438015,44.335524942176015
0.35749720602370594,50.172715136174645,0.0005495233405289725,60.194158166994356,51.9481897071679,0.0004670329609842335,51.15825634562373,44.150111682890696
0.35902365358615207,50.055178673866294,0.0005376679243832693,59.92319166248993,51.72781747203011,0.0004569571922263528,50.92796532867724,43.962820097794335
0.3605566187999858,49.93881020880105,0.0005300199470376975,59.83998125986433,51.72143103820784,0.00045045727267461105,50.85724585626045,43.957392348182694
0.36209612949438424,49.82488641741557,0.0005209597091477688,59.48995815660578,51.48875483600326,0.0004427570906861958,50.55976563245345,43.759643776554114
0.3636422136173501,49.710476192316094,0.0005103520933467179,59.338605715831704,51.36261567198541,0.00043374181171409776,50.43113310066896,43.65243969089939
0.36519489923621873,49.59557745651981,0.0005028974501587708,59.20867798007369,51.32015425237225,0.00042740620442615886,50.320709155643016,43.6163522655492
0.36675421453816803,49.48018812417556,0.0004941534669849138,58.86857046446437,51.0834905150047,0.0004199748033348936,50.03165606480413,43.415214738044064
0.36832018783073,49.36430610052597,0.00048380295375807715,58.606200030241666,50.88683521663112,0.0004111780326001278,49.80867073964615,43.24807987857797
0.3698928475423045,49.24792928186946,0.00047739064048279024,58.64997019616407,50.965323771088805,0.000405728288367548,49.84587045198928,43.3147863117505
0.3714722222226755,49.13399999996736,0.00046830805923445655,58.13539480170901,50.5983404888059,0.0003980091170404376,49.40853930989323,43.00289184555492
0.3730583405435293,49.019799480865885,0.0004594606893793475,58.11185474334418,50.57538633766016,0.00039048984891185053,49.38853291098524,42.98338340180773
0.3746512312989752,48.90511134647378,0.00045261755344870786,57.94407615710556,50.50270198167881,0.0003846739539345275,49.24594000520377,42.92160988376476
0.3762509234060678,48.78993351476311,0.00044440595862260267,57.580172456407226,50.23586777478138,0.0003776950229898527,48.93666283658221,42.694830854471434
0.3778574459053324,48.674263894816065,0.00043563664286721995,57.421420677043386,50.121140534115696,0.0003702420920568377,48.801741700190725,42.59732561863911
0.37947082796129195,48.558100386786975,0.00042954655641929307,57.36991369300412,50.12992726309447,0.0003650662043435199,48.757966563644075,42.6047933488512
0.3810910988629966,48.44362307959024,0.0004213176145143005,56.916853979805865,49.791260669756674,0.00035807253033513943,48.372916823711336,42.316964879689664
0.3827182880245555,48.329719838281115,0.0004131607829058188,56.77792569450118,49.69540108368004,0.00035114014195889326,48.25484342506761,42.23549502568674
0.38435242498567035,48.215330251003074,0.000407602882277504,56.799737780286996,49.753416822296295,0.00034641655226605266,48.273381241859866,42.28480187071275
0.38599353941217235,48.100452241147934,0.0003997384389557932,56.33847713431011,49.40905688813021,0.0003397326610095035,47.88136163252222,41.992134702939474
0.38764166109656006,47.9850837232408,0.0003921618281236023,56.24442820534425,49.344924765466125,0.0003332933949579885,47.80143063317642,41.93762962020144
0.38929681995854054,47.86922260290216,0.0003863421722802865,56.08895436430395,49.27500676778165,0.0003283473428070523,47.66929537525135,41.8782071952081
0.39095904604557286,47.75478486890105,0.0003789596566061344,55.67320726244108,48.957458397496325,0.00032207303578400063,47.31595715340854,41.608326837647105
0.3926283695334128,47.64127087172793,0.000371752716652046,55.5641185786892,48.88401729918113,0.0003159479483524941,47.22324405602951,41.545910173832496
0.39430482072666145,47.52727219058702,0.00036648535270317466,55.494757521132726,48.874880757146315,0.00031147128212162035,47.16429496743135,41.53814514191307
0.39598843005931467,47.41278675596661,0.0003596627233789011,55.147288771037225,48.606232934740184,0.0003056728154505848,46.86898565618283,41.30982474365751
0.39767922809531625,47.2978124895185,0.000352768301067714,55.01604326599737,48.516760512476125,0.00029981333282484235,46.75744175565328,41.23378325967579
0.39937724552911213,47.182347304020375,0.0003477949459387163,54.95819386942151,48.5141664024624,0.00029558654098432464,46.70827628263084,41.231578558271
0.401082513186208,47.06855412971027,0.0003410620418477382,54.51622342944765,48.17559286500435,0.00028986433065818006,46.33265117624355,40.94382917612877
0.40279506202372894,46.95552590643389,0.00033458163820746417,54.42253615297717,48.11027327656733,0.0002843567172826011,46.25302754079535,40.88831488119701
0.40451492313098103,46.842015073355256,0.00032986254371815497,54.35670848843971,48.10343510706567,0.0002803460183550816,46.19708143838956,40.88250320712509
0.4062421277300163,46.728019569818926,0.0003236070786345219,53.951796049468236,47.79141009540663,0.0002750295774236912,45.852951459979245,40.61731708244478
0.4079767071761989,46.613537326370874,0.0003173554619470824,53.83940409901754,47.71045851905501,0.00026971640719572086,45.7574309578669,40.54851735800823
0.4097186929587748,46.498566264720864,0.0003127470710100508,53.7331841680205,47.66996575229248,0.00026579979382198687,45.667155977296765,40.51410306590311
0.4114681167014434,46.386040531107625,0.0003070847361669497,53.412275532392364,47.42307472762771,0.00026098744680627667,45.39441977257333,40.30427349582766
0.41322501016293123,46.2735993495724,0.0003009606091748758,53.24668263637463,47.29907403248896,0.0002557826284635316,45.25368445736238,40.198886867920265
0.414989405237569,46.16067806479558,0.0002967020251309568,53.18911871159459,47.293158288748124,0.00025216331155932664,45.20476160322116,40.19385915187631
0.41676133395587023,46.047274626824304,0.00029121130013930733,52.796050043621555,46.99471643206378,0.0002474968135934136,44.870697496504846,39.94021717940841
0.418540828485113,45.93338697695277,0.00028540693349738,52.66620670747796,46.891710274798704,0.00024256375554203405,44.76034528164744,39.85267354462702
0.4203279211299236,45.81934096881481,0.0002813117794976535,52.584977939431866,46.86805032127558,0.00023908333577253409,44.691309975483456,39.83256524833515
0.42212264433286323,45.70627340702961,0.0002763916510661283,52.275655810528036,46.63678620007548,0.00023490178063133475,44.42842099678996,39.636016786554556
0.4239250306750169,45.59272306747393,0.0002706748295605604,52.096239376325606,46.49091665397931,0.00023004312608793795,44.275937230706184,39.51204409785104
0.42573511287658483,45.478687888775156,0.0002666762093235084,51.97482774273502,46.433933992824024,0.00022664474914663418,44.17275101357634,39.46361525233831
0.42755292379747667,45.36416580075897,0.000262227853495137,51.72838661220851,46.254733052122134,0.00022286414759468563,43.963303802858576,39.31131463146459
0.4293784964379076,45.249154724411824,0.00025655187816529535,51.47160393965689,46.044300327835415,0.00021804020770121784,43.74506744591733,39.13247051136407
0.4312118639389979,45.136076299721125,0.00025302449989673324,51.468707664837126,46.077193256458685,0.00021504233336945206,43.74260593845234,39.160425796822146
0.43305305958337426,45.02376336541417,0.00024873285107057625,51.16209564060591,45.85576176949382,0.00021139491512356786,43.48202024356224,38.97223396694865
0.43490211679577395,44.91097087545779,0.00024338664179147603,50.95640580840982,45.678305099221994,0.0002068512392402904,43.307207047670644,38.821415779528856
0.4367590691436521,44.797696782237225,0.00023988448324061446,50.88592492444222,45.65828545937197,0.00020387479882873173,43.24730623271984,38.80440133994564
0.43862395033779034,44.68393902939479,0.00023602170975371226,50.647629517127385,45.49336686128302,0.00020059187632818292,43.044781969491886,38.6642391020456
0.44049679423290944,44.570689140258345,0.00023076669796155385,50.391061986741434,45.26962443688229,0.00019612570803961425,42.82672845916562,38.47408323557216
0.4423776348282834,44.45971954513128,0.0002274069622651109,50.306330215587096,45.23767458321922,0.00019327031101694413,42.754715994811406,38.44692945763633
0.4442665062683572,44.34827613016693,0.0002239509174978212,50.14426535440562,45.13638087285606,0.0001903330621288302,42.616979111940836,38.360841209893394
0.44616344284336595,44.236356872241416,0.00021877429262238035,49.813818844354074,44.850690909535636,0.00018593351389279978,42.33613678795925,38.11803691087203
0.448068478989958,44.123959739592486,0.00021564864080823252,49.772121037411104,44.84896920019814,0.00018327706181132494,42.30069834739297,38.11657365180633
0.44998164929182,44.011082691782626,0.0002124800757163365,49.6463713801829,44.779425556252974,0.00018058413827596608,42.19382529864948,38.05746938533772
0.45190298848030425,43.901529656622664,0.00020746883056155702,49.287359081847555,44.46544665520109,0.0001763251441800981,41.88870527124552,37.790622674689025
0.45383253143506,43.79154570820158,0.00020438974933121787,49.18741132211202,44.41848598218353,0.00017370827185083176,41.80376092997679,37.75071139057853
0.4557703131846658,43.68109214847405,0.00020149717499578498,49.12094883084015,44.394760990878005,0.000171249909380834,41.747275296330706,37.73054781949512
0.45771636890726614,43.57016697228583,0.00019662803885498695,48.70010349307708,44.030640668949786,0.00016711169194482255,41.38960414805391,37.421086547220554
0.45967073393120955,43.45876816592106,0.00019375772663924278,48.63417946861672,44.009392324285336,0.00016467224976975895,41.333576150564156,37.40302784690202
0.46163344373569004,43.34852715080136,0.00019100437659416914,48.564108597231204,43.982026591904,0.00016233221226936997,41.27402380013911,37.379770055865784
0.4636045339513916,43.23814609872207,0.00018641248218053254,48.153698251102064,43.62510504913176,0.000158429619082949,40.92522121973052,37.076426935263264
0.46558404036113443,43.12729373977647,0.00018373170222021182,48.123120998587325,43.62996083628396,0.00015615125798292622,40.89923399821055,37.08055380756212
0.46757199890052503,43.0159680615706,0.00018113300634545133,48.057562716804824,43.606904021657286,0.00015394265911264235,40.84351684081293,37.06095811141645
0.46956844565860806,42.90416704311795,0.00017686162426078174,47.694010072696976,43.28513164992588,0.00015031246531490853,40.53453803076294,36.78748782826527
0.47157341687852217,42.79346207168128,0.00017414827634828822,47.56890855762698,43.21516519203351,0.00014800642512281695,40.428215829870595,36.72802421755203
0.47358694895815723,42.68271780730135,0.00017169523851423666,47.51864477051418,43.201826239796176,0.00014592161918547378,40.38549727072263,36.716687610168194
0.4756090784508155,42.571500685205145,0.0001675585676605994,47.08402278337962,42.824359663424175,0.00014240591476510892,40.01611752178437,36.39588352445657
0.47763984206587545,42.459808686376846,0.0001650509478035201,47.01799919709447,42.79920471887814,0.00014027472025434024,39.96000490795459,36.37450465413703
0.47967927666945737,42.347639783179844,0.00016275362569795533,46.9866060353414,42.8008814806335,0.0001383222551520142,39.9333242554566,36.37592971281919
0.4817274192850936,42.23844677789003,0.0001589334802493154,46.55123282296617,42.422559586476154,0.00013507556168390538,39.563306049654656,36.05439870330213
0.48378430709439985,42.1294317239968,0.00015653293168029864,46.54722271263548,42.44386151511662,0.00013303536571134642,39.55989790742758,36.07250294396651
0.4858499774377507,42.01995119579921,0.00015424238768548706,46.441327099606006,42.38615528728327,0.00013108866123991896,39.46989856061042,36.023459148253856
0.4879244678149572,41.910003205807264,0.00015089926931992033,46.07338698071607,42.065303413049065,0.00012824738707731753,39.15719089104238,35.750771184323696
0.49000781588594766,41.79959357393072,0.00014823586688960958,45.92673432854595,41.96751359649347,0.00012598379492102574,39.032552650356784,35.66766085176512
0.4921000594714516,41.69079690748452,0.00014624816871361954,45.95601292896836,42.01671144791972,0.00012429447529397955,39.057436163831554,35.709473485608015
0.49420123655368586,41.58153569920833,0.00014321996324761143,45.5479102564148,41.67154710475515,0.00012172084163558567,38.71059484610918,35.416122660765616
0.49631138527704466,41.471807965593676,0.00014055353050806312,45.447583460084424,41.60061008975662,0.00011945467405766656,38.62532836641583,35.355834185800646
0.4984305439487916,41.361611714662835,0.00013858480597100914,45.41816345611874,41.60250720336242,0.00011778147988721047,38.600324675851866,35.3574465187432
0.5005587510397552,41.251503696972485,0.00013596546540241652,45.06811516603824,41.314488117744325,0.00011555533535184212,38.30282304608234,35.11266272803705
0.5026960451850276,41.14250169556359,0.00013332647677032823,45.016256837538926,41.27062651008594,0.00011331249217495081,38.2587493063074,35.07538530051504
0.5048424651846657,41.03303427558205,0.0001313395477454936,44.901320947690074,41.202855280694884,0.0001116238262397773,38.161066742164095,35.01778738683665
0.5069980500043954,40.92309944977583,0.00012916165852609526,44.69280154943533,41.040091640446384,0.00010977286564208523,37.983848733742796,34.87945662044435
0.5091628387763188,40.81269522240773,0.0001262301017568618,44.39938521517131,40.78819163644162,0.00010728137249293063,37.73447788943879,34.66536998196046
0.5113368707996258,40.70449333081834,0.0001245041004767207,44.41975458705431,40.828853031134344,0.00010581446575926774,37.75178956186885,34.69992758881809
0.5135201855413057,40.59751090847602,0.00012250673729291233,44.2026944084829,40.668367197596766,0.00010411693196389343,37.56731285190346,34.563532701640185
0.5157128226368651,40.490071690793606,0.00011959809766394338,43.86419230751643,40.36887021091802,0.00010164491580340456,37.27962418273506,34.30899398748877
0.5179148218910469,40.3821737273387,0.00011794884132850045,43.883132314080655,40.40763513119928,0.00010024323363095586,37.29572105559625,34.341939804647055
0.5201262232785528,40.273941282629465,0.00011616022749868994,43.73208722003833,40.30469248974887,9.872311328049058e-5,37.16734973392532,34.254450151156
0.5223470669447694,40.16734078665107,0.00011344370989565671,43.44877248211044,40.04485592288924,9.641437920835973e-5,36.92656410902799,34.033618327933326
0.5245773932064965,40.06028512608817,0.00011172923761800339,43.344757053460754,39.98289523064261,9.495727082860093e-5,36.83816270721757,33.98095871653862
0.5268172425526795,39.95277235747138,0.00011014233436664245,43.29503500059196,39.96185108991243,9.360858175642214e-5,36.79590456117563,33.96307356657005
0.5290666556451438,39.8448005290331,0.0001074942495558513,42.92843904675531,39.63405453575059,9.13580078518985e-5,36.484339280544674,33.684483406699385
0.5313256733193337,39.73769335399132,0.00010594175921932529,42.91262615929158,39.6425519902767,9.003856588230135e-5,36.47090010679313,33.691705286200154
0.5335943365850533,39.63106618050249,0.00010437048306188688,42.79770837690728,39.568933887315595,8.870315808028517e-5,36.37323293195573,33.629138188367925
0.5358726866272109,39.52398372852109,0.00010187324667640886,42.391440562073015,39.206982857810424,8.65807883511583e-5,36.02795103668264,33.321520570382184
0.5381607648065669,39.41644405409135,0.00010035318027938993,42.38999506219407,39.22578276798959,8.528890307908047e-5,36.026722524554444,33.33749837709147
0.5404586126604846,39.30936243027819,9.893262432545041e-5,42.34575750290554,39.210058556942315,8.408159047835723e-5,35.989125580480426,33.3241345683086
0.5427662719036842,39.20551776433421,9.67449450094556e-5,41.946034146448916,38.85805545172087,8.222230940096112e-5,35.64940573789686,33.024971565789066
0.5450837844290001,39.101229700695,9.510702363775268e-5,41.91834732828592,38.849777875340074,8.083026067133042e-5,35.62587506010172,33.01793655795268
0.5474111923081413,38.99649634613365,9.37098931796839e-5,41.829117845891304,38.79600086976137,7.964285710429537e-5,35.550040047653056,32.97223215871076
0.5497485377924557,38.891315799339495,9.187566149588866e-5,41.502912014738016,38.51478255574908,7.808396671469086e-5,35.27280182321805,32.73322825807621
0.5520958633136962,38.78568615088368,9.002911726252063e-5,41.349241821024535,38.38906357747091,7.651461204439044e-5,35.14219946242307,32.626381282985676
0.5544532114847919,38.67960548318437,8.879303290128035e-5,41.35775894733791,38.41653944982616,7.546407952524274e-5,35.149438060727896,32.64973268059755
0.556820625100621,38.573071870472056,8.724059728327201e-5,41.09160033410216,38.198178924737356,7.41446840602241e-5,34.92323320997252,32.46415082251646
0.5591981471387883,38.466083378754526,8.535684364723917e-5,40.930038935158976,38.05221537158977,7.254370558758205e-5,34.78592421331269,32.340098238404785
0.5615858207604049,38.36180970730259,8.410734177015016e-5,40.86190834007854,38.015065705195696,7.14817696908274e-5,34.728020879264314,32.308525205166745
0.5639836893108718,38.25870135963251,8.280487953888065e-5,40.71160687003108,37.90297769018159,7.037482345656121e-5,34.60028155425406,32.213263013951185
0.5663917963206673,38.15515275821131,8.08633680151682e-5,40.43977764797567,37.654360624412845,6.872475728315428e-5,34.36925732453458,32.0019665032963
0.5688101855061365,38.05116202323613,7.97001572468963e-5,40.4060677512297,37.64578087457729,6.773615911217972e-5,34.34060770816599,31.99467468204928
0.5712389007702855,37.947966167648005,7.852341035033178e-5,40.31307945583513,37.58343089739955,6.673605675637712e-5,34.261578127924324,31.94168422229813
0.573677986203578,37.84552457944972,7.655929527869808e-5,39.89535716285354,37.208908396023865,6.506678011248453e-5,33.90656121604481,31.623382268819068
0.5761274860847363,37.74264558444107,7.54977944828498e-5,39.935202726882395,37.260110884271256,6.416462396513159e-5,33.94042545870385,31.66689861823004
0.5785874448815442,37.63932731497514,7.43792768345554e-5,39.83344424105393,37.1915017887889,6.321400991351877e-5,33.853942204150925,31.608588612721018
0.5810579072516552,37.53556789543048,7.259343907976333e-5,39.4494718035028,36.84493407558386,6.169624891422232e-5,33.52760886902231,31.314045081369144
0.5835389180434026,37.43136544217709,7.152884233667197e-5,39.476653076630825,36.88474652796937,6.0791461560328445e-5,33.550709890464056,31.347881182859847
0.5860305222966139,37.326718063542216,7.04650727342918e-5,39.3774933330577,36.81743810227798,5.988737718289983e-5,33.46643527419969,31.290676600212684
0.5885327652434285,37.22162385977601,6.897672530388879e-5,39.055421926660614,36.52855829505311,5.862244946076654e-5,33.19271084525515,31.045161293061373
0.5910456923091185,37.11817230763526,6.770493355991802e-5,38.94286294351528,36.44315065741716,5.75415696870881e-5,33.09704838416089,30.972574418302987
0.5935693491129138,37.01722603548345,6.676617483877228e-5,38.945494362120904,36.46125970114647,5.6743730481997314e-5,33.09928479366771,30.987965066324143
0.5961037814688301,36.9158487412468,6.549873392219618e-5,38.62512633513041,36.18613585521247,5.566654842168428e-5,32.827008045411624,30.75414077729533
0.5986490353865005,36.814038584539986,6.418891927794171e-5,38.56121036957977,36.12857700627391,5.455335346429114e-5,32.77268667187989,30.705222237047803
0.6012051570720106,36.71299887419159,6.321622244050262e-5,38.45178710476738,36.05173255457529,5.37266706819149e-5,32.679689218274554,30.639913106088105
0.6037721929287377,36.61288447577923,6.222078810606263e-5,38.308333279332075,35.93856712656857,5.2880663587418496e-5,32.55776962011322,30.54373523514973
0.6063501895581932,36.512342607230465,6.077854950568275e-5,38.068626599499915,35.71819490729014,5.165492317877127e-5,32.35404593416032,30.356443663532037
0.6089391937608679,36.411371443326146,5.9912875107544255e-5,38.051375136196924,35.719870729022745,5.0919197418657625e-5,32.33938413293464,30.357867923300702
0.6115392525370827,36.31150840359085,5.9042096152956374e-5,37.98224560234645,35.67483078665498,5.017913336035491e-5,32.280631813416115,30.319589043960786
0.6141504130878409,36.21228430266204,5.7549466027101634e-5,37.578946051104474,35.30830367552677,4.891056582933581e-5,31.937872607958447,30.00808227188005
0.6167727228156855,36.11263653300394,5.675145406941073e-5,37.61048903944147,35.35166540453526,4.823234552454867e-5,31.964680596181722,30.044934858837934
0.6194062293255598,36.01256328562872,5.590655218955557e-5,37.51602694818469,35.284357633005115,4.751427406590952e-5,31.884398455412327,29.987730832154167
0.6220509804256713,35.912062743824485,5.455431282356865e-5,37.1286115136164,34.93146941559992,4.636502287223248e-5,31.55513896051398,29.687815583945508
0.6247070241283598,35.81113308312233,5.3732253038063125e-5,37.139808984595334,34.95556595895322,4.566636462168185e-5,31.56465554996729,29.70829493243132
0.6273744086509692,35.70977247126317,5.294198766134578e-5,37.06352178197052,34.90408191983986,4.4994728038427094e-5,31.49982001797192,29.664539296487998
0.6300531824167224,35.608085432997996,5.1862919922281795e-5,36.78360617516218,34.650838782623644,4.407764196744692e-5,31.261923271770826,29.4493111460164
0.6327433940556006,35.51123781399838,5.087093912426965e-5,36.6661344992811,34.55586132933085,4.323456999003254e-5,31.16208557503949,29.36859100554816
0.6354450924052264,35.41397667341185,5.0168522924612396e-5,36.67283354591759,34.57614879899398,4.263759531511985e-5,31.167779010341807,29.385833070313826
0.6381583265117499,35.316300245577004,4.92766515658129e-5,36.43006434500649,34.367042990532205,4.187960508832401e-5,30.961452526323594,29.208116679248626
0.640883145630739,35.218206757293395,4.820035007053405e-5,36.26471796592969,34.21694328971998,4.09648700130714e-5,30.82092672275367,29.080548835368322
0.6436195992280742,35.11969442778933,4.7512354282142104e-5,36.244209913242436,34.2130297931425,4.0380151063939816e-5,30.803497187256,29.077222803952406
0.6463677369808463,35.020761468689535,4.678764407495035e-5,36.12152570896206,34.11848618719926,3.976422899301476e-5,30.69922942833624,28.996871384878386
0.6491276087782578,34.92140608398272,4.567412304410026e-5,35.87102468302539,33.883499971530796,3.881786150359106e-5,30.486331763679857,28.797159561922005
0.6518992647225293,34.823525734711474,4.499449832991085e-5,35.813463224160984,33.847163282882136,3.824025702491612e-5,30.437411005289253,28.76627746822311
0.6546827551298087,34.7261035704567,4.4308952180136614e-5,35.694356004287414,33.75555205751574,3.765761999277076e-5,30.336183280332914,28.68841824244195
0.6574781305310843,34.62826543141205,4.32470843243552e-5,35.39433148822897,33.47671276575137,3.675515188580702e-5,30.081196225610622,28.451436242830972
0.6602854416731028,34.53029498311451,4.258961678344278e-5,35.352166303741924,33.452674733982,3.619637850943365e-5,30.0453605667604,28.431006622602876
0.66310473951929,34.43443885634414,4.199106169962326e-5,35.33416533332647,33.44942679685428,3.5687674087817445e-5,30.030061768886544,28.428246241774662
0.6659360752506764,34.338173441477004,4.104627222025697e-5,34.93222381602742,33.08582149240279,3.4884709417326024e-5,29.688456739360454,28.119222676362345
0.6687795002668259,34.24149699092792,4.034949619387661e-5,34.970643390857994,33.126139436508055,3.429252825459324e-5,29.7211090517729,28.153488388894502
0.6716350661867692,34.14440774964985,3.974999767226137e-5,34.89009927281978,33.06857360529196,3.378302201708544e-5,29.65265562102137,28.104563914497305
0.674502824849941,34.04690395510201,3.902378701156132e-5,34.63795825406771,32.84684399912411,3.316582472963523e-5,29.438364147141463,27.916118716870656
0.6773828283171204,33.94898383721791,3.820881002575576e-5,34.54517802957231,32.76112019144645,3.2473186061278776e-5,29.359511403734505,27.843263133178795
0.680275128871377,33.85119587611594,3.763926516238408e-5,34.47571649834757,32.71221537258556,3.198913706037958e-5,29.300476923832043,27.801699544019847
0.6831797790190193,33.75824707139138,3.7093891449400455e-5,34.42911152062322,32.68084958231053,3.15256308155447e-5,29.2608679406681,27.77504215419604
0.686096831490548,33.66490139230246,3.616144407595637e-5,34.08147978330591,32.36010521294136,3.073315554531802e-5,28.965420108634042,27.502445557295708
0.6890263392416137,33.57115714426836,3.564362214617888e-5,34.07494796769872,32.36633668746221,3.0293065213770398e-5,28.95986880087577,27.507741608950163
0.6919683554539777,33.47701262547271,3.5120964451826164e-5,34.006499606619,32.31703122987458,2.984886502685974e-5,28.901695401509684,27.465837521986963
0.6949229335364776,33.38246612683271,3.427017501270331e-5,33.67464193496885,32.00883484959674,2.9125789805805118e-5,28.619653749071563,27.203905302861877
0.6978901271259972,33.28751593196809,3.3759474188750264e-5,33.69073262944201,32.03402896555421,2.8691751612344063e-5,28.63332902749898,27.225317464470283
0.7008699900884396,33.19303030725837,3.325434883900778e-5,33.60419285898373,31.968592876408806,2.8262451944141905e-5,28.55977996732417,27.169704157054827
0.703862576519706,33.100260127889115,3.2596347539739863e-5,33.3798748541822,31.761863729821002,2.7703224933269624e-5,28.369134922322644,26.994007660961127
0.7068679407466766,33.007093836853024,3.197097882358926e-5,33.30081971205857,31.695465702445645,2.7171731943491285e-5,28.301946953434026,26.937576814368196
0.7098861373281977,32.91352974282587,3.1491433252437914e-5,33.21870046192443,31.633838760597587,2.6764172206709037e-5,28.232154837766963,26.885200853230685
0.7129172210560719,32.819566147261774,3.096437815828193e-5,33.05097272283867,31.488402629470848,2.6316234725129914e-5,28.08960514633983,26.76159651844696
0.7159612469560527,32.72520134436237,3.0251439725721512e-5,32.8465895531031,31.298608097976334,2.5710317337093885e-5,27.915902466404404,26.60029253827904
0.7190182702888435,32.63043362104585,2.982440983261762e-5,32.84773979043549,31.31037978451171,2.5347390013182377e-5,27.916880038615744,26.610297146296418
0.7220883465511007,32.53734960346698,2.9368802523451055e-5,32.735229478677745,31.219981412449044,2.496017510354579e-5,27.82125894272035,26.533468709251434
0.7251715314764414,32.444854055706756,2.866515250242813e-5,32.49825377338394,30.994754790701037,2.4362151819405363e-5,27.619856277606686,26.342051442159203
0.7282678810364549,32.35196356890635,2.8233666551522763e-5,32.44555496123547,30.958560838611604,2.3995437348132044e-5,27.575068221371705,26.31129065846296
0.731377451441719,32.26005390819015,2.780934782122712e-5,32.35677963615724,30.889105047879184,2.363481420732007e-5,27.49961919150208,26.25226105733257
0.7345002991428204,32.16949132485821,2.71670790682752e-5,32.00558393411562,30.563757779592123,2.3088958089270487e-5,27.201142390768652,25.975752514656342
0.7376364808313793,32.078542055890004,2.672455615854868e-5,32.041839897065806,30.603658436269743,2.2712863445803672e-5,27.231955876713872,26.009663579863197
0.7407860534410791,31.98720445020871,2.6344003998998043e-5,32.01882338204558,30.592949080774787,2.238943696183887e-5,27.21239443069579,26.00056183360756
0.7439490741486989,31.895476849687732,2.5843499962698804e-5,31.745253231021024,30.347114156819515,2.1964064889685607e-5,26.979890607387915,25.791629830214138
0.747125600375153,31.803357589120566,2.5304602733380127e-5,31.662264177506472,30.269636636542586,2.150606292668867e-5,26.90935925679074,25.725782662248864
0.750315689786532,31.711160685977102,2.4937994912796397e-5,31.632091541714573,30.252259725249946,2.1194487560658937e-5,26.883715913923766,25.711014244357916
0.7535194002951501,31.621456791735795,2.4545875862381838e-5,31.498573435715198,30.140251984650906,2.0861230521936703e-5,26.77024055848232,25.615820277355954
0.7567367900605966,31.531369878303295,2.394935870791161e-5,31.25086189596952,29.905631937139127,2.035425811078862e-5,26.55971364298129,25.416419656100793
0.7599679174907917,31.44089831025783,2.3595533453048255e-5,31.215428866031854,29.883454589067213,2.0053546486254594e-5,26.529599557431254,25.397571407495313
0.7632128412430468,31.35004044519469,2.326210167172714e-5,31.19865511298478,29.876805735753496,1.977016701784703e-5,26.51534375613107,25.391920630865396
0.7664716202251286,31.2587946336964,2.272028127096175e-5,30.89211534717696,29.589882818386915,1.9309680688280864e-5,26.25481947276427,25.148068459740223
0.76974431359633,31.167159219302764,2.2336956571911685e-5,30.839340356387034,29.550170667862087,1.898389785794028e-5,26.209966673262056,25.11431760353672
0.7730309807685428,31.078163519249348,2.201257035808124e-5,30.79893980102854,29.522333264068166,1.870820610333371e-5,26.175630750466997,25.09065894491182
0.7763316814073368,30.989044602001908,2.1588387892101615e-5,30.547544212398307,29.292792089360518,1.834769877184646e-5,25.961972808252323,24.895574793639337
0.7796464754330428,30.89954516330784,2.1144772405192255e-5,30.46574978684488,29.21774030838929,1.7970675560802675e-5,25.89245675690235,24.831789230936227
0.7829754230218404,30.81263900143215,2.0845504366800272e-5,30.456492428389602,29.218584835283536,1.771633142691455e-5,25.884589044629934,24.83250698369933
0.7863185846068507,30.725716800221885,2.052852855324042e-5,30.374670832749544,29.15072206387324,1.7446937678098093e-5,25.815049901765782,24.774831269612573
0.7896760208792327,30.638423457139954,2.0016990982807986e-5,30.08674944967206,28.88020458944698,1.7012188344350464e-5,25.570349147217456,24.544921877669992
0.793047792789286,30.550757387478566,1.9730906313480677e-5,30.088755082605626,28.89049752621318,1.676904858966868e-5,25.57205370936892,24.55366971489655
0.7964339615475567,30.462716999763526,1.9442069535011038e-5,30.037271032059202,28.85151250673833,1.652356985211411e-5,25.52829806370879,24.520536838207743
0.7998345886259485,30.37430069572534,1.8983997532093024e-5,29.727648500733718,28.560678623212855,1.6134260230322898e-5,25.26515377678336,24.273360786237507
0.8032497357588388,30.28550687027019,1.867442155699737e-5,29.721022537442543,28.561206387011758,1.5871155510950415e-5,25.259522454095098,24.273809326038318
0.8066794649442002,30.196333911450797,1.8402112514351525e-5,29.676392320274942,28.528774511047928,1.5639723487758734e-5,25.221591795038673,24.246245883424432
0.8101238384447242,30.106904038881897,1.8061888274746715e-5,29.479112754566092,28.347699756201237,1.535057119466725e-5,25.053926378632525,24.092352731526397
0.8135829187889534,30.020427030276167,1.7679310747887916e-5,29.36709628707755,28.244280073158755,1.5025423376554746e-5,24.958724994757166,24.004457646398823
0.8170567687724156,29.933580780689613,1.7421749376444265e-5,29.333098287788573,28.221471362361708,1.4806525213239795e-5,24.929830523668485,23.985072810570877
0.8205454514587639,29.84690916498967,1.7162756910028476e-5,29.272888925643613,28.172773343250896,1.4586410780345387e-5,24.878659345653613,23.94368497791304
0.8240490301809217,29.76282327565788,1.673047571305421e-5,28.985159571474746,27.900636701269843,1.42190204394613e-5,24.634121794054415,23.712399475873447
0.8275675685422323,29.67837835498642,1.6481193853319665e-5,28.948577903839073,27.874974493789956,1.400715892879387e-5,24.60303149580215,23.690589489179914
0.8311011304176139,29.59357286997726,1.6250463260099188e-5,28.94090409057813,27.87529298620765,1.381106390571864e-5,24.596509618631565,23.690860171871467
0.8346497799547185,29.508405281086755,1.5873750635091535e-5,28.61969932745896,27.573686828523506,1.3490900593768852e-5,24.32352173888585,23.434528899866333
0.8382135815750971,29.42287404219767,1.5611663574797754e-5,28.650573889295558,27.607038305044327,1.3268156104541454e-5,24.34976163985122,23.46287389940306
0.8417925999753688,29.336977600591148,1.537593464886882e-5,28.576151249311117,27.546179938372006,1.3067813061495737e-5,24.286510776143153,23.41115114062037
0.8453869001283955,29.250714396918507,1.5109782379448876e-5,28.42611493437147,27.40934652721242,1.2841613602269462e-5,24.158996803117052,23.294858149109
0.8489965472844612,29.16408286517293,1.476624343733089e-5,28.254108010863547,27.248243286110444,1.2549644185290175e-5,24.012810286783886,23.157938535023845
0.8526216069724567,29.079703039633493,1.4550754076272827e-5,28.226466782379553,27.229962178778997,1.2366502493330974e-5,23.989318355082325,23.142401652315897
0.8562621450010692,28.99597066497541,1.4339359245763602e-5,28.18394172763913,27.1974015555327,1.2186840691278223e-5,23.95317684703952,23.11472878900936
0.859918227459977,28.91188076842053,1.398596629273929e-5,27.93587218404126,26.96046894977399,1.188649647462851e-5,23.74234566857675,22.913362753647363
0.863589920721049,28.831021744136923,1.3778939126196292e-5,27.923913631478737,26.956139608221697,1.1710546695131102e-5,23.732182245478135,22.90968330082861
0.8672772914395499,28.749899588329903,1.3573402201930652e-5,27.858076721514905,26.902373633309995,1.1535863453762371e-5,23.676228285500997,22.86398827641155
0.8709804065553504,28.66745064922694,1.3280880909906464e-5,27.568682308329564,26.63086283935258,1.1287253294576988e-5,23.43027562122992,22.63323467471913
0.8746993332941417,28.58191533423474,1.3040360102432235e-5,27.581656602417297,26.645390706421978,1.1082837691802269e-5,23.441302310248517,22.645581725833782
0.878434139168657,28.49601479912089,1.2838176773526442e-5,27.487305142932318,26.56509773352188,1.0911004628861528e-5,23.361114194027582,22.57734174016973
0.8821848919798959,28.41193237644229,1.2635078252990093e-5,27.394673570022967,26.48302259778483,1.073839375608895e-5,23.28238778773001,22.507587116772733
0.8859516598183563,28.329063483996162,1.23342129563665e-5,27.201808966563718,26.29905554686399,1.0482692132561444e-5,23.118474592094103,22.35123583889545
0.8897345110652698,28.245840756564064,1.2155932411876602e-5,27.1916685404588,26.29609971789567,1.0331173744827724e-5,23.10985637175634,22.34872371711022
0.8935335143938433,28.16579619772929,1.197432361834044e-5,27.123733859345634,26.23955024633531,1.0176826720178464e-5,23.05211954251946,22.30066303397435
0.897348738770506,28.085676485819373,1.1695724771626465e-5,26.880296576063706,26.006876864610447,9.940049071785274e-6,22.845225263714713,22.10291685943593
0.9011802534561608,28.004034423964463,1.1500718241500173e-5,26.847206815768047,25.98134397175548,9.774315479671654e-6,22.81710269349911,22.081216775612248
0.905028128007442,27.91938118383628,1.1329323648221244e-5,26.787487404188557,25.932380676970595,9.62864937508237e-6,22.766347918294553,22.03960348850252
0.9088924322779782,27.83436648988448,1.111475673273967e-5,26.574887814664944,25.73450471834486,9.446291657992224e-6,22.58566220674012,21.87143120527318
0.91277323641966,27.7545352716068,1.088703110893936e-5,26.53463426424722,25.69573749247228,9.252750520552889e-6,22.55145122159139,21.838483428621895
0.9166706108839139,27.676587782321725,1.0722082447559937e-5,26.47198552221107,25.643765379533797,9.112562732241183e-6,22.498206845352673,21.794312984886236
0.9205846264229808,27.597722845117406,1.0563994091540575e-5,26.423628862111627,25.603979029476772,8.978205430988461e-6,22.457109129416146,21.76049906743552
0.9245153540912009,27.515177564084784,1.0301111093231994e-5,26.180099629703797,25.370570426264145,8.754784484074202e-6,22.250136704208217,21.562128037421303
0.9284628652463034,27.43227982982763,1.0154284407300233e-5,26.201707112818287,25.396365008882107,8.629998334288092e-6,22.268500631768894,21.584050528076244
0.932427231550702,27.35145536898596,9.998084965409144e-6,26.114814468937578,25.321130031120674,8.497246397345325e-6,22.194651668919942,21.520109268730135
0.9364085249727955,27.27182950054409,9.790005629311097e-6,25.878008904198193,25.097222787457405,8.32040239220451e-6,21.99339360411906,21.329813324442828
0.9404068177882748,27.191863644234502,9.606933085108739e-6,25.8700731302628,25.09145902885494,8.164811344313003e-6,21.986649089872984,21.324914778652367
0.9444221825814348,27.111556348371302,9.457019098868818e-6,25.777793418511678,25.01117550875903,8.037401336906978e-6,21.908221725938972,21.256682826807452
0.9484546922464919,27.03090615507016,9.30923958827232e-6,25.69681152978135,24.939020724710765,7.911805393447603e-6,21.839396239393825,21.19535938527574
0.9525044199889076,26.952416020210755,9.089664629989356e-6,25.53624651978295,24.784074646824536,7.725191403901375e-6,21.702934061139796,21.063672666603445
0.9565714393267171,26.875142652792377,8.95321364397456e-6,25.49932639708487,24.754871731367757,7.60922343070052e-6,21.671556114195837,21.038853476827043
0.9606558240918641,26.79688351816272,8.821030351622688e-6,25.448522505174104,24.712703248507808,7.496882516554245e-6,21.628378526787504,21.00301501473126
0.9647576484315417,26.714847031369167,8.62449941698678e-6,25.21758742719874,24.491680168308346,7.3298533522613275e-6,21.4321097146964,20.81517028462017
0.9688769868095372,26.63246026380926,8.470341340634447e-6,25.179110430864306,24.45921693256487,7.198836346160805e-6,21.399408600471563,20.787580189724817
0.973013914007585,26.55574954786347,8.345806890672244e-6,25.139806112039984,24.427688638728046,7.092996086756347e-6,21.366004355290052,20.760784690172027
0.9771685051267239,26.48096690771897,8.194877305485382e-6,24.94437699237065,24.246473283722615,6.964722934605813e-6,21.199911609650073,20.60677204397118
0.9813408355886603,26.404524123815456,8.021171608151675e-6,24.910053670636994,24.21097402082671,6.817092651809272e-6,21.170740651115985,20.57660166786473
0.9855309811371372,26.32491135839439,7.893541194113433e-6,24.813697565983475,24.125886379433876,6.708621171557777e-6,21.088848812232634,20.50428675388017
0.98973901783931,26.244958661053108,7.781393953215985e-6,24.798727077094085,24.116434716271478,6.613308645010443e-6,21.076125582411926,20.496253904486167
0.9939650220871263,26.168629602431725,7.5952051898488115e-6,24.540459901190314,23.868662395120154,6.455069161727242e-6,20.8566275647822,20.285675331634557
0.998209070598714,26.09223672922315,7.472681778535957e-6,24.544358084459887,23.87646795183187,6.350938058723957e-6,20.859940581610736,20.29230917590347
1.0024712404197726,26.01848316094782,7.363894302480166e-6,24.51383427607507,23.852581151586904,6.258480953969443e-6,20.833998781583187,20.272008085441858
1.0067516089249735,25.946572970060448,7.228206798332964e-6,24.33562918440619,23.68538072644845,6.143161854385015e-6,20.68254452025105,20.129906551492333
1.0110502538193629,25.874355735834705,7.072708693825607e-6,24.260265109814313,23.612772184136112,6.011005975245105e-6,20.618493543135866,20.068197466531103
1.0153672531397737,25.801830147251803,6.966074405659779e-6,24.21017016833045,23.570521892771843,5.920378837739729e-6,20.57591848375983,20.032289476418608
1.019702685256242,25.728994887695137,6.86705311772189e-6,24.196151538639477,23.561454125379434,5.8362218931746665e-6,20.564004227074722,20.024582895200936
1.0240566288734294,25.65584863492639,6.698772167928145e-6,23.956068920970868,23.330073904710307,5.693202034939421e-6,20.359961036292905,19.82793576194493
1.0284291630320517,25.582390061061535,6.5911999788154185e-6,23.92076783610374,23.30132620294519,5.601777787240476e-6,20.329959089195295,19.803503452547606
1.0328203671103142,25.508617832546722,6.496518417708176e-6,23.903354810156788,23.28912291265208,5.5213091218113436e-6,20.31515997791483,19.79313202993641
1.0372303208253533,25.43453061013407,6.370085462940379e-6,23.699681524771183,23.096415990756498,5.413855347101156e-6,20.142060619741144,19.62935284587406
1.0416591042346819,25.360127048857347,6.239917752226082e-6,23.661690800955473,23.060029957077557,5.303227450384488e-6,20.10977278240105,19.59842881445587
1.0461067977376444,25.285405798007577,6.143643000673638e-6,23.593098173867254,22.9997810014588,5.221404752476375e-6,20.05147677317265,19.547223986446653
1.0505734820768755,25.210365501108495,6.055952674310462e-6,23.575235492462003,22.986842915234476,5.1468778493394775e-6,20.036295505385585,19.536228070034806
1.0550592383397663,25.13500479589193,5.906842585592348e-6,23.35667416543021,22.775416448629013,5.020151064305e-6,19.85054298826403,19.3565393808626
1.059564147959936,25.05932231427308,5.813369209278799e-6,23.316715233590315,22.741845314821386,4.9407092199042005e-6,19.81658239573126,19.328007697366353
1.064088292718711,24.983316682325658,5.731708831447048e-6,23.315525171469535,22.744701207810124,4.871307094023355e-6,19.815570976934218,19.330434884822118
1.068631754746608,24.90698652025699,5.616158371069412e-6,23.090604344885048,22.531092618435764,4.773102214133612e-6,19.624413601297256,19.14889163701186
1.0731946165248265,24.83033044238292,5.495505062796301e-6,22.98662223890301,22.43274519002011,4.670560488133234e-6,19.53604052000207,19.065307397161497
1.077776960886746,24.75334705710267,5.4188485273426495e-6,23.001050608285873,22.450277916214397,4.60541106482166e-6,19.548303009286997,19.08020824017348
1.0823788710194284,24.676034966873605,5.3376273689662474e-6,22.946041807210264,22.40189149771965,4.536382226020043e-6,19.501551722577677,19.039085232951855
1.0870004304651302,24.598392768185818,5.205510852275002e-6,22.732528655119527,22.19504326284538,4.4240980636661025e-6,19.320089585711887,18.863287525224465
1.0916417231228173,24.520419051536674,5.125921864103935e-6,22.718172385727616,22.185213867598733,4.356456385750307e-6,19.307888373300532,18.85493364609295
1.0963028332496887,24.442112401405232,5.051371020221776e-6,22.688509132177472,22.16100303096696,4.293096563165442e-6,19.282677947980627,18.834357161190308
1.1009838454627068,24.365734240790754,4.948344381605259e-6,22.4655289848528,21.94835989212728,4.20553552154161e-6,19.093169931186477,18.65363443762104
1.1056848447401324,24.297569751268085,4.844075218318561e-6,22.38245607803889,21.86966122371463,4.116918473861235e-6,19.022567314727056,18.58674943124643
1.1104059164230684,24.22911421186551,4.777755302642889e-6,22.41068486855026,21.90001737740064,4.060554013417355e-6,19.046558607990118,18.612548743658575
1.115147146217008,24.16036637985339,4.705174414100922e-6,22.346099314417472,21.842187926209334,3.998868431047021e-6,18.991668159561836,18.563400221967083
1.1199086201933917,24.091325007195824,4.588406571765381e-6,22.128265048487545,21.63105291915197,3.899628913575e-6,18.80653356250696,18.38395924059128
1.1246904247911689,24.021988840528053,4.5174729976472e-6,22.114315476421176,21.62121332672937,3.839343362970872e-6,18.794677997026614,18.375596695008447
1.1294926468183675,23.952356621133674,4.45133283446756e-6,22.081170747646617,21.593351232479762,3.7831316719077902e-6,18.76650870979361,18.351917052276455
1.13431537345367,23.882427084921787,4.363489636219284e-6,21.88740297038352,21.408282833884556,3.708474844882525e-6,18.60182791812531,18.194629752891995
1.1391586922479957,23.812198962404064,4.275049685450632e-6,21.8601478252599,21.3820555288525,3.6333108454115948e-6,18.57866411380558,18.1723394969113
1.1440226911260905,23.74167097867169,4.2106551122855585e-6,21.816573822122148,21.344136752289035,3.5785827093006694e-6,18.541631117740714,18.14011280663407
1.1489074583881225,23.670841853372227,4.14938262206831e-6,21.78776806880386,21.319829500397667,3.5265079921367126e-6,18.517149471060026,18.11945437961751
1.1538130827112856,23.59971030068636,4.044247456281094e-6,21.52924472287583,21.06978862095814,3.4371549398461465e-6,18.297433737755423,17.906947787669413
1.1587396531514091,23.528275029304567,3.983725959239876e-6,21.563716692134385,21.105583621173473,3.3857184823170626e-6,18.326731029947386,17.93736950719621
1.1636872591445744,23.456534742403672,3.92304618765695e-6,21.502363811197846,21.05055546045171,3.3341475092498568e-6,18.27458798972434,17.890601766967627
1.168655990508738,23.3844881376233,3.84852245328949e-6,21.33335987718197,20.889172768776575,3.270810726699849e-6,18.130953676311115,17.753444651362503
1.1736459374453636,23.312133907042227,3.765413879667289e-6,21.25718248351635,20.815799749616758,3.2001777974696007e-6,18.06621146956614,17.691085847163986
1.1786571905410577,23.239470737154665,3.710981508208959e-6,21.245572659095792,20.80807445869938,3.153916411026749e-6,18.056344426120052,17.68452021978202
1.1836898407692156,23.166497308846374,3.6558009726851145e-6,21.201845249486176,20.769318309741458,3.1070191693743937e-6,18.01918105182827,17.65158185726089
1.1887439794916723,23.09321229737075,3.5673076142461677e-6,20.975262115763382,20.549503985979158,3.0318097793976243e-6,17.826610902305994,17.46476443401071
1.1938196984603606,23.01961437232477,3.5061651828671717e-6,20.93122074608937,20.510290900405472,2.9798455976010507e-6,17.7891806973126,17.431437726819027
1.1989170898189778,22.945702197624822,3.4557774972170836e-6,20.918730076251336,20.5012662312827,2.937021738647852e-6,17.778565034448274,17.42376777427751
1.2040362461046576,22.878739674470847,3.394397733917303e-6,20.786472353005497,20.37553402154811,2.884855851443109e-6,17.666160862423336,17.31690955393893
1.2091772602496504,22.813448794829437,3.318928931838962e-6,20.708370931605852,20.2992202024068,2.8207158677571526e-6,17.599783448757446,17.25205140090166
1.2143402255830102,22.74787913509577,3.2684301544635128e-6,20.663181280160575,20.25915049902784,2.7777975933467566e-6,17.561377333559467,17.217996665033986
1.2195252358322892,22.682029504929925,3.2208481099986583e-6,20.637229458246008,20.237046506633845,2.7373582134748973e-6,17.539321207208168,17.199210760494605
1.2247323851252387,22.615898708909466,3.1498608293853655e-6,20.471593666499025,20.0756242789252,2.6770270183974845e-6,17.398549435457586,17.062020043712913
1.2299617679915185,22.549485546507714,3.0917055707178736e-6,20.416459363609075,20.02500058541174,2.6276015970384246e-6,17.351691486338066,17.01899560465125
1.2352134793644127,22.48278881207196,3.0462950111950435e-6,20.3898008864601,20.002298737039105,2.589007734849636e-6,17.329034782609646,16.99970158985093
1.2404876145825534,22.41580729480157,2.998005436015227e-6,20.329619935901345,19.945969635347474,2.547967033540768e-6,17.2778877512438,16.951828196288975
1.2457842693916503,22.348539778726042,2.9234919646492496e-6,20.14427563137566,19.766366808028845,2.484638973386367e-6,17.120365962886513,16.79918601704502
1.2511035399462307,22.28098504268287,2.8824177801861264e-6,20.163202377803245,19.787155221613,2.449730541705632e-6,17.1364515661247,16.81685382773533
1.2564455228113836,22.21314186029543,2.8396512806889656e-6,20.124786998510928,19.752977447004255,2.4133838328072193e-6,17.103802819447345,16.787806567868248
1.2618103149645135,22.14500899995068,2.7783765732014176e-6,19.92534539829203,19.559879625008364,2.361307231213181e-6,16.93429991716115,16.62369516273751
1.2671980137971004,22.076585224776824,2.7253853009881645e-6,19.902729304903136,19.539211902016017,2.316270616855265e-6,16.91507878444067,16.606129925460003
1.2726087171164682,22.007869292620853,2.686706295376879e-6,19.900850342961647,19.540111223996895,2.2833978174921376e-6,16.913481878368824,16.606894247876596
1.2780425231475603,21.938859956025986,2.6422728808089605e-6,19.79339618353238,19.43892223418821,2.245634418484701e-6,16.822157942610218,16.52089500081302
1.283499530534722,21.86955596220903,2.5771157463239283e-6,19.617979578139025,19.267755052582178,2.190258191119181e-6,16.673073580617878,16.375422170538258
1.2889798383434932,21.799956053037636,2.5381144986579373e-6,19.60932404902783,19.26202221987964,2.1571115222952627e-6,16.665717355519604,16.37054990828036
1.2944835460624038,21.730058965007473,2.5002838824026818e-6,19.56900715597492,19.2258504535588,2.1249597583528196e-6,16.63145253626359,16.339807979989214
1.3000107536047827,21.659880634986912,2.4496802971005623e-6,19.375375886748536,19.039206222344266,2.0819524090065346e-6,16.466887761055165,16.181181400323208
1.30556156131057,21.598266669452673,2.400886578535888e-6,19.37423120432345,19.0377947737906,2.0404832425890443e-6,16.465914909889538,16.17998182798719
1.311136069948139,21.53638962357566,2.3639777187719244e-6,19.322403880087997,18.990530864399553,2.0091148678708335e-6,16.42186752024768,16.13981282710482
1.3167343807161254,21.474248374051008,2.3298790689799098e-6,19.303268038258352,18.974390633744093,1.9801348551882067e-6,16.405604209462698,16.126095448500422
1.3223565952452647,21.41184179277756,2.27440460317323e-6,19.11142091459002,18.787095256536507,1.9329878058931345e-6,16.24255575707689,15.966915468061892
1.3280028156002368,21.34916874683737,2.2355672617347994e-6,19.08666297575585,18.765251324708988,1.8999804389061635e-6,16.221514296908047,15.948350585720181
1.3336731442815195,21.286228098475135,2.204049642438951e-6,19.088512412135398,18.769277066815878,1.8731940115112057e-6,16.223086109576933,15.95177201319682
1.3393676842272482,21.223018705077546,2.1646030908010462e-6,18.954729241302374,18.641186763551424,1.8396688844541201e-6,16.10938547887422,15.842909678888361
1.345086538815086,21.159539419152544,2.1132730419820103e-6,18.826399922638288,18.516208536846175,1.7960441229210734e-6,16.000320008390137,15.7366922592233
1.3508298118640991,21.0957890883085,2.0840888539175008e-6,18.852754855248488,18.543823150036644,1.7712408493193218e-6,16.022718733440893,15.760161570922355
1.3565976076366424,21.03176655523327,2.052178794114183e-6,18.795770030324615,18.491121667363018,1.7441208916833424e-6,15.974288048968516,15.71537124504169
1.3623900308402517,20.967470657673207,2.0089911997030845e-6,18.643133661818595,18.3422350214908,1.707416299525008e-6,15.84456432318714,15.588834361265691
1.3682071866295453,20.902900228412047,1.9690846830094465e-6,18.581665436746867,18.28403286143756,1.6735002539644032e-6,15.792323253437381,15.539369079010026
1.3740491806081316,20.83805409524974,1.941229254402198e-6,18.583918572090955,18.28834870030303,1.6498262762778407e-6,15.794238164768052,15.543037056065433
1.3799161188305282,20.772931080981138,1.911909501397458e-6,18.54497800081017,18.25242815622923,1.6249077877420327e-6,15.76114306403916,15.512508638395667
1.385808107804085,20.707530003374657,1.8642631494831297e-6,18.361967020676303,18.073574286192812,1.5844137537793892e-6,15.60560433867352,15.360502988506095
1.3917252544909193,20.641849675150794,1.8348815147831741e-6,18.339464249195984,18.053905313136703,1.5594426727707676e-6,15.586479516814839,15.343786576211265
1.3976676663098568,20.57588890396059,1.8087302244803942e-6,18.331212437795863,18.04801358671623,1.5372170207504024e-6,15.579466406310788,15.338779272185173
1.4036354511383822,20.513645488616177,1.7725363381355321e-6,18.14385926073438,17.867000167224827,1.5064562929296402e-6,15.420237302504939,15.184938248432525
1.409628717314597,20.45371282685403,1.7344951683732691e-6,18.095613345090968,17.819741940783594,1.4741255822153844e-6,15.379233706885778,15.144774077417576
1.415647573639187,20.393524263608132,1.708899022750881e-6,18.074652570241568,17.801625227265966,1.452371740661902e-6,15.361419408528558,15.129376910939994
1.421692129377396,20.33307870622604,1.6835735160251161e-6,18.040608431471544,17.770637297181448,1.4308479116955574e-6,15.332485724076472,15.103040659729603
1.4277624942610119,20.27237505738988,1.6448440451284976e-6,17.85641276254301,17.590588269299296,1.3979322225224842e-6,15.175940146635927,14.950019260250576
1.4338587784903556,20.211412215096445,1.6168677305939537e-6,17.878230011570487,17.612979132256893,1.3741555054099461e-6,15.19448235160219,14.969048972466277
1.4399810927362842,20.150189072637158,1.5925329511381119e-6,17.841896638867492,17.579723451783316,1.3534736830632922e-6,15.16360307608372,14.940785388782702
1.4461295481421987,20.088704518578012,1.5657555346044662e-6,17.742998298136417,17.4852308887247,1.33071589425094e-6,15.079550622800117,14.860477350412987
1.4523042563260626,20.026957436739373,1.528262641426331e-6,17.624806495787382,17.369097226992583,1.298851156895117e-6,14.979100899660063,14.761776815042673
1.4585053293824268,19.96494670617573,1.505116402756676e-6,17.606695324235424,17.353379331831206,1.2791794603824068e-6,14.963708443229253,14.74841837405163
1.464732879884466,19.90267120115534,1.483440769694132e-6,17.59001422241805,17.339183504127913,1.2607576130398298e-6,14.949531385041427,14.736353519009242
1.4709870208860216,19.840129791139784,1.4547693152205504e-6,17.463958162399635,17.216404739947084,1.2363901052545704e-6,14.8423979284284,14.632005394821904
1.4772678659236538,19.777321340763464,1.4223919495304468e-6,17.36259815431781,17.11832266865804,1.2088729902352838e-6,14.756253335089974,14.548646678648911
1.4835755290187038,19.714244709812963,1.401662725322052e-6,17.35212897887864,17.10992713738491,1.1912554838494156e-6,14.747355714836553,14.541511422436226
1.4899101246793625,19.650898753206377,1.3822908703177521e-6,17.3593834190628,17.11865975797437,1.1747915884419769e-6,14.75352117211491,14.548933166610226
1.49627176790275,19.587282320972502,1.348267949527286e-6,17.131024863590735,16.89553775147602,1.1458759368832862e-6,14.55944211402515,14.359304585492344
1.502660574177003,19.526320889824675,1.3250661538022748e-6,17.13165203508606,16.897396383270205,1.1261570231294637e-6,14.559975139174226,14.360884213228232
1.5090766594833713,19.469217730597997,1.3061611822904346e-6,17.128328888688557,16.895825178642983,1.1100899261177184e-6,14.557150838935561,14.359548866218846
1.5155201402983236,19.41187075134492,1.282918611241287e-6,16.996108534300838,16.76860845588397,1.0903363579298398e-6,14.444778426232144,14.25142897697145
1.5219911335956615,19.354278910998612,1.253084809166264e-6,16.913026249903297,16.68637613357221,1.064980985568216e-6,14.374167839882585,14.181540762685767
1.5284897568486435,19.296441164047074,1.2336925738468966e-6,16.880100801834526,16.6561482893988,1.0484997691878724e-6,14.346184916557641,14.155850498911189
1.5350161280321173,19.238356460514158,1.2153392661711413e-6,16.847679986648632,16.626324726667647,1.0329015243173059e-6,14.318630874359513,14.130503828838865
1.5415703656246618,19.18002374594051,1.1916042530010844e-6,16.71649731847802,16.498438358862053,1.0127294357775525e-6,14.207140378093134,14.02181481670651
1.5481525886107372,19.12144196136444,1.1661057754663658e-6,16.658481256150147,16.44201827515679,9.91058601100783e-7,14.157833257948704,13.973864098677897
1.5547629164828463,19.06261004330267,1.150165441702821e-6,16.682582377232347,16.46703289849334,9.77511112345348e-7,14.178316496988602,13.995123711770084
1.561401469243702,19.003526923731055,1.132198680992372e-6,16.619781700398036,16.407581194815528,9.622413888686e-7,14.124942993279898,13.944596458137003
1.5680683674084077,18.944191530065172,1.1059915385755668e-6,16.446833514646148,16.237947102902517,9.399682688404786e-7,13.977956510029154,13.80042658146945
1.574763732006644,18.884602785140867,1.0859009664762557e-6,16.425054478169066,16.217800125509008,9.228935448326204e-7,13.959446781427847,13.783303919312976
1.5814876845848658,18.824759607194697,1.0698781856433013e-6,16.401146991213697,16.196148733221307,9.09275985352048e-7,13.939128109591797,13.76490267389941
1.588240347208509,18.76466090984427,1.053160162233319e-6,16.35703762313682,16.154110258368142,8.950675479680203e-7,13.901640113612851,13.72917470396999
1.595021842464207,18.70430560206856,1.0272929336458353e-6,16.21442229692935,16.01404775417246,8.730833164192027e-7,13.780433145376902,13.610137346986372
1.6018322934620155,18.645341652303877,1.0114209200701333e-6,16.20055371297872,16.00198712478931,8.595938921303154e-7,13.768646410675359,13.59988717008447
1.6086718238376474,18.59062540929882,9.974630217988791e-7,16.212289103060527,16.014803129490865,8.477312503133808e-7,13.77862017079433,13.610779330948818
1.6155405577547173,18.535675537962263,9.773047546814825e-7,16.040567078135705,15.84762678294053,8.305989931628722e-7,13.632675786176113,13.468698261087852
1.6224386199069962,18.48049104074403,9.56941630621549e-7,16.02478382777761,15.8318638282949,8.132926306788959e-7,13.619261800627108,13.455301524609066
1.6293661355206743,18.425070915834606,9.423329858977405e-7,15.9911704718494,15.800540908162276,8.008769276538716e-7,13.590694233082738,13.428680569578965
1.636323230356635,18.36941415714692,9.277519605625089e-7,15.93556331562554,15.747841997941464,7.884846979990871e-7,13.54343441187452,13.383892429993526
1.643310030712737,18.313519754298103,9.080453136023649e-7,15.811499631838885,15.625752382042712,7.717362671280571e-7,13.437994250709176,13.280130004245178
1.6503266634261085,18.257386692591133,8.903531391626292e-7,15.771699251303755,15.587723103513643,7.566999110619333e-7,13.404168408931959,13.24780939974014
1.6573732558754481,18.201013952996416,8.773879918302693e-7,15.75943072943291,15.577114608609314,7.456809957554423e-7,13.39374154682502,13.238793373629244
1.664449935983339,18.144400512133288,8.637735085338357e-7,15.711412791994807,15.531380307576288,7.341102179972433e-7,13.352931707009143,13.199924367611343
1.6715568322185699,18.087545342251442,8.428637154846301e-7,15.555361980846536,15.377938445976564,7.1633924842944e-7,13.220306089461372,13.069516063401972
1.6786940735984677,18.030447411212258,8.289449700962446e-7,15.545355715333914,15.369321211474091,7.04509882154177e-7,13.211801890520055,13.06219238440899
1.6858617896912398,17.97310568247008,8.17008882366237e-7,15.534689379724458,15.360243638229008,6.943655516335717e-7,13.202736706322893,13.054477469320721
1.693060110618326,17.915519115053392,8.022814825971216e-7,15.426147676935223,15.254703329269812,6.818489201923165e-7,13.110488481169927,12.964780090954669
1.700289167056761,17.857860163779968,7.838845222257585e-7,15.358083643092428,15.187481359954552,6.662135754459466e-7,13.052641716678481,12.907648986491887
1.7075490902415462,17.804136732212555,7.724688024494231e-7,15.353208204762055,15.184026884270814,6.565114990905072e-7,13.048498143090983,12.904713071148107
1.7148400119680323,17.75018391143656,7.605773489056925e-7,15.305672324574136,15.13887560959882,6.464051026022543e-7,13.00809799765624,12.866339571886046
1.7221620645943125,17.696000722002086,7.455893568267603e-7,15.188712288788304,15.02422995956789,6.336669970413626e-7,12.908695137393202,12.768903678905838
1.7295153810436248,17.641586180277177,7.297628575650563e-7,15.139465324233786,14.97619474248299,6.202162547942848e-7,12.866840762921607,12.72807915333594
1.7369000948067643,17.586939298429943,7.194030020907117e-7,15.143661446954319,14.981478601220067,6.114115442011105e-7,12.870406994734322,12.73256983827941
1.744316339944508,17.53205908441064,7.083108830081805e-7,15.093951141882503,14.934137256611567,6.019844919967081e-7,12.828158832996966,12.692335026181713
1.7517642510900477,17.476944541933644,6.923113520643913e-7,14.949057735993303,14.791466243833177,5.883866923038981e-7,12.70501575355218,12.571080730631007
1.7592439634514345,17.42159467045938,6.795784683267417e-7,14.932735582150514,14.776268615720653,5.775651748991267e-7,12.691143760723813,12.558164458047395
1.7667556128140325,17.366008465176158,6.696906943001145e-7,14.919904956644395,14.764912183601194,5.691616803783052e-7,12.680239173821946,12.54851276952428
1.774299335542985,17.31018491698191,6.589987709496667e-7,14.864306302420285,14.711344932173034,5.600747494825778e-7,12.632986578356158,12.502986637691192
1.7818752685856893,17.254123012465897,6.427601409925694e-7,14.709315612350878,14.558770020626593,5.462737425519347e-7,12.501261944351665,12.373315143405165
1.789483549474283,17.197821733890304,6.32485473644451e-7,14.708837930340415,14.559350630847291,5.375414322735386e-7,12.500855968431624,12.37380859671379
1.7971243163281398,17.141280059171763,6.23272086776779e-7,14.695120805003025,14.546996384659073,5.297110908992122e-7,12.489197956496504,12.363308878589974
1.8047977078563802,17.08833512814789,6.119589567532346e-7,14.588209304695056,14.442770016174222,5.200962042816399e-7,12.398335219885475,12.274728201672309
1.8125038633603847,17.03747450182146,5.980588663352534e-7,14.53079022827271,14.38592010415815,5.082826926305984e-7,12.349535470537804,12.226412177979844
1.8202429227363262,16.986396709940244,5.892117510532624e-7,14.521893430009662,14.378258951693976,5.007636408604955e-7,12.341974193828301,12.21990106106086
1.828015026477709,16.93510082524712,5.799590006934515e-7,14.464264732355558,14.323011925159218,4.928998449503333e-7,12.2929962900378,12.172947309536376
1.8358203156779183,16.88358591652574,5.688242243630507e-7,14.368572537513248,14.228947741410023,4.834365388886138e-7,12.211668699735151,12.09300334534249
1.8436589320327827,16.831851048583633,5.564677593092802e-7,14.31092192247294,14.17251651033452,4.729349349789317e-7,12.162672168634362,12.045043153304409
1.8515310178431452,16.77989528223524,5.481651423214813e-7,14.29002287208031,14.153131862811026,4.6587864544626656e-7,12.144910329114984,12.028568385696143
1.8594367160174485,16.72771767428484,5.403251084999957e-7,14.283765415491267,14.147909971338155,4.592154995163042e-7,12.139592195628245,12.024130365949492
1.8673761700743274,16.67531727750944,5.276671468210983e-7,14.096738849815555,13.96404372286716,4.484576574249568e-7,11.980640674722583,11.867864758803831
1.8753495241452147,16.622693140641584,5.179274623141678e-7,14.101940900327724,13.969561080043784,4.4018002232042175e-7,11.985061831886808,11.872553891128085
1.883356922976959,16.56984430835207,5.105049677056946e-7,14.098503424382661,13.967182519240556,4.338717377049806e-7,11.982140364406666,11.870532382280539
1.8913985119344503,16.51676982123263,5.024386151579617e-7,14.044503825069413,13.915124662400164,4.270162463420768e-7,11.936246785555307,11.826289065883351
1.899474437003261,16.46346871577848,4.906575494806867e-7,13.917075256871266,13.789255944233911,4.170036671102081e-7,11.827946851539267,11.719314828749242
1.9075848447922945,16.413732446767003,4.822965911972355e-7,13.911728066086457,13.784788332927738,4.0989779404569544e-7,11.823402341486657,11.715517862209403
1.915729882536448,16.36404771652767,4.749387292374242e-7,13.87479880845042,13.749586200159358,4.036444399037293e-7,11.792016630874063,11.68560001325334
1.9239096980992838,16.31415084159437,4.6705357059523543e-7,13.815570562260596,13.691890365628325,3.969429429573995e-7,11.741679290943589,11.636565050677326
1.9321244399757151,16.264040916148137,4.559976581952543e-7,13.715037165921562,13.592622606610032,3.875466623561513e-7,11.656237224506839,11.552198633447523
1.9403742572947016,16.21371703050232,4.488922757442135e-7,13.70685698061731,13.585509624862667,3.815078873664654e-7,11.649284988118907,11.546153399911672
1.9486592998219552,16.163178271086075,4.4231316618141994e-7,13.690369706238311,13.57021091597168,3.7591638507141563e-7,11.635272661427978,11.533151220048456
1.956979717962661,16.112423720427767,4.3384043572462373e-7,13.570362379446642,13.452596461452176,3.687155182455411e-7,11.533279946946797,11.433192177551891
1.9653356627642058,16.061452457138344,4.2425083822186093e-7,13.532061490693089,13.414597721535346,3.6056544019416815e-7,11.500728504335312,11.400897527428487
1.9737272859189223,16.010263555894575,4.179640055022619e-7,13.518947301973018,13.402632160099785,3.552223403043245e-7,11.489582920631907,11.390728147577017
1.9821547397668404,15.958856087422273,4.11721526155031e-7,13.492575104839705,13.377593677708917,3.499169357866315e-7,11.467169522680557,11.369448256975277
1.9906181772984544,15.907229118479428,4.0309168186448506e-7,13.352965315355444,13.240245612853375,3.4258253989369836e-7,11.348516922224213,11.252717867774354
1.9991177521575003,15.855381711839248,3.949292448832982e-7,13.342562405197084,13.230057790492726,3.3564538758183965e-7,11.339675619997749,11.244059365956222
2.007653618643744,15.807139735595033,3.890152748293918e-7,13.321976609505958,13.21070419614802,3.306191789720484e-7,11.32218001170095,11.227610990053218
2.016225931715785,15.759134782391605,3.8325920627326536e-7,13.298900243881853,13.18884947804019,3.2572716885504725e-7,11.30256769940898,11.20903694058782
2.0248348469938646,15.710924856834358,3.7470101214121596e-7,13.158148475035908,13.049985427392915,3.1845366752874974e-7,11.182944545086524,11.09101813416982
2.0334805207626965,15.6625090837289,3.6760958577502797e-7,13.154817578596155,13.04703229766411,3.1242675363967926e-7,11.180113658184629,11.088508306434228
2.0421631099743003,15.613886584143918,3.6201918419075776e-7,13.124191684439834,13.017800564019868,3.076755417940107e-7,11.154085096746549,11.063664624443524
2.0508827722508527,15.565056475395226,3.565448112225197e-7,13.09623091262207,12.990976897969617,3.030229412066959e-7,11.130321589193104,11.04086752874993
2.0596396658875475,15.516017871029735,3.4838740036289576e-7,12.978141445413597,12.87419621696682,2.960900605322048e-7,11.029958839399193,10.941617099856426
2.06843394985547,15.466769880809368,3.421564570177989e-7,12.966414084081874,12.863243466537494,2.90794460317327e-7,11.019991902813725,10.932308495313796
2.077265783804484,15.41731161069489,3.370956258557713e-7,12.947482817725952,12.845436838760467,2.8649332369887535e-7,11.003902458145413,10.917174866798867
2.0861353280661272,15.36764216282969,3.31675690590474e-7,12.900211546008665,12.79941546503688,2.8188698902916316e-7,10.963727200114764,10.878061881319487
2.0950427436565255,15.317760635523458,3.238240840015472e-7,12.787539793868625,12.688036309841575,2.7521400755001435e-7,10.867968898073233,10.783402141129539
2.103988192279313,15.269261400147574,3.1866750409103755e-7,12.80049729390144,12.701377960748282,2.708314952770345e-7,10.878981314036226,10.794741042078458
2.112971836328568,15.222546451091446,3.1350634770736536e-7,12.738022758713177,12.640738082331833,2.664450935171951e-7,10.825884994001846,10.743203973710632
2.121993838891764,15.17563203776283,3.082019747937513e-7,12.679002946116984,12.582929863639539,2.619369738336434e-7,10.775724799155524,10.694073497252438
2.131054363752725,15.128517308485831,3.0116096165517143e-7,12.614780231280346,12.519252145218966,2.5595290551131437e-7,10.721142723271853,10.639954606953706
2.1401535753946055,15.081201407948052,2.96313212624229e-7,12.587840315239433,12.493484767509283,2.5183286471040845e-7,10.698246828176401,10.618055237407424
2.14929163900287,15.033683477185077,2.9197897369055216e-7,12.57320021606684,12.479774272139796,2.4814924966894415e-7,10.685804392411804,10.606402860198461
2.1584687204682966,14.985962653564858,2.8630591952438507e-7,12.46041733824094,12.368805158346914,2.433277924356653e-7,10.589951646050476,10.512091609028316
2.167684986389985,14.938038070772079,2.798942367843317e-7,12.412886645418022,12.321780709326084,2.3787858408703328e-7,10.549555909291866,10.47212612249646
2.176940604078384,14.889908858792404,2.760190258766203e-7,12.433699970976715,12.342902819305701,2.3458509117929858e-7,10.56724489235535,10.4900775375474
2.186235741558326,14.841574143896706,2.717568223905242e-7,12.393206899678404,12.30376051255142,2.3096269815680628e-7,10.5328303414291,10.456810984382237
2.1955705675720796,14.793033048625187,2.662405319691647e-7,12.27729009697325,12.189450109778726,2.262744724544066e-7,10.434314111812537,10.359660013821385
2.2049452515824117,14.746262792404425,2.6048212442845594e-7,12.237423380012858,12.150165226186916,2.2138047446388928e-7,10.400431891543587,10.326272286399028
2.214359963775665,14.701072173876808,2.5663151729366986e-7,12.224296130258034,12.137931068303324,2.1810789199266058e-7,10.389275207431366,10.315874629811736
2.2238148750648445,14.655688599688746,2.5287931058622913e-7,12.20965737636992,12.124124508564798,2.149189388044046e-7,10.37683391500709,10.30414060870631
2.2333101570927245,14.610111245954922,2.474191336118847e-7,12.080600686682642,11.996661171060301,2.102784032133753e-7,10.2671502610581,10.195811124695034
2.242845982234962,14.564339285272183,2.4237722143673125e-7,12.057572219482903,11.974115610444256,2.0599334560341517e-7,10.247578657033294,10.176649936889207
2.2524225236032254,14.518371886704518,2.391182131884539e-7,12.08449939292845,12.00120108416678,2.0322355556938335e-7,10.27046372235755,10.199669539623669
2.2620399550483397,14.472208215767969,2.354236225292304e-7,12.044012612847428,11.961958239382632,2.0008356953432093e-7,10.236054518257584,10.166317540454092
2.2716984511634406,14.425847434415486,2.3012386302478305e-7,11.910634646131136,11.830090463315354,1.9557937072907313e-7,10.12269826542653,10.05424477962136
2.2813981872871443,14.379288701021707,2.256907959634287e-7,11.902791336723677,11.82257627043134,1.9181176290751447e-7,10.116032335617335,10.047858561797291
2.29113933950673,14.332531170367696,2.2220259417355811e-7,11.86792294949999,11.78886460716141,1.888471841712126e-7,10.086398132793216,10.01920744408225
2.3009220846613387,14.285942827490109,2.1883455230757109e-7,11.84134272512713,11.763168718105247,1.8598472783973697e-7,10.063807935112928,9.997368831841557
2.310746600345181,14.242714958481203,2.1377866122194353e-7,11.712341040435613,11.635515104231018,1.8168778972995357e-7,9.954171029216557,9.888877634341865
2.3206130649107637,14.19930251439264,2.0981720508972015e-7,11.70370892043399,11.627346407395937,1.783209980929314e-7,9.946834699225462,9.881935161859081
2.3305216574721244,14.155704707122652,2.0695756387632692e-7,11.721453609592633,11.645382581880693,1.7589062506826973e-7,9.961915686889295,9.897263879227728
2.340472557908086,14.11192074520442,2.0360015461051136e-7,11.668756447251704,11.59386780524047,1.7303720524966772e-7,9.91712903280494,9.853482119847744
2.3504659468655205,14.06794983379171,1.988823772222421e-7,11.556544352380486,11.482737787307702,1.6902762570972156e-7,9.821761387682711,9.759034118277127
2.3605020057626285,14.023791174644435,1.9548797904173732e-7,11.570138033567904,11.496500208276307,1.6614276947872935e-7,9.833314485990645,9.770730626398313
2.3705809167922345,13.979443966114168,1.9245637074547092e-7,11.533192113775211,11.460657455643712,1.6356624379778783e-7,9.801914614421117,9.740268322693957
2.3807028629250917,13.934907403129596,1.893780842877544e-7,11.493030578659566,11.421372621270825,1.6095004693575624e-7,9.767781831917873,9.706880637102143
2.3908680279132053,13.890180677181895,1.8499110932597604e-7,11.398731897484566,11.327870521649647,1.5722161220868753e-7,9.687638571317377,9.627414381124215
2.401076596293168,13.845478295568695,1.8180138444073e-7,11.3856147739313,11.315410519056977,1.545107052316562e-7,9.676490493336228,9.616824781965198
2.4113287533895096,13.80241923576406,1.790759943891504e-7,11.36507938477955,11.295655351320235,1.5219443057733315e-7,9.659037724921928,9.600035113897686
2.421624685318062,13.75917632166414,1.7599224911558996e-7,11.298196527898098,11.229914729402173,1.495735943365181e-7,9.602194827842505,9.544162987917046
2.431964578989337,13.715748768244785,1.7197020233729573e-7,11.223252894080849,11.155550560926926,1.4615530747307812e-7,9.538501178042488,9.48096181840768
2.442348622111922,13.672135787129928,1.6933386169035808e-7,11.248719279558049,11.181106663913726,1.4391471478539142e-7,9.560144738084057,9.502681628229867
2.452777003195883,13.628336586577293,1.6666045934559197e-7,11.205071418015967,11.138556695307518,1.4164262382784186e-7,9.523048970692257,9.466518946206545
2.4632499115561908,13.584350371464,1.637399321698673e-7,11.138200874736073,11.07270255500592,1.3916050459119462e-7,9.466216538787597,9.41055034238251
2.473767537316156,13.540176343272146,1.598964448674661e-7,11.053018229401374,10.988281332116767,1.3589397317577222e-7,9.393820882150267,9.338801809084766
2.4843300714108825,13.495813700074295,1.573336735558312e-7,11.04697468790192,10.982796532703498,1.337159061388996e-7,9.38868455240201,9.334140347193232
2.494937705590729,13.45126163651894,1.5510251207672833e-7,11.046934561853877,10.983217720367058,1.318196701191223e-7,9.388650449779522,9.33449830927989
2.5055906324247963,13.408196533543295,1.5217546434824837e-7,10.951557162358242,10.889139162681209,1.293320091468727e-7,9.307590400074364,9.25454212885841
2.516289045304418,13.366472723312771,1.4871045258149514e-7,10.890768837160312,10.82882629925966,1.2638713931893377e-7,9.255927168657964,9.203282986413088
2.5270331384466735,13.324570760057975,1.46511728491933e-7,10.909287368859127,10.84754341328588,1.2451847142768988e-7,9.271665835343263,9.21919042571554
2.537823106897915,13.282489883098133,1.4428519465436176e-7,10.88216888693289,10.821221508825909,1.2262616838212407e-7,9.248618179352498,9.19681977087338
2.548659146537304,13.240229328504517,1.4157623261799946e-7,10.79576000633361,10.735913369998187,1.203238556908773e-7,9.175180360819134,9.124317458898036
2.5595414540803736,13.197788329086544,1.3850387746114418e-7,10.768119101761737,10.708345594823058,1.1771269976669021e-7,9.1516887044064,9.10088795423788
2.5704702270825934,13.155166114377886,1.3620198401167276e-7,10.728522466554072,10.669723006540883,1.1575634953679464e-7,9.118036023215012,9.068063103251685
2.5814456639429597,13.11236191062246,1.3422566567350486e-7,10.719788709014333,10.661513373068193,1.1407670149048324e-7,9.1106133127613,9.061085839236556
2.592467963907597,13.069374940760373,1.316607618343205e-7,10.633449363456462,10.576164883337555,1.1189682204532446e-7,9.037234591183218,8.988549233537404
2.6035373270733726,13.02726562253586,1.2862415968578662e-7,10.569137731090176,10.512477131733613,1.0931605215228279e-7,8.982576945411806,8.934421816162583
2.6146539543915317,12.987245764190487,1.2677623381693905e-7,10.585152802541913,10.528689825885838,1.0774552324740228e-7,8.996187952786448,8.948200780579556
2.6258180476713444,12.947055028383161,1.248717129646873e-7,10.562320924559268,10.50655141206103,1.0612689497944346e-7,8.976783427459461,8.92938562169997
2.63702980958377,12.90669268549843,1.2242787180042644e-7,10.467514713267493,10.412797478475007,1.040499051758416e-7,8.896208823409571,8.849705335209407
2.6482894436651345,12.866158002805516,1.198047341695003e-7,10.44949617593835,10.394804417095418,1.0182053356505374e-7,8.880895095637182,8.834413259125448
2.6595971543208266,12.825450244445026,1.1789599977056868e-7,10.420202952382336,10.366289312125268,1.0019832425687879e-7,8.855999154145472,8.810178630812542
2.67095314682901,12.784568671415563,1.1612089095502812e-7,10.397681178425852,10.344416282530522,9.868968164782585e-8,8.836858182321802,8.791589018645212
2.682357627344348,12.743512541560348,1.1386602029378525e-7,10.313178931282138,10.260782400189738,9.677329549297568e-8,8.765040787531326,8.720509636155972
2.6938108029017456,12.702281109553716,1.1136898131584965e-7,10.27952060987891,10.227392256114944,9.465109353803101e-8,8.736435004396478,8.692131773552484
2.70531288142011,12.661404915029616,1.0981745951148359e-7,10.298683243114487,10.246724786631605,9.333247471170934e-8,8.752721084859688,8.70856224757352
2.716864071706123,12.62097574902857,1.0813440457169134e-7,10.269163192019096,10.217920071945608,9.1902067531418e-8,8.72763236550117,8.684081483613324
2.7284645834580346,12.58037395789688,1.0599448661583266e-7,10.177491287683518,10.127167214612008,9.008337823202271e-8,8.649721569428895,8.606951774004463
2.7401146272694645,12.539598804556874,1.0364200687038536e-7,10.139322810811336,10.089313698826064,8.808403534676128e-8,8.617282662006485,8.574780548039513
2.751814414633233,12.498649548783684,1.0204737845561534e-7,10.122353684538957,10.072895493170382,8.672878075556822e-8,8.60286081546458,8.560826921985994
2.7635641579451917,12.457525447191829,1.0050816630438327e-7,10.098047375809324,10.04924033152468,8.542062374829562e-8,8.582203190029286,8.54072269825035
2.775364070508087,12.416225753221696,9.853140330196807e-8,10.01365069698683,9.965622186467153,8.374059778744495e-8,8.510475516424444,8.4696566906798
2.7872143665354265,12.374749717126006,9.633656830843852e-8,9.970323349020301,9.922693269838309,8.187523518990143e-8,8.473652149480788,8.433171945508256
2.7991152611553716,12.333096585956199,9.491743289780437e-8,9.969474107267786,9.922215396185393,8.066912989102905e-8,8.472930389619075,8.43276580671371
2.811066970414641,12.294585694673149,9.353368704072259e-8,9.960874485040485,9.914019414377568,7.949310172767483e-8,8.465621679076778,8.425800145076488
2.8230697112824332,12.256176923896213,9.16471353111637e-8,9.864697709093837,9.81876209561977,7.788974519061184e-8,8.383882249401157,8.344842150476934
2.8351237016543664,12.217604154706027,8.96508582239662e-8,9.832856761846122,9.787172379217942,7.619313445505807e-8,8.356821029655098,8.317994448660308
2.8472291603564313,12.17886668685942,8.818175955650418e-8,9.794770536395038,9.749822898996408,7.494456601393904e-8,8.324452026678792,8.28625159616874
2.8593863071489674,12.139963817123304,8.698006158891867e-8,9.806708329216884,9.761965107153928,7.392325805735624e-8,8.334597806335458,8.29657110584277
2.8715953627306496,12.10089483926192,8.519757738551174e-8,9.70228842042338,9.65852154036649,7.240834719911423e-8,8.245852641948828,8.208655722221387
2.8838565487424956,12.061659044024013,8.335670088458077e-8,9.677847723115045,9.634228469524041,7.08438094631766e-8,8.225080801354316,8.188009347499566
2.89617008777189,12.022255719129952,8.213302230763073e-8,9.680855413847176,9.637533169507076,6.980382046373605e-8,8.227636999798953,8.190817970363074
2.9085362033566247,11.984391389930126,8.091999849632837e-8,9.66733118770525,9.624445535811137,6.877288681532799e-8,8.21614293045878,8.179694955439983
2.920955119988957,11.947134640033127,7.935982137110087e-8,9.590733472823546,9.548538064039903,6.744691194089688e-8,8.151043498009937,8.115182151910979
2.9334270631196846,11.909718810640946,7.755471668139547e-8,9.537934205546245,9.496158725320566,6.59127762164559e-8,8.106170066227078,8.0706656121168
2.94595225916224,11.87214322251328,7.636179134837422e-8,9.529373698917297,9.487983626755037,6.489892401141996e-8,8.098894599538813,8.063717698883995
2.958530935496798,11.834407193509605,7.527224762715652e-8,9.526465327519935,9.485408677025612,6.397293453524546e-8,8.096422811344985,8.061529281563338
2.971163320474406,11.796510038576782,7.373314662736987e-8,9.420042872017103,9.379974822041966,6.266487199418538e-8,8.005975707749974,7.971922377089371
2.983849643421128,11.758451069736616,7.214287324470658e-8,9.394997757380642,9.355031888244103,6.131331868988948e-8,7.984690180486298,7.950723692032544
2.996590134642209,11.720229596073374,7.105695005654745e-8,9.398236093264654,9.358542826891787,6.039040625912866e-8,7.987442401338494,7.953707594537728
3.009385025426255,11.68278342626386,7.003612699768351e-8,9.393766183999322,9.354400370189495,5.952282160774102e-8,7.983643481792128,7.950186972797515
3.022234548049431,11.64551981065665,6.871778181047817e-8,9.323729556676039,9.284984100989343,5.840237664941197e-8,7.924120234963966,7.891190960519278
3.03513893577968,11.608097086238928,6.710850607492878e-8,9.252931639091745,9.214733974435946,5.703467348490173e-8,7.86394997713819,7.8314862633863624
3.0480984228809556,11.570514573645228,6.605516601885761e-8,9.248844633880093,9.210947612377874,5.613945304742829e-8,7.860476482920969,7.828268281996095
3.061113244617476,11.53277159060932,6.505786851488643e-8,9.227489855348368,9.190078316632185,5.529186246863049e-8,7.84232732580012,7.810531730576127
3.074183637257994,11.494867451951817,6.38558374856791e-8,9.161134213494453,9.124324895598026,5.427027144717319e-8,7.785932502127641,7.754648726788034
3.087309838080087,11.456801469567749,6.247709535859922e-8,9.131148632887411,9.094438400050066,5.309849589088111e-8,7.760448135104653,7.729248570907903
3.100492085374464,11.418671369488948,6.14690808625381e-8,9.123891438727437,9.087519321609053,5.224179707558187e-8,7.754280337256963,7.723368133348185
3.113730618449292,11.382927330186911,6.055388509103628e-8,9.108339092499829,9.072374179726536,5.1463983724408644e-8,7.741062594218168,7.710496468149925
3.1270256776345398,11.347030670386744,5.943922077365317e-8,9.041497298197068,9.006138167050796,5.051664457017038e-8,7.684254595706827,7.654203315808183
3.140377504286341,11.31098073842688,5.8094018622163934e-8,8.98131718624525,8.94633683390197,4.937337421639865e-8,7.633108277062443,7.603378916494378
3.1537863407913758,11.274776879863285,5.716703557878852e-8,8.988605867892044,8.95379743293299,4.858554301142552e-8,7.639302835728318,7.6097195855782775
3.1672524305712715,11.238418437457568,5.631146402277716e-8,8.97248667715488,8.93806829679879,4.785840352950064e-8,7.625603338685298,7.59635159102611
3.1807760180870197,11.201904751165047,5.5280832472161394e-8,8.903691680545098,8.869924555569263,4.698248276459824e-8,7.5671353381511635,7.538437084231306
3.194357348843418,11.165235158122773,5.406920324438174e-8,8.855428807501964,8.821891267904542,4.595273435514895e-8,7.526117330651712,7.4976141984512985
3.2079966693935225,11.129208659576843,5.312326381585006e-8,8.839193461830362,8.806015172357569,4.514879235735569e-8,7.512319114993917,7.484121304946478
3.221694227343126,11.093595008907874,5.236277300312952e-8,8.836911601223134,8.803998623956904,4.450246080076651e-8,7.510379790424152,7.482407465877104
3.2354502713552535,11.057829294476342,5.146218577383596e-8,8.787771457737925,8.75535367490707,4.373706306549164e-8,7.468616201833,7.441064736795202
3.249265051154676,11.021910866997843,5.030638519798745e-8,8.72041413201257,8.688364271128691,4.275476272366047e-8,7.411370059663297,7.3841312868509865
3.2631388175324405,10.985839074415654,4.942238046743904e-8,8.716194581055095,8.684373846574887,4.200345824506514e-8,7.407783916487292,7.380739875317579
3.277071822350429,10.949613261888885,4.870481182309905e-8,8.710881997930159,8.679332293789242,4.1393605698396323e-8,7.403268819048619,7.376455123148232
3.2910643185459265,10.91323277178059,4.7863037084983926e-8,8.656318491496428,8.625333328284224,4.067819195810787e-8,7.356895982642985,7.3305620829625
3.3051165601362147,10.877720255673085,4.679387596300034e-8,8.584747604090381,8.554146282088805,3.9769525396122424e-8,7.296068787508126,7.27006110963466
3.31922880222318,10.843850874664367,4.593658917317128e-8,8.576337256553389,8.545966970560562,3.904092815859449e-8,7.288920939139525,7.2631096158579425
3.33340130099795,10.809836877604921,4.528339978928392e-8,8.57746871763654,8.54731054988112,3.848579073395529e-8,7.2898825536532845,7.264251506988161
3.3476343137455404,10.775677647010703,4.4525264618616075e-8,8.53062253186058,8.50098527536051,3.784146120785644e-8,7.250068570806436,7.224880240051725
3.3619280988495253,10.74137256276114,4.3557380262551824e-8,8.462247531731695,8.432946034804953,3.701886849274469e-8,7.191957519987826,7.167054547062613
3.3762829157967316,10.706921002087844,4.273182822881702e-8,8.456251729403968,8.42712045457558,3.63172422244399e-8,7.1868617631599205,7.162103459850635
3.3906990251819464,10.672322339563328,4.211134832507125e-8,8.451421089752756,8.42254530773922,3.578990417470638e-8,7.182756263405204,7.158215100219059
3.40517668871265,10.63757594708964,4.1472660170404316e-8,8.434571925200077,8.405989935467133,3.524709116200974e-8,7.168436370816885,7.14414489798709
3.4197161692137623,10.602681193886971,4.049162408447019e-8,8.316465030654218,8.288620296710981,3.4413320957444534e-8,7.068058809748581,7.044393921322168
3.434317730632421,10.56763744648219,3.9742996275094966e-8,8.333759081450948,8.305852630490447,3.377707161787855e-8,7.082756805548422,7.05903946460691
3.4489816380427687,10.532444068697355,3.912492516966768e-8,8.308823687501778,8.281319282454888,3.325178077547568e-8,7.0615645285139665,7.03818888132709
3.463708157650765,10.497100421638164,3.855465607717536e-8,8.301875557405847,8.274600785621903,3.276711626137496e-8,7.055659400318896,7.032478915547926
3.4784975567990206,10.461605863682351,3.7759436976814734e-8,8.236983007138658,8.210030233493198,3.209126957083195e-8,7.000508039745331,6.977601217133829
3.493350103971651,10.425959750468039,3.6948204171781736e-8,8.20460471476665,8.177942130677462,3.140181303452286e-8,6.972990137150774,6.950329942985631
3.50826606879915,10.391814648641871,3.63971246278496e-8,8.194208903713593,8.167819337175857,3.0933457475880494e-8,6.964154868364432,6.941726708375185
3.523245722063282,10.35885941146078,3.583663939140074e-8,8.170802125808676,8.144759106453408,3.0457108137716474e-8,6.94426174283948,6.92212810893277
3.538289335702001,10.325763461455598,3.510599220577989e-8,8.096546198616096,8.070940650961912,2.9836140303653544e-8,6.881152566231991,6.859390734010188
3.5533971828143884,10.292526197808346,3.436998483294804e-8,8.08231675956511,8.056790009047342,2.9210616914039182e-8,6.869059145328832,6.847364281800118
3.5685695376656046,10.259147017135671,3.3856864698235146e-8,8.081007135797632,8.055677608570218,2.877452257885606e-8,6.867946112595207,6.846418866655182
3.5838066756918745,10.225625313477877,3.333854663600935e-8,8.058049671958411,8.033073580357248,2.8334010590593832e-8,6.848434853431583,6.827207987975649
3.599108873505486,10.191960478287932,3.267446580783393e-8,7.98374651303403,7.959228449993352,2.7769616664728762e-8,6.785285535170542,6.76444794241522
3.6144764088998094,10.159454777221404,3.1974486838356784e-8,7.956267174828616,7.931882281517131,2.717471336102757e-8,6.761931191976296,6.741206778495361
3.6299095608543404,10.126890826597343,3.1444376416001784e-8,7.939069457690909,7.914977260488245,2.6724179194521125e-8,6.7473150689390815,6.7268394141919226
3.6454086095397686,10.09418783387109,3.098577820063606e-8,7.931498129987388,7.9076337268577035,2.633442235140293e-8,6.740880292952035,6.720598237516411
3.6609738363230613,10.061345205358343,3.040504099148992e-8,7.869657680894614,7.846208761968106,2.584086111689711e-8,6.688322874698259,6.668393934050199
3.676605523772568,10.028362344839882,2.9728416263997154e-8,7.818768893977301,7.7955723419523295,2.5265806289104154e-8,6.645073136093871,6.625358678894622
3.6923039556631556,9.995238653550743,2.9266257545117494e-8,7.8402791642943,7.817082891246601,2.4873023418925652e-8,6.663354443723223,6.643640223623241
3.7080694169813584,9.962619083527844,2.882429122000655e-8,7.823220475437424,7.800311653127947,2.4497401809708486e-8,6.648856479069589,6.629386559729026
3.72390219393055,9.930478546320984,2.8294205762054798e-8,7.759863316356195,7.737419731371743,2.4046888860133716e-8,6.595010028113071,6.575935508111245
3.7398025739361382,9.89820077490964,2.770091421463094e-8,7.7249294374465425,7.702587905199197,2.354265785175915e-8,6.5653201647305,6.5463323780636795
3.755770845650788,9.865785183328901,2.720422002501657e-8,7.718522496214758,7.696356292455235,2.3120523720284468e-8,6.5598749861299845,6.541036208935143
3.771807298959657,9.833231183111897,2.6778711435076443e-8,7.692163451682523,7.670337513124963,2.2758889332757512e-8,6.537472766408516,6.518923176320159
3.787912224985657,9.800538183279116,2.6359126396894872e-8,7.67395656436409,7.652323473354109,2.2402289297210355e-8,6.521998962354171,6.5036132709658725
3.8040859160947447,9.768114181937142,2.574120874348661e-8,7.580770970566545,7.5596043196328555,2.1877128871744365e-8,6.442801700686545,6.424812430840127
3.8203286659012248,9.736765674810636,2.526437871993521e-8,7.583131286332737,7.562040215180634,2.147187704464085e-8,6.444807703307073,6.426882667764426
3.83664076927308,9.705283315302955,2.4888763175053056e-8,7.572928006366824,7.552056405486084,2.1152646127262247e-8,6.436136064265054,6.418397553739861
3.853022522337326,9.67366653188896,2.450096942452445e-8,7.550467375419329,7.529855625542446,2.0823065106397478e-8,6.417047057114084,6.399529390681935
3.8694742224853877,9.6419147506032,2.3987022848154434e-8,7.489758215933353,7.469396116650524,2.0386268388866345e-8,6.365451107638478,6.348145616099647
3.885996168378497,9.610027395029501,2.3489426511665885e-8,7.47063673560383,7.450438622255598,1.9963367534133857e-8,6.349200002511437,6.332033880551559
3.902588659953111,9.578210979086744,2.314341966917804e-8,7.4638424656919815,7.443837861413412,1.966930067973537e-8,6.343425638147583,6.326423977107043
3.9192519984263643,9.547383802911225,2.2790120791145693e-8,7.445279035959767,7.425518109248818,1.936903641623562e-8,6.327648813189587,6.310854250642484
3.935986486301533,9.516425000342164,2.2320160744201753e-8,7.377344713794297,7.357901185146103,1.8969623295662362e-8,6.269912289017829,6.25338747908381
3.952792427373524,9.48533400935898,2.1846414132338742e-8,7.354774691600047,7.335466284690371,1.8566992021289833e-8,6.250730311624996,6.234320339953484
3.969670126734396,9.454110265541367,2.1520262398215097e-8,7.356517850588116,7.337341454155916,1.8289799773238493e-8,6.252211800478372,6.235914022847823
3.986619890778894,9.422753202059045,2.120661258188126e-8,7.348981096210235,7.329991436832662,1.8023232747543918e-8,6.24580640792503,6.229667335763595
4.003642027210012,9.391553611838278,2.0775329039787802e-8,7.2713532260297,7.252780572841454,1.7656690300968704e-8,6.179831459471673,6.164046795614647
4.020736845044578,9.361295784271096,2.0327916422353112e-8,7.240495047223073,7.222043452272504,1.7276439956550052e-8,6.15360548223699,6.137923704250362
4.037904654618868,9.330908761324604,1.9997256549431957e-8,7.239480849563261,7.221160860452446,1.699541629815479e-8,6.152743528428751,6.137173600586584
4.055145767594236,9.300391991358202,1.9693452676372625e-8,7.221763775235343,7.203683815489844,1.673721721555204e-8,6.137686010261496,6.122320080351608
4.072460496962772,9.269744920375894,1.9342610252729123e-8,7.17697203701503,7.15916146528739,1.643904066167649e-8,6.099618076498163,6.0844810960693145
4.089849157052984,9.238966992016218,1.8911750815158744e-8,7.12277465865013,7.105181077321278,1.6072858656190074e-8,6.053556407723589,6.038603844699749
4.107312063535509,9.208569491989635,1.8593489314899474e-8,7.134094907213691,7.116544375957378,1.5802372218452432e-8,6.063177344298601,6.048261368988813
4.124849533428837,9.178755793170977,1.8326638639548206e-8,7.132466168103672,7.115052604780357,1.5575579192827753e-8,6.061793099457444,6.046993531467582
4.142461885105068,9.148814795321384,1.7999298437651078e-8,7.078715992172258,7.061660246439056,1.5297376880995046e-8,6.016111502394599,6.0016160390646816
4.1601494382956945,9.118745954897319,1.7622995022047838e-8,7.033591930502171,7.016684273036816,1.4977561350960438e-8,5.97776113111987,5.963391526142307
4.177912514097405,9.088548726034412,1.729188228461683e-8,7.034183077164164,7.017344299622492,1.4696152808726106e-8,5.978263539217151,5.963952474418572
4.195751434977906,9.05822256053756,1.702171379901653e-8,7.011544436589162,6.994955799615717,1.4466540017988088e-8,5.959023243927375,5.944924770444988
4.213666524781789,9.028723564605684,1.6760274714279082e-8,6.995772138652854,6.9793534620072055,1.424434623501901e-8,5.9456185667036054,5.931664540361651
4.231658108736399,8.99939728275967,1.639830494823288e-8,6.92436209045867,6.908237699222525,1.3936712693083196e-8,5.884928066787709,5.871224149906151
4.249726513457744,8.969945783063878,1.6060617871531666e-8,6.910693504034505,6.894666629545978,1.3649716702765358e-8,5.873311307463161,5.859690268836313
4.26787206695642,8.940368530861036,1.5824480945713123e-8,6.909353682668262,6.89345370634663,1.3449026905755849e-8,5.87217261017095,5.858659420696737
4.286095098643569,8.910664989210982,1.5586904767767506e-8,6.89648108039999,6.880753996986762,1.324711390650371e-8,5.861232347748,5.847866097777516
4.304395939336863,8.881098375241125,1.5263461523359245e-8,6.823510002773974,6.808113336758371,1.297222356972397e-8,5.799215148593031,5.786129716204244
4.322774921266495,8.852243373611604,1.4953258239908518e-8,6.8149024104939855,6.799521030580546,1.2708585708887035e-8,5.79189966440341,5.778827223480187
4.341232378081229,8.82326516641247,1.4710817798864797e-8,6.807815161618636,6.7925817380007025,1.2502538633736453e-8,5.785876300911151,5.7729296061786535
4.3597686448544435,8.794163227578524,1.4481484926536023e-8,6.784523538088616,6.769522134688202,1.2307631516030358e-8,5.766081043638031,5.753331539964047
4.378384058090222,8.764937028798352,1.4217679182322544e-8,6.741232381685766,6.726435904903825,1.2083426339001713e-8,5.72928843544819,5.716713096324374
4.397078955729454,8.735586039504756,1.3899806162157736e-8,6.689340450636008,6.674746070687926,1.1813270065599993e-8,5.685186137289155,5.672782557717229
4.41585367715598,8.70706094749447,1.3664490995608118e-8,6.694469317339074,6.679942987821402,1.1613278671435778e-8,5.689545096456422,5.677199352087602
4.434708563202745,8.678590069563855,1.3466420552346867e-8,6.6915794939467705,6.677166492900782,1.1444941098165977e-8,5.687089071978318,5.674839644049202
4.453643956157987,8.64999762620144,1.3227030802691338e-8,6.6437903774129685,6.629655641946579,1.1241486767175643e-8,5.646473704164973,5.634460770644729
4.472660199771454,8.621283098345105,1.2946699533751337e-8,6.59541529919636,6.581440966232037,1.1003236754967811e-8,5.605360334902807,5.593483725447374
4.49175763926064,8.592445964716434,1.2704823221975681e-8,6.598982897272247,6.585047671611012,1.0797669126171934e-8,5.608392391541892,5.59654901889045
4.510936621317059,8.564141899090265,1.2508508964308378e-8,6.580685381324917,6.5669422712156305,1.063082411290366e-8,5.592841563358121,5.581161467292876
4.530197494112529,8.536213633536832,1.2313603477231337e-8,6.562632277636588,6.549045440024375,1.0465176396004062e-8,5.577498458072731,5.565951176033107
4.5495406073055005,8.508166119407024,1.2057471690366368e-8,6.50611081700489,6.492721794635567,1.0247493218604208e-8,5.529461581072082,5.51808241971415
4.568966312047403,8.479998847531265,1.179806749976483e-8,6.4776124956062,6.464373607349142,1.0027028866513656e-8,5.505241216905023,5.493989652636831
4.588474960989014,8.451711306565928,1.1619696247553265e-8,6.474098824871551,6.4609756168553165,9.875433387430562e-9,5.502254992433563,5.491101743344025
4.608066908286869,8.423786997481251,1.144917655597743e-8,6.467126520439596,6.454125200049419,9.730510850771573e-9,5.496329318774997,5.485279660442588
4.627742509609685,8.396437911642536,1.1225275530792182e-8,6.414242522803644,6.4014479906511745,9.54022019149036e-9,5.451383875728252,5.440509964112734
4.6475021221448225,8.368972050218696,1.0983093049846833e-8,6.38161755819327,6.368944869043213,9.334392353376084e-9,5.423656329507336,5.412885970723874
4.66734610460476,8.341388914599383,1.0810285693414864e-8,6.392563510927756,6.37992429318525,9.187525559189339e-9,5.4329591567748,5.422217244918746
4.687274817233619,8.31368800404527,1.0635062767824931e-8,6.361428317514412,6.349023742711184,9.038605803220809e-9,5.40649774831733,5.395955256537953
4.707288621813696,8.286160360551511,1.0445231170634866e-8,6.322214272672255,6.30999000889811,8.877270321385406e-9,5.37317022585546,5.3627809781470805
4.727387881672027,8.259026359742762,1.0221790784714013e-8,6.281061079597742,6.268962799413406,8.687371153609156e-9,5.33819464575172,5.327912469908436
4.747572961686994,8.231776501722557,1.0040331017683569e-8,6.286051982330102,6.2739966823890505,8.533150784708795e-9,5.342436351079168,5.332190703602933
4.76784422829494,8.204410291801832,9.891122129973324e-9,6.27748888172167,6.265558211928832,8.40634003165616e-9,5.335158679800433,5.3250189539163415
4.7882020494968245,8.176927233179287,9.728221611603262e-9,6.2497180239913455,6.237955919640718,8.26789293427354e-9,5.311556577836246,5.301560113596908
4.808646794864903,8.149759166675626,9.522329785589204e-9,6.1968902699165636,6.185294957915399,8.09290806638197e-9,5.266658935483252,5.256804225959491
4.8291788355494365,8.123067513785733,9.333378498424404e-9,6.191683415317037,6.180137283991456,7.93232074894171e-9,5.262233695385733,5.252420783898283
4.849798544285433,8.096261892428936,9.190151572383401e-9,6.179947567629656,6.168536985544975,7.810593989715777e-9,5.252259546353553,5.242561836457496
4.870506295399405,8.069341815980774,9.037077072789899e-9,6.14417005541357,6.1329849322035335,7.680497901845304e-9,5.221852689656903,5.212346594416748
4.891302464816175,8.042306795738973,8.863081659989852e-9,6.103717474077232,6.092656518224366,7.532621393525463e-9,5.187472550639007,5.178071983670719
4.912187430065695,8.015765712417881,8.679587363302666e-9,6.085625927271448,6.074629450190479,7.376671903512823e-9,5.1720967730326235,5.162751005759888
4.9331615702899,7.989548037137626,8.531819792848471e-9,6.071656611784459,6.060795073570798,7.251086107829899e-9,5.160224427867937,5.150993343437772
4.95422526624959,7.963218417188013,8.419425997297327e-9,6.087523564168739,6.076672918044432,7.155564037589936e-9,5.173709550714026,5.16448772333332
4.975378900331346,7.9367763745858175,8.253131236709359e-9,6.023759625991163,6.013169414345825,7.014232216526973e-9,5.11951738333052,5.110516895931003
4.996622856554471,7.910221429306912,8.072066999656787e-9,5.977460356637293,5.967012298894391,6.860348003569588e-9,5.080168217857532,5.071288545268002
5.017957520577956,7.884091824894894,7.931229751611554e-9,5.984609222109623,5.974190763195425,6.740652201553025e-9,5.0862439485189554,5.077389431600881
5.039383279707487,7.857952398756866,7.813494265440479e-9,5.976261570882195,5.965953761445867,6.64059029578126e-9,5.079149384953636,5.07038890763219
5.060900522902477,7.831701362058978,7.684589062205155e-9,5.951321580779457,5.941144632275299,6.531035388258468e-9,5.057953201706193,5.049303941441642
5.082509640783122,7.805338238244592,7.519282632213009e-9,5.896074230384843,5.886060567848293,6.390543536912084e-9,5.010999174937298,5.002488689358579
5.1042110256374915,7.779073100004135,7.375816556271369e-9,5.900744006610419,5.8907426482966105,6.26861352719982e-9,5.014967958894073,5.00646793051918
5.126005071428659,7.753574066428469,7.258633166110357e-9,5.882354748803209,5.872498915903821,6.169020840868451e-9,4.999339160459894,4.9909628123005305
5.1478921738018455,7.727966156651841,7.144186001476935e-9,5.861638421867658,5.851922517022422,6.0717536381258965e-9,4.9817326153036605,4.973475190233883
5.169872730091604,7.702248905792824,6.999763259899722e-9,5.809516537788317,5.79996084789125,5.949010570347667e-9,4.937434882963085,4.929313622558425
5.1919471393290335,7.676421846985031,6.856100871550801e-9,5.792490839900007,5.782990741099609,5.826913717194756e-9,4.922964956917821,4.914890942685556
5.214115802249024,7.651049143458603,6.745993395463034e-9,5.796209088105943,5.786758612002583,5.7333347610502e-9,4.926125049203657,4.918093208676166
5.236379121297531,7.62589159293379,6.6481196200137915e-9,5.7915436835924945,5.782182641288143,5.650153072886117e-9,4.922159980709919,4.914204148840992
5.258737500638874,7.600626624278072,6.5201635667358414e-9,5.737717373074971,5.728554219554377,5.541404835949116e-9,4.876413677821934,4.868626029136154
5.281191346163088,7.575253778835711,6.385258878084458e-9,5.7095925131050365,5.700490687013455,5.426751041388064e-9,4.852510713816108,4.844775186539281
5.303741065493281,7.549922238612324,6.264736646497604e-9,5.69993022561804,5.69091344769677,5.3243207158112595e-9,4.844298857463311,4.836635611554495
5.326387067993034,7.525238095887594,6.179737195403632e-9,5.710145710010192,5.701157665365237,5.252080753650164e-9,4.852980868893367,4.845342043033939
5.34912976477384,7.500448556396514,6.067641168063425e-9,5.662343490560711,5.653560516675473,5.1568117528596385e-9,4.812354365077135,4.804889826271701
5.3719695687025615,7.475553170114209,5.944283753428343e-9,5.6219363696769555,5.613255467681823,5.051971840944478e-9,4.778012862324908,4.770635073132373
5.394906894408927,7.4505514850942705,5.819367409391372e-9,5.600529668671294,5.59194049523831,4.945807014579226e-9,4.759819576947886,4.752519746704183
5.417942158293054,7.425981312209363,5.7360946544545765e-9,5.610370766575446,5.601810018821077,4.875034549719027e-9,4.768183402020516,4.760907730402795
5.441075778533018,7.401459674755001,5.649885860883277e-9,5.599782013873841,5.591316100282563,4.801766782628868e-9,4.759184154558889,4.751989081301099
5.4643081750924365,7.376833334402018,5.532835791467749e-9,5.539254337682124,5.530970870035363,4.702287403918726e-9,4.7077424454476775,4.7007024306986045
5.487639769728092,7.3521018440882235,5.419969118922801e-9,5.520748299766967,5.512512593893806,4.606363441481819e-9,4.692014397071638,4.685014974451964
5.511070985997593,7.327596884422479,5.3235409327240305e-9,5.509801359341496,5.501658207343498,4.524410341401666e-9,4.682710730378055,4.675789968130343
5.534602249267063,7.303359683254926,5.251366427629956e-9,5.519549146372303,5.5114299989214,4.463070139201683e-9,4.690995251715511,4.684094890629824
5.558233986718859,7.279018993679575,5.1539240101836885e-9,5.4736330847318095,5.465679921933435,4.3802550567675405e-9,4.6519717696482115,4.645212476826656
5.5819666273593285,7.254574373819891,5.045402787052365e-9,5.434738544690006,5.4268776403015355,4.28802423701771e-9,4.61891579028916,4.612234906727366
5.605800602026597,7.2301993979734025,4.947656273962897e-9,5.429555954510702,5.421745378437292,4.2049507075292e-9,4.614511172216561,4.607873062055407
5.629736343398393,7.206263656601607,4.876304290692428e-9,5.428618426771186,5.420869114659945,4.144309556260124e-9,4.613714379207242,4.6071283365153715
5.653774285999893,7.182225714000107,4.793481101022977e-9,5.395240703075439,5.387641101223688,4.073919171254371e-9,4.5853470725273615,4.5788882666980975
5.6779148662116254,7.158085133788375,4.698106720055582e-9,5.355871545099376,5.348364741001694,3.992861686958319e-9,4.551887721368013,4.54550778318032
5.702158522277376,7.133906233390945,4.6042185925024726e-9,5.348147532601201,5.340664242585506,3.913067350706496e-9,4.545323180498412,4.538963226632632
5.726505694312156,7.110289476517209,4.525471093710129e-9,5.331623201467508,5.324251682417774,3.8461408440076385e-9,4.531279359738727,4.525014398608168
5.750956824310181,7.086571880419124,4.46093635385024e-9,5.332179544630885,5.324854508627656,3.791293581989435e-9,4.531752188781193,4.525526733005991
5.775512356152909,7.062753014531678,4.370555837775813e-9,5.271847921376575,5.2647071535579055,3.714480320523797e-9,4.480477102590455,4.474408254022815
5.800172735617085,7.038837628519939,4.286695773031624e-9,5.264777172626035,5.257631510555018,3.643208708460681e-9,4.474467762346306,4.468394754215281
5.824938410382841,7.015557894240129,4.2067975764781896e-9,5.258809838931505,5.251719104195958,3.5753042382379404e-9,4.469396200650937,4.463369874570032
5.849809830041819,6.99217875976069,4.143051585988373e-9,5.24733731088817,5.2403362707051535,3.5211273243680516e-9,4.45964584366538,4.45369574785417
5.874787446105339,6.968699800660982,4.071032662750576e-9,5.21395512360756,5.207078914724117,3.4599193492267817e-9,4.431274743440983,4.425430740177919
5.899871712012587,6.945120590708169,3.9903340533080916e-9,5.181726842156813,5.174918264658543,3.391334618177953e-9,4.403884333237683,4.398097809036461
5.925063083138853,6.922192594343644,3.909854544188796e-9,5.171987210050153,5.165218769811723,3.322936097732287e-9,4.395606742667478,4.389854330617508
5.950362016803798,6.899170564708545,3.846448948648419e-9,5.1594570009873175,5.1527778740185655,3.269048481239626e-9,4.384957475914342,4.379280970086576
5.975768972279753,6.876050235225425,3.7903871779723066e-9,5.156194743760647,5.149567635756301,3.221402288938348e-9,4.382184924614523,4.376552629048965
6.001284410800055,6.852856874387951,3.714886163706032e-9,5.108303822523851,5.10180139751015,3.1572349285198655e-9,4.341483034267239,4.335956705203939
6.026908795567427,6.830051171944991,3.6397066214186812e-9,5.089753559819439,5.0832909390678,3.0933407830844735e-9,4.325717399800216,4.320224899877555
6.052642591762381,6.807148093331482,3.5802266078917496e-9,5.105132510045168,5.098662937534749,3.042789469267439e-9,4.338787775762477,4.333289367627648
6.078486266551662,6.784147222769021,3.5204456585530914e-9,5.074411400492829,5.068079976620792,2.9919823938969797e-9,4.312678291959408,4.307297294611129
6.104440289096735,6.761181351376808,3.4549840781001526e-9,5.030237095626281,5.024043575485565,2.936347421740539e-9,4.275135107021376,4.269871312316224
6.130505130562299,6.738765587716423,3.3876282123267738e-9,5.007662437264827,5.001504885636303,2.879102520365619e-9,4.2559491894084704,4.250715963888488
6.156681264124837,6.71625411285264,3.3214447622071116e-9,5.003909844077143,4.997781250931528,2.8228540402777956e-9,4.252759907755527,4.247551293685179
6.182969164981209,6.693646518116161,3.270397467154483e-9,4.998151432395119,4.992083522630567,2.7794695876070212e-9,4.247865906245359,4.242708866215729
6.209369310357281,6.671129779299885,3.2170537118089898e-9,4.974837162086085,4.968868703333239,2.7341334022776722e-9,4.228051401760192,4.222978883891942
6.235882179516585,6.648858969206069,3.155341228755955e-9,4.939218419777744,4.933332875408554,2.6816847407482016e-9,4.197779481607017,4.192777431628392
6.262508253769017,6.626493066834026,3.0871920209207044e-9,4.907487493628475,4.9016778794571785,2.6237655879540923e-9,4.170811767405834,4.165874249545382
6.289248016479584,6.60403166615715,3.039933786560716e-9,4.929815862292211,4.923982238032247,2.5836014102090917e-9,4.189788366508856,4.184830442776668
6.316101953077169,6.581957418007494,2.9891523101625277e-9,4.899675370758093,4.893968383356235,2.540442873462377e-9,4.164172342641428,4.159322045978826
6.3430705510633505,6.560112853638687,2.9366695059276187e-9,4.870834591442917,4.865211906630718,2.495838399630582e-9,4.139660927807449,4.134882278853257
6.370154300021245,6.538175016982793,2.8753442036441796e-9,4.836233599252858,4.830675594615547,2.4437187981572066e-9,4.1102539806521925,4.105530302563417
6.397353691624401,6.516143509784236,2.8196017120810008e-9,4.832413106272373,4.8268844987760176,2.396343957149853e-9,4.107006991821148,4.102308297991953
6.424669219645728,6.494264624283418,2.7781563915660205e-9,4.8321738863997,4.826688049062218,2.361120101616402e-9,4.106803681866465,4.102141337856225
6.452101379966445,6.472318896026844,2.7321337435295953e-9,4.808250483699996,4.802852860715476,2.3220060331146045e-9,4.0864714834399045,4.081884111696404
6.4796506705851025,6.450279463531918,2.6785501637398352e-9,4.770106760869074,4.76479389789242,2.2764660240127943e-9,4.054053614165163,4.049538278884042
6.5073175916266095,6.428365454447511,2.6210658921487597e-9,4.74127907642797,4.7360329910301715,2.2276108661129334e-9,4.029553328499612,4.025094746641103
6.5351026453513175,6.406970963079486,2.5790896394843316e-9,4.752451471522442,4.747210551051862,2.191935778037477e-9,4.039048606274774,4.034594414022808
6.563006336164136,6.385485121153615,2.5403656150745625e-9,4.7429545621134235,4.737778346270378,2.1590247177649305e-9,4.030977302666043,4.02657810206149
6.591029170623692,6.363907538619757,2.4930976403821072e-9,4.705190648236184,4.700110388540283,2.118852261834132e-9,3.9988822282339664,3.994564579549451
6.6191716574515285,6.342621256911354,2.4435835641433544e-9,4.681235717687967,4.676195900671506,2.0767708725087507e-9,3.9785232346863286,3.9742399577253344
6.64743430754133,6.321424269344003,2.3951920066785823e-9,4.673159659679209,4.66815735712102,2.0356434977412734e-9,3.9716594947744266,3.9674081008786892
6.675817633968206,6.300136774523845,2.360729187030135e-9,4.67694011094395,4.67196495808774,2.006353981687621e-9,3.9748724526559407,3.9706441329497237
6.704322151998006,6.278844829041456,2.3210291103996823e-9,4.650445849155926,4.645560302758241,1.972613386934769e-9,3.9523553134930416,3.948203149186535
6.732948379096667,6.257947683259433,2.2728255674502863e-9,4.601148699035649,4.596367864197167,1.931645803334196e-9,3.9104582869416404,3.906395115669527
6.76169683493961,6.2369613104940855,2.228124667549319e-9,4.593268683353411,4.5885003701920795,1.8936550719135566e-9,3.903761160932151,3.8997086316756264
6.790568041421175,6.215885329762543,2.1919280515762118e-9,4.601541918931327,4.596786403479936,1.862892024216153e-9,3.9107924795748765,3.90675082693073
6.819562522664101,6.194914983681848,2.1589269963355907e-9,4.5927292776062,4.588028685413356,1.8348448433087955e-9,3.9033027267862064,3.8993077527272524
6.848680805029025,6.173949820379103,2.117584786462393e-9,4.549531510129641,4.544935365657594,1.799708620210201e-9,3.866589488667757,3.8626832834102602
6.877923417124054,6.15289513967068,2.074913605003459e-9,4.52325463296707,4.518701274431258,1.7634429209110992e-9,3.844257101958139,3.840387259928579
6.907290889814355,6.131969286028094,2.0345151333149418e-9,4.5178527040189325,4.513327821594258,1.7291087690008923e-9,3.839666070630431,3.8358204300888175
6.936783756231793,6.111619208200063,2.005426975724838e-9,4.524234016147682,4.519728097752688,1.7043871104889813e-9,3.845089467379304,3.8412599441274953
6.9664025517846,6.091182239268626,1.9735928340867297e-9,4.509291811799464,4.504842029118354,1.677331674744749e-9,3.832390276233643,3.828608462017535
6.996147814167112,6.070658008224692,1.9299470199353963e-9,4.446252713982961,4.4419330615425405,1.64023764740454e-9,3.778814141537205,3.7751429233725133
7.02602008336952,6.050306343308726,1.892503777854644e-9,4.438716507588406,4.434408500936253,1.6084151078905859e-9,3.7724092147079844,3.768747894151958
7.056019901687669,6.029906466852385,1.8625086188351393e-9,4.45470731298304,4.450391967288711,1.582922600295572e-9,3.785999598666543,3.782332040751072
7.086147813732913,6.009419486661619,1.833606750069876e-9,4.4411561568086135,4.436901985045255,1.5583592663079286e-9,3.77448264183117,3.7708670748686015
7.116404366441993,5.989009074483865,1.7983816936425341e-9,4.397208536348239,4.393056101425145,1.5284219348230419e-9,3.73713211311284,3.7336030110085328
7.146790109086978,5.9686506269117245,1.7625565024527474e-9,4.371979141215152,4.367864487044203,1.4979745563675852e-9,3.7156899681777324,3.7121929754584886
7.1773055932852134,5.948205252498907,1.7281118391505116e-9,4.366180583942448,4.36209060571535,1.4687004711637378e-9,3.7107618474360344,3.707285826490457
7.2079513730093625,5.927911121274008,1.7019410250356421e-9,4.367835731230569,4.363771362428379,1.4464582261015536e-9,3.7121685362549157,3.708714280436789
7.238728004597447,5.908214077057634,1.675958454819215e-9,4.3589054002958765,4.354883079345267,1.4243759671560503e-9,3.7045787605504232,3.701160240671388
7.269636046762945,5.888432930071715,1.6399797031583814e-9,4.303381792575427,4.299465965268938,1.3937980795917103e-9,3.6573899461622177,3.6540619338890865
7.3006760606049435,5.868574081818886,1.6084341749052325e-9,4.294470327488507,4.290568148054576,1.3669879327257042e-9,3.6498162043039626,3.646499791185702
7.33184860961832,5.848935375940458,1.58020301326228e-9,4.298344086914103,4.2944556619598,1.3429946242677944e-9,3.653108463615342,3.6498037402559573
7.363154259703973,5.829212816386497,1.556669243069655e-9,4.292189921107969,4.288342090318524,1.3229935695981163e-9,3.6478781156631337,3.6446078927728176
7.394593579179087,5.809406045117175,1.527750956749676e-9,4.2543890728459814,4.250628000968437,1.298416282537645e-9,3.615751651162976,3.6125551635783846
7.426167138787465,5.7897763739517725,1.4975445161860154e-9,4.228691346604785,4.224967269949002,1.2727442094212222e-9,3.59391147752188,3.5907464317099795
7.457875511709878,5.770117182739876,1.4681195043723261e-9,4.221255662006673,4.2175543457735145,1.2477362627503587e-9,3.587591982900489,3.584446280884908
7.489719273574471,5.750374050383828,1.4449994704523034e-9,4.221794198079287,4.218118837688863,1.2280868373240788e-9,3.588049677920955,3.584926035448969
7.52169900246722,5.730980598519667,1.4237158869312416e-9,4.218152564916606,4.214506861643808,1.2099981879454589e-9,3.584954699794734,3.581856262533223
7.553815278942422,5.711710832634546,1.39401820804945e-9,4.166523177899206,4.16297453116686,1.1847585049700807e-9,3.541075534499723,3.5380595843686526
7.586068686033235,5.6923587883800595,1.365482484055779e-9,4.14422730213086,4.140712638199712,1.1605063528089654e-9,3.5221265506989545,3.519139482122308
7.618459809262255,5.673108712535269,1.3410767892362022e-9,4.150448048490951,4.146938980496117,1.1397642603884822e-9,3.527413484624798,3.524431171963893
7.65098923665216,5.653916350375225,1.3209842723172356e-9,4.144189458712248,4.140718395540253,1.1226878835029112e-9,3.522094388054451,3.5191443752134686
7.683657558736377,5.634642040345537,1.298413929008604e-9,4.1207976406854385,4.117383277458551,1.103505633199013e-9,3.5022139767413507,3.4993121524690745
7.716465368569795,5.615614739915217,1.27314621086777e-9,4.094280940565547,4.09090473241625,1.08203091802264e-9,3.4796777675230066,3.4768083707702733
7.749413261739545,5.596834440808459,1.2470359868340326e-9,4.077505218615498,4.074163178488506,1.0598401677067394e-9,3.465420292877002,3.4625799350957758
7.782501836375806,5.57797395326579,1.2274483736677156e-9,4.086998629374936,4.083661093442026,1.0431929021567943e-9,3.47348862302755,3.4706520933041034
7.815731693162663,5.559032934897282,1.2077027615826862e-9,4.069580750845058,4.066297387000294,1.026411355317236e-9,3.45868538759802,3.4558948980495092
7.849103435349006,5.540011041851066,1.1849603487479963e-9,4.036243371850935,4.033021767585743,1.0070828652918866e-9,3.430352369371548,3.427614368511305
7.882617668759495,5.520907928807088,1.1592522569680371e-9,3.997442030057292,3.994281775452219,9.852338821100416e-10,3.3973755980289466,3.3946897374715945
7.916275001805548,5.502048749006949,1.1388695302940246e-9,4.0098931876882205,4.0067206827395445,9.679108596114285e-10,3.407957679966461,3.405261407996482
7.950076045496385,5.483458174976989,1.1209110352028739e-9,4.00164038616416,3.9985080478281274,9.526481609803433e-10,3.400943727968558,3.3982815930964096
7.984021413450127,5.46478822260243,1.1028325302593295e-9,3.9868743384980205,3.9837820725970734,9.372834674882996e-10,3.3883942501667366,3.385766172352098
8.01811172190493,5.446400787390387,1.0812596678825579e-9,3.95586284795003,3.9528170358530437,9.189489636562502e-10,3.3620379752153924,3.359449377903242
8.052347589730179,5.428255777443006,1.0596223558392169e-9,3.9407513322574044,3.937729884585993,9.005596848649e-10,3.3491948884921006,3.3466269981981602
8.086729638437708,5.410033291628015,1.0409427304399615e-9,3.9414397653786635,3.9384356801020246,8.846841066740032e-10,3.349779979124924,3.347226844911467
8.121258492193101,5.391732999137656,1.0254118194293015e-9,3.9354961683274516,3.9325239481028698,8.714845811559261e-10,3.344728590903538,3.342202538396201
8.155934777827014,5.373354567751682,1.0068778901173807e-9,3.9076343288710724,3.904713825091016,8.557328282333175e-10,3.321049164717101,3.3185670653641375
8.190759124846549,5.354897663831329,9.858707759027248e-10,3.872168600865372,3.869300598475264,8.37879146633623e-10,3.2909072894911655,3.288469810407797
8.225732165446694,5.336876595622186,9.68572941688167e-10,3.8848898897890654,3.8820041819682825,8.231779353546577e-10,3.301718952609695,3.2992664259039537
8.260854534521792,5.318964187393886,9.518938697715619e-10,3.8728995706631606,3.870055963327217,8.090026023539105e-10,3.291528531509243,3.289111785474937
8.29612686967707,5.300975296464696,9.365199204605632e-10,3.85654906294147,3.853749498032408,7.959364766060477e-10,3.2776324410765674,3.2752531261457616
8.331549811240206,5.282909596267495,9.18679474907175e-10,3.825970015195627,3.823217863444209,7.807741067892236e-10,3.2516436938123072,3.2493046747265932
8.367124002272968,5.2647667588407865,8.999703227287235e-10,3.8038624056533497,3.8011397066528967,7.648734341608401e-10,3.232854715104189,3.230540727540301
8.402850088582879,5.246603456594389,8.834154216124045e-10,3.805624593351941,3.80291173647741,7.508036323582213e-10,3.234352376218803,3.232046753353687
8.438728718734934,5.229022927819882,8.700715459270767e-10,3.8015988661356386,3.79891298721794,7.394628405979929e-10,3.2309309613974877,3.228648266757856
8.47476054406339,5.211367333408939,8.561340146158874e-10,3.7899663096260507,3.7873085811892357,7.276175084037146e-10,3.2210445982354434,3.2187858283347093
8.510946218683578,5.193636352845046,8.379194196781592e-10,3.74691694723396,3.744320348749498,7.121371537408773e-10,3.1844574877278022,3.1822506714030983
8.547286399503786,5.175829664243145,8.225808951422554e-10,3.7481533390039052,3.74555402176461,6.991011350628776e-10,3.185508281509734,3.1832991545495637
8.583781746237172,5.157946944343786,8.074234001372925e-10,3.738691860573665,3.736124910259733,6.862189711015485e-10,3.1774670902432995,3.1752854715250463
8.620432921413753,5.140396526935536,7.950178796071782e-10,3.7292203014749905,3.7266859234050775,6.756756755608115e-10,3.1694173315438183,3.16726339556522
8.657240590392432,5.123096922515557,7.803733700357541e-10,3.700778281562757,3.6982900140310107,6.632294914538354e-10,3.1452448173004806,3.1431300700870977
8.694205421373063,5.10572345195466,7.652993377051855e-10,3.6832760583772557,3.6808063987790756,6.504182613675194e-10,3.1303698984112063,3.128270965846029
8.731328085408599,5.088589080712044,7.502629624837601e-10,3.673574790553076,3.671127136591551,6.376390355836386e-10,3.1221249131611413,3.1200446829092012
8.768609256417266,5.071439742048058,7.382352475303829e-10,3.6728457656491376,3.670417114957592,6.274168322407507e-10,3.1215053240838335,3.1194412444715334
8.806049611194789,5.054217178850398,7.261420722793248e-10,3.6558580606470605,3.6534680250937583,6.171389950159183e-10,3.107067687713721,3.105036426620713
8.843649829426695,5.03692107846372,7.127424481319072e-10,3.6330783769468686,3.63071917626226,6.057508233404073e-10,3.087707521649539,3.085702466722794
8.881410593700641,5.0195511268977056,6.981167745991461e-10,3.610365172248299,3.608034748151841,5.933206477452835e-10,3.068403855250942,3.0664232571837697
8.919332589518811,5.002300334716535,6.856661325085694e-10,3.616241112351469,3.613912990989385,5.827390039590168e-10,3.073397742684928,3.0714191016826757
8.95741650531035,4.985162572610342,6.749507366638884e-10,3.6083164018358476,3.606017299117859,5.736321240862851e-10,3.066662631099875,3.0647086526774925
8.995663032443877,4.967951635400254,6.62586982316821e-10,3.577336132966352,3.5750896776260777,5.631243250981034e-10,3.0403328910595695,3.0384236569799445
9.034072865240027,4.951348667946788,6.502013679771257e-10,3.5593080006987785,3.5570804722869003,5.525979475777082e-10,3.0250110086699418,3.023117860348208
9.072646700984052,4.934761918576857,6.37074121352366e-10,3.542023936262801,3.5398221285067066,5.414412661256879e-10,3.0103215001522385,3.0084502114916756
9.11138523993849,4.918104346826449,6.259105258723847e-10,3.54302999266125,3.540840634333076,5.319534670319731e-10,3.011176534805057,3.0093158267563718
9.15028918535587,4.901375650296975,6.169212340460225e-10,3.5430031051077577,3.540828592705326,5.243135812087868e-10,3.011153683412232,3.0093055927287184
9.18935924349148,4.884575525298663,6.054916923848523e-10,3.514870340725557,3.512736895693882,5.145997578076359e-10,2.987244001546047,2.9854308135033314
9.228596123616185,4.867989628081202,5.934954178817692e-10,3.4920257790166715,3.4899186798363577,5.044042753071811e-10,2.9678286964799914,2.9660378994442875
9.268000538029314,4.851439774027688,5.822527041738351e-10,3.4888915475424893,3.4867927966804597,4.948492346287267e-10,2.9651649526535904,2.9633812507483746
9.307573202071582,4.834819255129936,5.720952110204509e-10,3.4790302575573255,3.476960034640425,4.862165092215845e-10,2.956783966585807,2.9550245102215933
9.347314834138068,4.818127769662012,5.631732778430017e-10,3.4692942673388423,3.4672492408656588,4.786338706651284e-10,2.948509471210461,2.9467714289861893
9.387226155691279,4.801365014609663,5.525961641520678e-10,3.444192517346601,3.442178485198717,4.696445150519735e-10,2.9271758102717325,2.9254641097338836
9.427307891274229,4.785076843490309,5.417603635278999e-10,3.4282401641765565,3.4262438189593825,4.6043530467472455e-10,2.9136181063742046,2.9119214377358427
9.467560768523601,4.76897569259056,5.320134999955986e-10,3.4324283995529594,3.4304348632056927,4.5215156820701044e-10,2.9171776348325547,2.915483353417324
9.507985518182945,4.752805792726822,5.234223605020136e-10,3.4246528050179332,3.4226834650274016,4.4485006703318353e-10,2.9105692550399684,2.908895537803359
9.548582874115962,4.736566850353615,5.14312767146049e-10,3.4019471106904122,3.4000156214656636,4.3710793845625524e-10,2.8912719716110655,2.889630423263228
9.589353573319814,4.720258570672073,5.04004646962292e-10,3.369604545768957,3.3677121729129302,4.2834719703448555e-10,2.8637844333264284,2.862176129487349
9.6302983559385,4.704183641183985,4.946466285477425e-10,3.367131180781647,3.365238854837397,4.203939351313879e-10,2.861682351597732,2.8600740876283806
9.671417965276305,4.688146993542241,4.855736935157462e-10,3.3652015712059304,3.3633229577131085,4.126829620019629e-10,2.860042400739916,2.858445790810203
9.712713147811282,4.672169003831713,4.779738480209886e-10,3.355042345599566,3.35319053880362,4.062239491035796e-10,2.851408202942821,2.8498343756869144
9.754184653208819,4.656409831780649,4.696705578748949e-10,3.335985205203854,3.33416099392308,3.991670874621642e-10,2.835211779514593,2.83366140533922
9.79583323433522,4.640583370952617,4.6037721516893946e-10,3.3117969286707183,3.3099978549842635,3.912687926286351e-10,2.81465446815544,2.813125458104648
9.837659647271405,4.624689334036867,4.5156476753226116e-10,3.305346689535753,3.3035572332905803,3.837792044533365e-10,2.8091724912127334,2.807651654904069
9.879664651326618,4.608727432495885,4.436699169900701e-10,3.3028887366726662,3.3011146622801224,3.770694704833505e-10,2.807083508054162,2.8055757445881757
9.921849009052206,4.592915866650684,4.3684171876097135e-10,3.2950024293664644,3.293248993532358,3.712662708702939e-10,2.8003810348727645,2.798890811857469
9.964213486255483,4.577241010085471,4.285181607565527e-10,3.2664199555674127,3.2647012128228265,3.64192183831542e-10,2.7760891506412855,2.7746284128455048
10.006758852013611,4.5617222668714135,4.2041551575898516e-10,3.253715876625483,3.2520079087847926,3.5730584797294976e-10,2.765292114069344,2.7638405337285787
10.049485878687575,4.547323258882288,4.1242200478605185e-10,3.2487705052230007,3.2470732391958035,3.5051226374638097e-10,2.7610891052452877,2.759646620240926
10.092395341936198,4.532862769767501,4.057552838328933e-10,3.248577897268626,3.246893549758466,3.4484630163490424e-10,2.7609254101724745,2.7594939044529188
10.135488020730229,4.518340537013913,3.9918441203832343e-10,3.235906485240407,3.2342449396643187,3.3926180051523993e-10,2.750156136798765,2.7487440101555842
10.178764697366464,4.503756296987501,3.918794759276827e-10,3.216496205380471,3.2148557408431255,3.3305342738541224e-10,2.7336595845908236,2.7322653744567673
10.22222615748198,4.489109784928573,3.837223784101099e-10,3.1918778003541,3.190263585005174,3.261208130163811e-10,2.7127367124465622,2.7113648111669018
10.265873190068374,4.474400734946958,3.765063677904098e-10,3.188144704084939,3.1865414831799503,3.1998801654049686e-10,2.709564000978934,2.7082014437386035
10.309706587486092,4.4596288800171875,3.7105235399488976e-10,3.1946921563325903,3.1930934118877765,3.153527189574704e-10,2.71512859812085,2.7137698453676005
10.353727145478816,4.444793951973639,3.6480652296792994e-10,3.1789754894006643,3.177399816089334,3.1004446588942e-10,2.701771200986536,2.700432056098849
10.397935663187903,4.429895681505677,3.5761792041644903e-10,3.152745228518561,3.1511959556574887,3.0393496318526696e-10,2.6794784328661403,2.6781617253883785
10.442332943166909,4.414933798152752,3.5068908449500263e-10,3.1417711468511142,3.1402332428564854,2.980462328659104e-10,2.6701516991730876,2.6688446539516244
10.486919791396126,4.399908030299506,3.44041153528485e-10,3.1350620357623855,3.1335405174992905,2.9239624012725294e-10,2.66444971021967,2.6631565910249133
10.531697017297251,4.384818105170827,3.391038023525915e-10,3.137242858267422,3.1357299952057947,2.882000475926886e-10,2.6663031637798555,2.665017400531737
10.57666543374806,4.369663748826904,3.3299024815985404e-10,3.114442001606464,3.1129569370908836,2.830042149388412e-10,2.64692500308318,2.645662865468977
10.621825857097166,4.3544446861582555,3.2629453816785406e-10,3.088839623618192,3.0873787018985057,2.773136154086278e-10,2.625165864720485,2.6239242457642193
10.66717910717884,4.339160640880731,3.2013937469455704e-10,3.0837886431217143,3.082333939852851,2.7208241955167155e-10,2.6208731000585277,2.6196367660852395
10.7127260073279,4.323811335530498,3.148956400016731e-10,3.092622791336817,3.091168196936515,2.67625835527641e-10,2.6283811312819174,2.6271448898346472
10.758467384394654,4.308396491459002,3.095837187722988e-10,3.073588873022813,3.072164443859768,2.631113006256628e-10,2.612204444008244,2.6109938396159196
10.804404068759892,4.292915828827916,3.037009099817278e-10,3.046290325084864,3.0448956492417176,2.5811157558082714e-10,2.589003752183657,2.587818434762907
10.850536894349997,4.277369066604051,2.980187494708094e-10,3.0336875957648632,3.032302793838456,2.532823789799195e-10,2.5782928513779932,2.57711592567463
10.89686669865206,4.261755922554256,2.920236074221048e-10,3.020394970559919,3.019026487918972,2.481871833148321e-10,2.566995616755088,2.5658325606067507
10.943394322729084,4.246076113240299,2.8717662601381096e-10,3.021706756199049,3.0203466274415804,2.4406779490674016e-10,2.5681104868361837,2.566954530548123
10.990120611235264,4.230329354013716,2.8267745270656383e-10,3.012788798602082,3.011445732542332,2.4024400421999303e-10,2.5605312270754714,2.5593897721591454
11.037046412431312,4.216404726044645,2.774175968947424e-10,2.9909585998745003,2.9896371253355194,2.3577371906016626e-10,2.5419780163223074,2.540854911767346
11.084172578199846,4.202926642634845,2.7180583649977784e-10,2.9701865023431613,2.968883188258473,2.310043546304926e-10,2.5243240724396396,2.5232164022258896
11.131499964060879,4.189391010278589,2.6663486429245953e-10,2.9648528848257554,2.9635591471490317,2.2660961052585392e-10,2.519791098135921,2.5186915667906
11.179029429187336,4.175797583252422,2.6252067211124666e-10,2.9696878132038167,2.9683986810932455,2.231130104458638e-10,2.5239002428255333,2.5228046256928374
11.226761836420653,4.162146114783694,2.5826558406823456e-10,2.9579440303427003,2.9566727371681596,2.1949666474876638e-10,2.5139193497892096,2.512838893743406
11.274698052286439,4.148436357046078,2.53241592455776e-10,2.9332037896900416,2.931954433448853,2.1522683759917191e-10,2.4928929310817685,2.4918311189591305
11.322838947010208,4.134668061155081,2.4847638028571083e-10,2.9237674660499042,2.9225257049279616,2.1117694383604012e-10,2.4848731185543946,2.4838177614278747
11.371185394533185,4.1208409771635095,2.4378383924436095e-10,2.9193106703906113,2.918078801996838,2.0718881234926455e-10,2.4810853440965204,2.480038394674985
11.419738272528146,4.1069548540569505,2.3993019531307324e-10,2.9171734806667042,2.9159529260756694,2.0391364894296453e-10,2.4792689734870743,2.4782316395238886
11.468498462415385,4.0930094397492,2.358756847451217e-10,2.902623349368095,2.901420230541266,2.0046777151386486e-10,2.4669030002846304,2.4658804847576845
11.517466849378696,4.079004481077693,2.311130452677618e-10,2.8741215891104965,2.872943662340273,1.964200642498373e-10,2.442679713474728,2.4416786083591733
11.566644322381443,4.064939723798908,2.268119535342436e-10,2.8684655249192774,2.867292079556675,1.9276462059600417e-10,2.4378726958070174,2.436875399383317
11.616031774182701,4.050814912583747,2.2276183533745864e-10,2.870292298930645,2.869122923922557,1.8932247618779795e-10,2.4394252480148215,2.4384314109341205
11.665630101353466,4.036629791012909,2.1926862261780667e-10,2.8659192793641735,2.864762484360375,1.8635363872543207e-10,2.4357086738023317,2.4347255283087197
11.71544020429293,4.0223841015722215,2.1506992941404827e-10,2.8362766378737323,2.8351503746915445,1.8278522229142205e-10,2.410515766412177,2.409558569528932
11.765462987244806,4.008077585647985,2.1105331973702503e-10,2.82127023182757,2.8201546723556,1.7937155635182369e-10,2.3977620110526243,2.3968139111177846
11.815699358313786,3.993709983522257,2.0703028145040368e-10,2.812756403177622,2.8116491900055567,1.7595242681795332e-10,2.3905262153903872,2.3895852088706406
11.866150229481988,3.9792810343681513,2.0325562814779243e-10,2.8109395409980604,2.80984032696668,1.727443965513763e-10,2.388982087123507,2.3880478789726087
11.916816516625534,3.964790476245097,2.0017654855641935e-10,2.808365817592356,2.8072761086997113,1.7012752561504657e-10,2.3867947120399235,2.3858685821866352
11.967699139531165,3.9502380460940865,1.9643001613693522e-10,2.784091594764239,2.7830249136461216,1.669433949326068e-10,2.366164356007924,2.3652577971699666
12.018799021912944,3.9363566415875026,1.9259472291740345e-10,2.76433292181908,2.7632816289595215,1.6368382756493785e-10,2.3493717089079595,2.3484782283569996
12.070117091429031,3.923681078417029,1.8887597996321999e-10,2.755476224378812,2.754433693602624,1.6052331479880177e-10,2.3418445133823096,2.34095847961557
12.121654279698495,3.9109513929144715,1.8573736710448233e-10,2.762631735090783,2.761589540950624,1.578558472888896e-10,2.3479258917491492,2.3470401440851276
12.17341152231827,3.8981673539873873,1.826492673977679e-10,2.748655521698002,2.747631751129822,1.552313102702198e-10,2.3360476841412705,2.3351775944388655
12.225389758880107,3.8853287295566132,1.7944792617835546e-10,2.7344957923000246,2.7334843682319496,1.5251053071719142e-10,2.324013508593591,2.323153912026011
12.277589932987647,3.8724352865520513,1.7600957264544356e-10,2.718589825160714,2.7175900864273075,1.4958831738619683e-10,2.31049522759894,2.309645562250014
12.330012992273542,3.859486790908435,1.7271079124219886e-10,2.714212831523113,2.7132185706569567,1.4678472464905473e-10,2.306775275873486,2.3059302660948933
12.38265988841666,3.8464830075610847,1.696325549517998e-10,2.7107489292568805,2.7097644047667164,1.4416857042359394e-10,2.3038313489960554,2.3029946140407027
12.435531577159374,3.8334237004416347,1.669847576118619e-10,2.704000401484854,2.7030263494787428,1.4191824083692524e-10,2.298095860300307,2.2972680257771567
12.48862901832488,3.8203086324737545,1.637656080371469e-10,2.6782452655957543,2.677293225734825,1.3918232618717974e-10,2.276206894923042,2.275397768244644
12.541953175834665,3.8071375655688375,1.6073297190870602e-10,2.668461148307598,2.667515150743689,1.3660492696462785e-10,2.2678914969577693,2.2670875055514514
12.595505017725975,3.793910260621684,1.5790965212952067e-10,2.672053818164881,2.671106830778599,1.3420542306910812e-10,2.270944861787861,2.270140029143984
12.649285516169398,3.780626477506159,1.5495242663012423e-10,2.6605869629886847,2.6596560486286043,1.3169211438971385e-10,2.2611993261005847,2.260408153719094
12.703295647486513,3.7672859750708314,1.5239197036046186e-10,2.647637144480173,2.646721529777609,1.2951601487783513e-10,2.2501934385682794,2.249415269172877
12.757536392167612,3.7538885111346,1.4964644745069137e-10,2.6325330509652805,2.6316287922647916,1.2718262956108794e-10,2.2373566598602945,2.2365881417879256
12.81200873488951,3.740433842482291,1.466711423342215e-10,2.614441216027318,2.6135499842184333,1.2465395524301645e-10,2.2219806373740045,2.2212231906926205
12.86671366453339,3.726921724860252,1.4393105429511934e-10,2.610810840298852,2.6099249613381157,1.223251889543498e-10,2.2188952267992352,2.218142329436026
12.921652174202798,3.713351912971909,1.4157138009781776e-10,2.6127023084869005,2.6118210852146606,1.203197315951355e-10,2.220502761772402,2.219753821220166
12.97682526124164,3.699724160473315,1.3920493230427435e-10,2.599577859132889,2.598710674057733,1.1830851744184893e-10,2.209348457685534,2.208611448020063
13.0322339272523,3.6870697056407558,1.3645821020992086e-10,2.573779147342923,2.572931526429167,1.1597411295323906e-10,2.1874224576993484,2.1867020753680677
13.087879178113822,3.6751059767055283,1.3386476931262148e-10,2.5629020717232462,2.5620613265617056,1.1376998022206623e-10,2.1781781682236425,2.177463629507508
13.143762024000164,3.6630911648399644,1.3143955290320992e-10,2.562978541820537,2.562140379093013,1.1170881936286646e-10,2.178243159195509,2.1775308152574966
13.199883479398558,3.65102505192931,1.2937149014236038e-10,2.5669367707025414,2.566101779874808,1.0995119888805447e-10,2.1816072080332463,2.1808975598528875
13.256244563127881,3.6389074189275057,1.2698259731419334e-10,2.5435933824014847,2.542778824242443,1.0792090898273603e-10,2.1617679565336596,2.161075673820891
13.312846298357202,3.6267380458532013,1.2470382919695274e-10,2.5310097743029596,2.530203538668497,1.0598421268123427e-10,2.1510733066131262,2.150388097109101
13.369689712624334,3.614516711785768,1.2238263008570312e-10,2.522147582649926,2.5213473479679527,1.0401145481271983e-10,2.1435414416252954,2.1428613322551553
13.42677583785448,3.6022431948612867,1.2013145159396275e-10,2.5199212715456056,2.519125685270119,1.0209820658619413e-10,2.141649327877912,2.1409731691298575
13.484105710378978,3.5899172722685195,1.1815121095949928e-10,2.518958457239538,2.5181688162230174,1.0041522502969735e-10,2.14083104413439,2.140159938186997
13.541680370954113,3.5775387202448656,1.1605406764384995e-10,2.500167208277246,2.4993943328791532,9.863288935788913e-11,2.1248605984841595,2.1242037414245565
13.599500864780012,3.5651073140722973,1.1393246366064781e-10,2.486651431370897,2.485886704250108,9.682976487302733e-11,2.113373710042809,2.1127237781013863
13.657568241519598,3.5526228280732863,1.1189163412922026e-10,2.483195816526832,2.482433001930922,9.509528957665649e-11,2.1104368265410254,2.109788520030392
13.715883555317678,3.5400850356066993,1.097559684799602e-10,2.476121041351226,2.475366449388083,9.328021425904377e-11,2.1044240642889607,2.1037827460902787
13.774447864820061,3.527493709063687,1.0778219764735303e-10,2.46468213566766,2.463940911869898,9.160273130559996e-11,2.094702282523199,2.0940723257597833
13.83326223319278,3.5148486198635522,1.0596912996918196e-10,2.4531269398654514,2.4523957626330657,9.006182793762665e-11,2.08488166725131,2.0842602489371824
13.892327728141389,3.5021495384496015,1.0401200379904918e-10,2.4378430637873443,2.43712190347018,8.839849107303233e-11,2.0718920936088083,2.071279188544675
13.951645421930353,3.4893962342849743,1.0196858183479397e-10,2.424151537694751,2.42343935313159,8.666181250067602e-11,2.0602558381491924,2.0596505614652574
14.011216391402513,3.476880102024925,1.0003996975113216e-10,2.418273918455019,2.4175686177213063,8.502270939878503e-11,2.055260523638206,2.0546610974341566
14.071041717998614,3.465573115298262,9.851661773581323e-11,2.423526443932365,2.4228224576596524,8.37280317211256e-11,2.059724578839153,2.05912626977894
14.131122487776974,3.454217849810152,9.665363313753332e-11,2.399626752797327,2.3989407100642848,8.21447045918991e-11,2.039412532572545,2.0388294735005394
14.191459791433171,3.4428140994191305,9.500907346493531e-11,2.3937086990069187,2.393025920893335,8.074701405400608e-11,2.034382853246572,2.033802568733497
14.25205472431986,3.4313616571035466,9.316960463555342e-11,2.3826151108180813,2.3819389869170973,7.918367268037587e-11,2.0249545524672365,2.024379923285581
14.312908386466649,3.4198603149578033,9.148048734069895e-11,2.381464348070686,2.3807918420953067,7.774811318092642e-11,2.023976533712311,2.0234049793600275
14.374021882600065,3.408309864188588,8.998319022382711e-11,2.378837695565536,2.378171999024057,7.647557923306413e-11,2.0217441748542218,2.0211784077539843
14.435396322163628,3.3967100951110742,8.843146259135972e-11,2.3659503784849854,2.3652942392698013,7.515678547603336e-11,2.010791406497779,2.0102337620487005
14.497032819337957,3.385060797145126,8.663641845951713e-11,2.3410490366416394,2.3404082686205863,7.363120009291782e-11,1.9896280699188753,1.989083489253951
14.558932493061036,3.3733617588114644,8.505155987061034e-11,2.3352698812418335,2.334632633150717,7.228424875358812e-11,1.984716438584415,1.9841748494635794
14.621096467048506,3.3616127677278325,8.358060743615164e-11,2.3394229983096704,2.3387858079318153,7.103410481926328e-11,1.9882461204349418,1.9877045803638795
14.683525869814066,3.3498136106051417,8.213769827135726e-11,2.332196932331205,2.331568539697656,6.980779450637191e-11,1.9821047780363792,1.9815707150573174
14.746221834689958,3.337964073243598,8.071816118125123e-11,2.3185341213626107,2.317916058034204,6.86013478251791e-11,1.970492927198728,1.9699676429659168
14.809185499847555,3.326063940528812,7.91720428031955e-11,2.30082582926159,2.3002180545563857,6.728732130277439e-11,1.9554428729354236,1.9549263328737954
14.872418008318007,3.314112996427897,7.77411385422595e-11,2.297149611988474,2.29654371118675,6.607121380636374e-11,1.9523185022096374,1.9518035547549588
14.93592050801299,3.302111023985545,7.623269797913115e-11,2.2884460766192243,2.287847986549426,6.47892091839788e-11,1.9449214771977084,1.9444131679856476
14.999694151745562,3.290057805320089,7.493453401517655e-11,2.28292921280669,2.28233866627383,6.368591599292866e-11,1.9402327641773758,1.9397308661222816
15.06374009725108,3.2792916636618186,7.368034800349758e-11,2.2730843946096075,2.2725011198408964,6.261999910922433e-11,1.9318657772746741,1.9313700594002772
15.12805950720822,3.268486002789019,7.233573943398378e-11,2.2603928897815613,2.25981671712041,6.147723323329209e-11,1.9210794272836393,1.920589745400943
15.192653549260081,3.2576342037243062,7.093160631011378e-11,2.2487324381731404,2.2481629170384365,6.02838781888534e-11,1.9111693564286834,1.91068532759448
15.257523396035383,3.2467360694660554,6.96826549356919e-11,2.2502910579059607,2.2497228136307976,5.922241015737708e-11,1.9124940076949368,1.912011064047564
15.322670225169768,3.235791402171479,6.853358046541203e-11,2.2487609167904656,2.2481975745181284,5.824582624789361e-11,1.911193560046607,1.910714782549651
15.388095219327136,3.224800003153041,6.73213855301369e-11,2.2334810934145315,2.232928073069596,5.721559705077402e-11,1.8982074307446026,1.897737425723649
15.453799566221173,3.213761672874843,6.60402838410508e-11,2.2176442596793646,2.2170994282965344,5.6126804872083596e-11,1.8847479053587832,1.88428486003351
15.519784458636877,3.2026762109490043,6.481534277811833e-11,2.2096845908502667,2.2091444006462932,5.508574290171882e-11,1.8779830831437172,1.877523982297858
15.586051094452221,3.191543416132027,6.361450764483617e-11,2.206083329182813,2.2055472316367943,5.406516825713538e-11,1.8749224162424516,1.8744667936950046
15.652600676659892,3.180363086321138,6.252173966569703e-11,2.2017156945929304,2.201185684597527,5.3136438524791636e-11,1.8712104186536933,1.8707599698387873
15.719434413389141,3.1691350185506244,6.141930468682152e-11,2.1871501845289782,2.186629649193844,5.2199492931213744e-11,1.8588313752324166,1.8583889788118557
15.786553517927713,3.157859008988144,6.035527919300495e-11,2.180071732247468,2.179554699046619,5.1295191074878557e-11,1.8528154878543897,1.8523760678536174
15.853959208743849,3.1465348529310333,5.913092575805882e-11,2.162561844175802,2.1620543958429264,5.025462852213298e-11,1.8379340546749712,1.837502780732683
15.921652709508447,3.135162344802581,5.815383635418168e-11,2.169721697339399,2.169212118059461,4.9424212552904457e-11,1.844019123636716,1.8435860386293774
15.98963524911725,3.123741278148302,5.710514262328998e-11,2.1618257091121102,2.161323953776497,4.8532940968639273e-11,1.8373084227625045,1.8368819872268358
16.05790806171316,3.113371698804739,5.615307429684048e-11,2.1526485566249587,2.1521530414356738,4.772379009775362e-11,1.8295088765314882,1.8290877444175337
16.12647238670864,3.1031556143804124,5.506782600855613e-11,2.1342667107786863,2.1337806326640614,4.6801451255890016e-11,1.813886377429491,1.813473265766346
16.195329468808225,3.0928959091475745,5.4051234933384986e-11,2.1272021991508496,2.126719666067564,4.593746331410341e-11,1.8078823380373152,1.807472239251624
16.26448055803111,3.0825923968533644,5.300856863362725e-11,2.1189366640493184,2.118460249800013,4.505131436758991e-11,1.800857563932413,1.8004526654666009
16.333926909733822,3.07224489044966,5.2157874011146005e-11,2.12311948562398,2.122643941302427,4.432831973000393e-11,1.8044124912688984,1.8040083321437184
16.403669784633056,3.0618532020896745,5.121640172135679e-11,2.1061325104626594,2.105667385844183,4.352817429712458e-11,1.7899754751812458,1.7895801716303816
16.473710448828523,3.05141714312455,5.032231713419824e-11,2.0980470686141697,2.0975857213800726,4.276830307544167e-11,1.7831037600622281,1.7827116668627383
16.544050173825955,3.0409365240999326,4.935416472534099e-11,2.086503364289858,2.0860475057995806,4.194548254563965e-11,1.7732929112525666,1.7729054828672701
16.614690236560175,3.030411154752534,4.847631328029056e-11,2.0862233417896725,2.0857691676995262,4.1199407666833716e-11,1.7730549236590316,1.7726689268241762
16.685631919418288,3.019840844006675,4.7659721391643945e-11,2.086821832497046,2.086370551116748,4.050539651290671e-11,1.7735635733679178,1.773180035010703
16.75687651026296,3.009225399970819,4.681955523599907e-11,2.072834292889425,2.0723913847190825,3.9791349886585334e-11,1.7616757397528011,1.7612993176811926
16.828425302455774,2.99856462993409,4.5946103045654256e-11,2.0578327880281204,2.057397202606598,3.9049013878905963e-11,1.7489261498484847,1.7485559512888034
16.900279594880754,2.9878583403627674,4.5109166107139396e-11,2.0510442514069522,2.050611757333243,3.83377117235227e-11,1.743156658136118,1.74278908687398
16.972440691967908,2.9771063368967816,4.420481313094601e-11,2.03819452417518,2.037769616068664,3.756911352742072e-11,1.7322358369183741,1.731874712874141
17.04490990371693,2.966937162998214,4.348303580551237e-11,2.0434926759714056,2.0430677196850855,3.695568407573616e-11,1.7367386693526676,1.736377504361026
17.11768854572097,2.9571120463276688,4.269187761057568e-11,2.02700557157242,2.026590317227472,3.628328869752976e-11,1.722726487125608,1.7223735676916563
17.190777939190507,2.9472449782092816,4.196074390358062e-11,2.019477359871391,2.0190656838470376,3.566190737508295e-11,1.7163283548856503,1.7159784766212711
17.264179410977377,2.937335779518054,4.119736895867508e-11,2.0123540339210315,2.011945333849882,3.5013124630901016e-11,1.7102743299420515,1.7099269809027915
17.337894293598787,2.927384270364164,4.0419277059636146e-11,2.005663884559066,2.005259278414437,3.435183413289197e-11,1.7045884563212188,1.7042445866585092
17.41192392526158,2.9173902700896868,3.975026693347885e-11,2.00980569357195,2.009401796723042,3.378325085880044e-11,1.7081085275983665,1.7077652607571507
17.486269649886488,2.907353597265324,3.905445188350256e-11,1.9984418107523167,1.998044840587991,3.319188641780144e-11,1.698450506819081,1.6981131268797884
17.560932817132542,2.8972740696871067,3.8316174459112076e-11,1.9817829634308803,1.9813937722511215,3.256443373997888e-11,1.6842923624468593,1.6839615937685046
17.635914782421565,2.887151504373089,3.760984817058221e-11,1.973147461204946,1.972761782408278,3.1964135929815685e-11,1.6769531579459516,1.6766253743977162
17.711216906962786,2.8769857175600237,3.690961256469254e-11,1.9668238082772578,1.9664418771783212,3.1369014514062097e-11,1.6715787650253309,1.671254166598162
17.786840557777552,2.8667765247000307,3.626661615860514e-11,1.967541383431682,1.9671612756289658,3.082253997278393e-11,1.672188623104838,1.6718655742741462
17.862787107724117,2.856523740457244,3.559412312109468e-11,1.9521659222311962,1.9517946417705097,3.025099661623157e-11,1.6591212124211558,1.6588056658371961
17.93905793552262,2.8462271787044466,3.498438126305978e-11,1.9439604948862996,1.9435930128882544,2.9732784696206574e-11,1.652147523141026,1.6518352048225897
18.015654425780063,2.8360901600548325,3.434397659319471e-11,1.9346690251664498,1.9343053895324125,2.9188512838877805e-11,1.644250820134781,1.6439417707926363
18.092577969015476,2.826705487780112,3.3717072382312647e-11,1.930756955191096,1.9303954459555857,2.8655714851480402e-11,1.6409260011700246,1.640618759027187
18.169829961685146,2.817280744674412,3.310132905025375e-11,1.9274057408764929,1.9270476514648514,2.8132402354324325e-11,1.6380778463623777,1.6377735106847429
18.24741180620797,2.8078157596426276,3.2542842905402854e-11,1.9223876409967056,1.9220335496172325,2.7657752018913083e-11,1.6338130265221218,1.6335120887216361
18.32532491099093,2.798310360859107,3.195834857974193e-11,1.9092725278832936,1.9089245962527468,2.7160997658435626e-11,1.6226666571884667,1.6223709544809566
18.403570690454618,2.788764375764537,3.138401443989292e-11,1.9018393208804278,1.9014940987482365,2.6672878311821866e-11,1.616349268244049,1.616055868305041
18.48215056505897,2.779177631062806,3.0789395813050213e-11,1.893889479707057,1.893547910220326,2.6167519435375585e-11,1.609592798429719,1.6093025028280503
18.56106596132902,2.7695499527178598,3.0249697888110625e-11,1.8939457102219988,1.8936056816907176,2.570883697126232e-11,1.609640588035645,1.6093516020725909
18.6403183118808,2.7598811659505422,2.969078820291068e-11,1.8828568773483494,1.8825237049414536,2.5233826674246674e-11,1.600216328738752,1.5999331697093995
18.71990905544735,2.7501710952354235,2.917342874988701e-11,1.8726976772817725,1.8723690330169724,2.4794129395863123e-11,1.591582152647601,1.5913028420291435
18.799839636904835,2.74041956429761,2.865673143314743e-11,1.8655955597471707,1.8652695097026917,2.435499485876192e-11,1.585546152469246,1.5852690466459423
18.880111507298786,2.7306263961095483,2.811522882197238e-11,1.8566908238023296,1.8563686918194957,2.3894778614563203e-11,1.5779781296240316,1.5777043537119368
18.96072612387041,2.7207914128878103,2.7619219821642734e-11,1.85666394167477,1.856343176950433,2.3473226816825557e-11,1.5779552828426382,1.577682668946307
19.041684950083084,2.711372970540778,2.7161944263362133e-11,1.857313813035752,1.856994686799868,2.308459408329338e-11,1.5785076003214302,1.5782363789557836
19.122989455648913,2.702348170422971,2.6649777015642186e-11,1.8396096876347978,1.839298372972498,2.264930959475548e-11,1.5634610872839954,1.5631965048762826
19.204641116555383,2.6932848360623525,2.6152226267935058e-11,1.8273659272232212,1.8270591807669199,2.2226447485353728e-11,1.553055269629197,1.552794569682185
19.28664141509219,2.684182802924767,2.56711042104037e-11,1.8202189583737245,1.8199151467457697,2.1817547912666967e-11,1.546981150883614,1.5467229452102231
19.368991839878134,2.675041905773527,2.5236270475938134e-11,1.823327981869101,1.8230238833306776,2.144798820234093e-11,1.5496234707665466,1.5493650212515646
19.45169388588815,2.6658619786664155,2.4750206134514025e-11,1.8129686764836244,1.8126705934408176,2.1034888244865722e-11,1.5408192276869679,1.540565890665892
19.534749054480415,2.656642854952674,2.433852308560185e-11,1.806392667024876,1.8060979152494179,2.0685004010402827e-11,1.535230360131273,1.5349798543123294
19.618158853423658,2.647384367269974,2.3933437727234617e-11,1.8023178285888553,1.8020246091643846,2.0340727069977526e-11,1.5317672063033112,1.5315180028101587
19.701924796924494,2.6380863475413814,2.345358495156349e-11,1.787269388383901,1.7869817564617114,1.993290624394589e-11,1.5189777266419948,1.5187332718966067
19.78604840565493,2.628748626972303,2.3032237511167325e-11,1.7852274000636825,1.7849412586545097,1.9574808364969673e-11,1.5172422665056358,1.5169990785284744
19.870531206779958,2.6193710360474247,2.2648857798669774e-11,1.788221698725112,1.7879361719797826,1.9248978779393454e-11,1.519787083198176,1.519544417616068
19.95537473398528,2.609953404527634,2.222446944277319e-11,1.7732591574160523,1.7729802976925066,1.8888296464660793e-11,1.50707060792582,1.5068336085614957
20.040580527505174,2.6009013667219776,2.1823013187838913e-11,1.76195965050016,1.7616850616633675,1.854710385350234e-11,1.4974672994157372,1.4972339298242345
20.1261501341504,2.5922588364508097,2.1419827375705718e-11,1.7537968703604119,1.7535250428631657,1.8204441313479675e-11,1.4905298554577424,1.4902988326939164
20.21208510733635,2.5835794041590288,2.1035385079739776e-11,1.7512637466927345,1.750993287438651,1.787770865160635e-11,1.4883769855797935,1.4881471256685865
20.2983870071112,2.574862912281769,2.0656482350287503e-11,1.7480542605244138,1.7477865608781447,1.7555683997492914e-11,1.4856492837373463,1.4854217691820386
20.385057400184255,2.5661092025813903,2.0313131837905248e-11,1.744955095699631,1.744689719843508,1.7263874724571078e-11,1.4830153426142936,1.4827898030189424
20.47209785995437,2.5573181161446086,1.9939493111042395e-11,1.7321340863144927,1.7318733681094778,1.6946323879911484e-11,1.4721189283324472,1.4718973472160686
20.55950996653854,2.5484894933796074,1.9573559841547473e-11,1.7235212094038084,1.723263350796448,1.663532180635016e-11,1.4647989528018035,1.4645798020214293
20.64729530680056,2.539623174013143,1.920731540494994e-11,1.7161326261711234,1.7158778053348585,1.6324055275790246e-11,1.4585194890372295,1.4583029200202215
20.735455474379833,2.5307189970876367,1.8870763743568924e-11,1.7162187058236977,1.7159650124022043,1.6038024260642398e-11,1.4585926470490143,1.4583770362076107
20.823992069720326,2.5217768009582473,1.852214973440422e-11,1.7072581270406761,1.7070089305595457,1.5741741608145686e-11,1.450977164079467,1.450765375130999
20.9129067000996,2.5127964232899402,1.820021884225066e-11,1.6981179599687541,1.6978721879321723,1.5468136600485697e-11,1.4432090512866942,1.4430001727304869
21.00220097965801,2.5037953088918052,1.78675489669872e-11,1.6883940434525926,1.6881515450036693,1.5185404666433558e-11,1.4349448171987758,1.4347387208234592
21.091876529427974,2.4954554827631985,1.755348069314857e-11,1.6862534272701324,1.6860116779404817,1.4918481998979855e-11,1.4331255344853921,1.4329200747771038
21.18193497736344,2.4870800471052,1.722839362226248e-11,1.6815355896721664,1.681296415602697,1.4642194594795212e-11,1.4291159037739833,1.4289126327468649
21.27237795836942,2.4786688498716436,1.6941086479218204e-11,1.6828851075066988,1.682646824643649,1.4398015875109305e-11,1.4302628419723793,1.430060328370364
21.363207114331644,2.470221738367157,1.6634647080688695e-11,1.6707040401910909,1.670470337834777,1.4137576892627324e-11,1.4199103063896676,1.419711685702595
21.454424094146418,2.4617385592443832,1.6333284735361292e-11,1.661154251703304,1.6609236384637205,1.3881452833671198e-11,1.4117940615183744,1.4115980662326761
21.546030553750537,2.4532191585012,1.601612837625738e-11,1.6503684062995734,1.6501412551310475,1.3611905641472418e-11,1.402627307453345,1.4024342545382031
21.638028156151325,2.444663381477927,1.574636255412245e-11,1.6523401777334294,1.6521131062101924,1.3382635069338495e-11,1.4043030911429906,1.4041101059173757
21.73041857145686,2.4360710728545123,1.5455094210627923e-11,1.64693551135295,1.646711499552698,1.3135089775316446e-11,1.3997097333060378,1.3995193485004234
21.82320347690626,2.4274420766477176,1.5187037562938606e-11,1.6393968227552507,1.639175986261888,1.2907271809001605e-11,1.3933026968836495,1.3931150107313393
21.91638455690017,2.4187762362082843,1.4900473142979145e-11,1.6258634503087315,1.6256469744448954,1.2663724320304278e-11,1.3818008542144806,1.3816168741062442
22.009963503031273,2.410153102242342,1.464516369308423e-11,1.6237968373835505,1.6235808076034597,1.2446740036730629e-11,1.38004446593673,1.379860864949446
22.103942014115084,2.402164928800218,1.4362475259380068e-11,1.6151322394740082,1.6149194242997127,1.220648669989918e-11,1.3726805333810423,1.3724996644467076
22.198321796220736,2.3941426473212375,1.4120566707252223e-11,1.6171240973486114,1.616911706328242,1.2000891670434332e-11,1.3743733882835114,1.3741928798322527
22.293104562701963,2.386086112170333,1.3871320182095917e-11,1.6108781105800962,1.6106686435797335,1.1789060190179593e-11,1.369065002852676,1.368886979489167
22.388292034228204,2.3779951770906025,1.3626473859422002e-11,1.6019747906821735,1.6017681716539047,1.1580968386554974e-11,1.36149818348789,1.3613225805799676
22.48388593881585,2.369869695200653,1.3376738995325274e-11,1.5930661789075404,1.592862234022144,1.1368721873189741e-11,1.3539268666237858,1.3537535364361861
22.579888011859605,2.3617095189919337,1.3137708512547184e-11,1.5901045605281705,1.5899017212081086,1.116557287859038e-11,1.3514098244910693,1.351237433909513
22.676299996163966,2.353514500326063,1.2909908748581288e-11,1.5898820252509756,1.5896801987480673,1.0971968730358769e-11,1.3512206945637912,1.3510491647627685
22.77312364197491,2.3452844904321326,1.266155424590737e-11,1.5804093107954877,1.5802112766604504,1.076089536876886e-11,1.3431699539411164,1.3430016472257484
22.870360707011642,2.3370193399040105,1.2425870940874024e-11,1.566740491429928,1.5665468593720315,1.05605910983473e-11,1.3315529966426132,1.331388431197124
22.9680129564985,2.3287188986976273,1.2214508021354972e-11,1.562952775523061,1.5627601259332407,1.0380956417042893e-11,1.3283338646333187,1.3281701341750645
23.06608216319701,2.320779509107436,1.1984426740949964e-11,1.554890613947979,1.554700388822588,1.018541323674566e-11,1.3214819351252485,1.321320265188755
23.16457010743806,2.312998961512393,1.1770616833155033e-11,1.5526783456388826,1.5524894621246879,1.0003698890947153e-11,1.3196017561725322,1.319441226454485
23.263478577154242,2.305185192404815,1.1555137467427591e-11,1.5481700280131236,1.5479834437235749,9.820565693893468e-12,1.3157701938447357,1.315611618208736
23.362809367912256,2.297338059934932,1.135706732732521e-11,1.5419769448535374,1.5417926062099419,9.65222837827457e-12,1.3105067705243378,1.31035010343453
23.462564282945575,2.2894574216472994,1.1151468881540056e-11,1.532964854565,1.5327830015685746,9.477492850541812e-12,1.3028475085754982,1.3026929540058911
23.562745133187136,2.281543134478216,1.0953944424810078e-11,1.5283630494781633,1.528182552994252,9.309619304343388e-12,1.2989364924328375,1.298783090746119
23.663353737302234,2.2735950547531236,1.0765780190900996e-11,1.5279180433348984,1.5277381325688206,9.14970089354523e-12,1.2985582873204848,1.2984053834279705
23.76439192172153,2.265613038183999,1.0558722588145887e-11,1.5204566593537665,1.5202797493278681,8.973725246694763e-12,1.2922169511173782,1.2920665975161216
23.8658615206742,2.257596939866738,1.0364743910210579e-11,1.5120099496446888,1.5118360096470465,8.808865213203324e-12,1.2850381989970272,1.2848903695853515
23.96776437622127,2.249546614278519,1.0190782661072855e-11,1.5071204934762652,1.5069479486632433,8.661017740149494e-12,1.280882711825648,1.2807360681637967
24.07010233828898,2.2418825293049043,1.0007534970630432e-11,1.5006717036692654,1.5005008895139467,8.50527783767608e-12,1.2754019666485117,1.275256793850829
24.172877264702457,2.2343799596767204,9.821705317042916e-12,1.4944540595685583,1.4942851933278514,8.347343557268428e-12,1.2701176692938185,1.2699741520042132
24.27609102121939,2.2268453554509846,9.662623371563246e-12,1.498195487527289,1.498026419459698,8.212141816856484e-12,1.2732974617594,1.2731537729396696
24.37974548156391,2.2192785798458345,9.46888093363003e-12,1.4865227906770246,1.4863575641481468,8.04748256076528e-12,1.263376983827739,1.2632365598833426
24.483842527460606,2.2116794954953756,9.305214459420269e-12,1.4789938015272022,1.4788308226771385,7.908384487168524e-12,1.2569781908438504,1.2568396771733488
24.588384048668686,2.2040479644471858,9.137221045153441e-12,1.4712614312301961,1.4711004253001054,7.76560900175354e-12,1.250406546786364,1.250269709875681
24.693371943016302,2.19638384815981,8.9790014910019e-12,1.469026434861989,1.4688660950558057,7.631140196861888e-12,1.2485070515426717,1.2483707807623017
24.798808116434937,2.1886870075002496,8.81252455028249e-12,1.4639991367713907,1.4638406622702462,7.489653543201388e-12,1.2442344142589807,1.244099728777853
24.904694482994095,2.180957302741431,8.654658823488661e-12,1.461097099830391,1.460940192181906,7.355485451721456e-12,1.2417680096397774,1.2416346558069766
25.011032964936,2.173249758384352,8.496201647593902e-12,1.4519262190195863,1.4517720165373236,7.220814695105201e-12,1.2339737936274409,1.2338427388813167
25.11782549271048,2.165987866495687,8.346319484426878e-12,1.444778846993257,1.4446264490639777,7.093431733727736e-12,1.2278993322269491,1.2277698111476614
25.22507400501005,2.1586949676593163,8.194449611026004e-12,1.438013210209189,1.4378626004910204,6.964359442475402e-12,1.2221493027975068,1.2220213014963035
25.332780448805075,2.1513709294812546,8.057049630885065e-12,1.439111873649578,1.438961331849286,6.847584931127755e-12,1.223083043008061,1.222955099429405
25.440946779379143,2.1440156190022184,7.905963885236976e-12,1.433819021199413,1.4336704732482337,6.719179060169453e-12,1.218584714421192,1.2184584653897665
25.54957496036451,2.136628902695213,7.764805212281247e-12,1.4290272473418641,1.4288804352216766,6.599210083172664e-12,1.2145122462146483,1.2143874724441046
25.658666963777808,2.129210646463109,7.618428658688632e-12,1.4164551305305668,1.4163115340627577,6.4748064951881744e-12,1.203827362594295,1.203705321766178
25.76822477005582,2.121760715636204,7.495211299523377e-12,1.4163639969200836,1.416220374492021,6.370085614651578e-12,1.2037499092873833,1.2036278463959742
25.878250368091425,2.114278974969783,7.35614146100669e-12,1.4104119238197868,1.4102699203459768,6.25189191171709e-12,1.1986913173787113,1.1985706304161161
25.988745755269708,2.1067652886416597,7.216337828748012e-12,1.4039064133222763,1.4037665166616295,6.133074566729943e-12,1.1931623660016113,1.1930434695929697
26.09971293750424,2.099618371999729,7.08755334256725e-12,1.4008390587509019,1.4007005513408683,6.023622255110318e-12,1.1905554600119974,1.190437744309942
26.211153929273433,2.0924861485265,6.9659219672227705e-12,1.3951493814777822,1.3950124957001098,5.920249282233432e-12,1.1857198750096354,1.185603537512485
26.32307075365719,2.08532347176594,6.839304213565914e-12,1.3869159809710585,1.3867810027225311,5.812638449276618e-12,1.1787224116918393,1.1786076953796667
26.43546544237359,2.0781302116880904,6.710084807322669e-12,1.378743475037176,1.3786104164404744,5.702816504577572e-12,1.1717767019039926,1.1716636170797117
26.54834003581577,2.0709062377077907,6.5962862706085985e-12,1.379283355578462,1.3791505607166645,5.606100562528441e-12,1.172235539571437,1.172122678892127
26.661696583088965,2.0636514186823063,6.478663076480502e-12,1.3770809742146188,1.3769493600444225,5.506134092348688e-12,1.1703637634088775,1.170251906184478
26.775537142047728,2.0563656229089458,6.357117625357534e-12,1.3680019586802252,1.3678728387749086,5.402834145384685e-12,1.162647622537103,1.1625378851569874
26.889863779333275,2.0490487181226706,6.244869653486722e-12,1.3610436731031783,1.3609161156730365,5.307436008852692e-12,1.1567338633266318,1.156625453874474
27.004678570410974,2.0417239643457528,6.130701219194673e-12,1.3539252260774424,1.3537992386247963,5.210405695514183e-12,1.150683984919577,1.150576909771505
27.119983599608073,2.034920967623124,6.020919466140943e-12,1.3503613329412116,1.3502364129825732,5.1171035672708794e-12,1.1476550770620089,1.1475489091636395
27.235780960151516,2.028088923351061,5.9137288898527955e-12,1.3482203932465,1.3480964674985711,5.026003647501737e-12,1.1458355193996403,1.1457301964684221
27.35207275420594,2.0212277075018497,5.805186256781439e-12,1.343601921366808,1.3434794688086944,4.9337546317137205e-12,1.1419103383597984,1.1418062674740361
27.46886109291183,2.0143371955182023,5.703370969862813e-12,1.336317335412126,1.3361966911250496,4.847223102630185e-12,1.135719260571029,1.1356167265120298
27.58614809642387,2.007417262310992,5.601636110192211e-12,1.3298114316782559,1.3296922094293442,4.760759927651047e-12,1.130189974987303,1.130088649500617
27.703935893949417,2.0004677822569845,5.504390821251214e-12,1.32776487736225,1.327646144874672,4.6781123822489475e-12,1.1284506342686735,1.1283497250239722
27.82222662378712,1.99348862919656,5.402951595059392e-12,1.3228961966470205,1.322778918466668,4.591900462437294e-12,1.1243128038931127,1.1242131306457925
27.941022433365802,1.9864796764314177,5.305189812731465e-12,1.3196769883737016,1.3195608901636997,4.508813955815469e-12,1.1215768393561636,1.121478168950772
28.060325479283414,1.9796217731601287,5.2068199710440736e-12,1.3114217174255836,1.3113077187600255,4.425210667207948e-12,1.1145607886258793,1.114463902596848
28.180137927346173,1.9729122760686142,5.120582490388262e-12,1.3086885565154907,1.30857510149393,4.3519185193262315e-12,1.1122379096168487,1.1121414856239986
28.3004619526079,1.9661741306539575,5.023459942832611e-12,1.2997714074537337,1.299659847627328,4.26937529028052e-12,1.1046593370200208,1.1045645237296464
28.421299739409495,1.9594072145930683,4.936988161757225e-12,1.2984920348225972,1.2983809606184542,4.195884013425303e-12,1.103572014345889,1.1034776137797548
28.542653481418604,1.952611405040558,4.847440394242782e-12,1.2952420186837994,1.2951320918564362,4.119778494464926e-12,1.1008098665923682,1.1007164411672978
28.66452538166939,1.9457865786265143,4.757868427302838e-12,1.2902180118173365,1.2901095029927685,4.043652408717821e-12,1.0965400264785878,1.0964478061962206
28.786917652602614,1.9389326114542536,4.669872122784923e-12,1.2803793044340372,1.2802728919367086,3.968865458603724e-12,1.0881782330795002,1.088087794439232
28.90983251610574,1.9320493790980786,4.588419195984206e-12,1.275711660543612,1.27560618414056,3.899639642739465e-12,1.0842112613674946,1.0841216183019535
29.033272203553285,1.9252698454152293,4.512281812038347e-12,1.2757379398892956,1.275632603119059,3.834931439751037e-12,1.0842335958521692,1.084144071458798
29.157238955847316,1.9188235742959396,4.426458971514573e-12,1.2694573764667676,1.2693536134342587,3.761991689291461e-12,1.0788958241588884,1.078807637265377
29.28173502345815,1.9123497787801762,4.346260233218487e-12,1.2659275283952516,1.2658249436528333,3.693831792429635e-12,1.0758958507727212,1.0758086652931067
29.40676266646522,1.9058483413438085,4.273088001103302e-12,1.2637327463429555,1.2636308226105157,3.6316436346096513e-12,1.0740305331692648,1.0739439094736998
29.53232415459803,1.8993191439609025,4.191128645558338e-12,1.2527895175627446,1.252689662528734,3.56198741133863e-12,1.0647300209562076,1.0646451554213638
29.658421767277456,1.8927620681015722,4.113537392661505e-12,1.2457591121154217,1.2456606450693708,3.4960435834531713e-12,1.0587549679769797,1.0586712820756086
29.78505779365708,1.8861769947298317,4.0450910195006115e-12,1.246148931683605,1.2460506447273973,3.437871873594237e-12,1.059086270714736,1.0590027378694529
29.912234532664744,1.8795638043014333,3.97195126872295e-12,1.2430770573198229,1.2429797786694619,3.375711321253623e-12,1.0564755234105219,1.0563928475116693
30.039954293044286,1.87304223964083,3.895480838978754e-12,1.2357235189675941,1.2356279365104945,3.3107200668388607e-12,1.0502258438481458,1.0501446095225675
30.16821939339746,1.8667572497235245,3.8238618188848146e-12,1.2270313174946739,1.2269374128241248,3.249851964339221e-12,1.042838451371856,1.0427586429759204
30.297032162226046,1.8604454240509238,3.7639296082917524e-12,1.2275353706568874,1.2274414617046205,3.198916333935124e-12,1.043266839801391,1.0431870277664774
30.42639493797405,1.8541066480392716,3.692396055920562e-12,1.2205423726925784,1.220449795310729,3.1381208693758238e-12,1.0373235789704967,1.037244898620498
30.556310069070246,1.847740806615558,3.6317647509642815e-12,1.22194742526759,1.2218549498130742,3.0865910874837346e-12,1.038517715444872,1.0384391217216296
30.68677991397076,1.8413477842154329,3.5597754682197247e-12,1.213468081360463,1.2133775017478365,3.025408303424085e-12,1.0313112279309167,1.0312342454598007
30.817806841201893,1.8349274647811074,3.4967150720824048e-12,1.2092189256223176,1.209129294930838,2.9718140675532277e-12,1.0276999240249551,1.0276237480299621
30.949393229403118,1.8284797317592474,3.4339982584149e-12,1.202010821716011,1.2019225430232294,2.918511838092991e-12,1.0215738473651288,1.0214988204167887
31.08154146737026,1.822249092500968,3.3735793789215246e-12,1.1982923434083428,1.1982047310540873,2.867162593924438e-12,1.0184135595187305,1.0183390988831051
31.214253954098886,1.8161443181114514,3.3180114795515746e-12,1.198885915719966,1.1987984131596523,2.819936136621569e-12,1.0189180291450595,1.0188436618219214
31.34753309882778,1.8100134774539223,3.2564429744107092e-12,1.194363013657063,1.194276661772499,2.7676098401049695e-12,1.015074071687955,1.0150006823096336
31.481381321082786,1.803856459230192,3.193784405401994e-12,1.1874179960935074,1.1873331424588365,2.7143571120461284e-12,1.0091715887949213,1.0090994727603004
31.615801050720666,1.7976731516668494,3.1376516557286266e-12,1.1817154487573887,1.181631677988615,2.6666505955896952e-12,1.0043250656882294,1.0042538699676862
31.750794727973222,1.7914634425132319,3.0821887694629535e-12,1.1767083599693098,1.1766254283415947,2.619513387600577e-12,1.0000696040360337,0.9999991214908998
31.8863648034916,1.7852272190393865,3.0275710219129837e-12,1.1726789029662665,1.1725967984900507,2.573094452353901e-12,0.9966450193159772,0.9965752397564772
32.02251373839077,1.7790093955108062,2.9713719167664473e-12,1.1679859739747989,1.1679048854829304,2.5253315412171584e-12,0.9926565581152862,0.9925876420280776
32.159244004294244,1.7729932638110533,2.9210467556553374e-12,1.168516911169713,1.16843604877558,2.482560821081585e-12,0.9931077949453702,0.9930390710157772
32.296558083378855,1.7669514443313303,2.8646521498033765e-12,1.160345330004672,1.1602660108745653,2.4346317563593713e-12,0.986162871106906,0.9860954587779579
32.43445846841992,1.7608838273895235,2.811649897892735e-12,1.1516935538871702,1.1516156912315985,2.389585810495032e-12,0.9788098356306696,0.9787436611410714
32.572947662836434,1.754790302835197,2.765122665514124e-12,1.1506102528258382,1.150532623545627,2.3500429021205353e-12,0.9778891517124502,0.9778231755656295
32.71202818073655,1.7486707600475917,2.716054493487418e-12,1.1473833850058208,1.1473064499610783,2.308340481164845e-12,0.9751466774233022,0.9750812912984561
32.85170254696319,1.7425250879336196,2.667932545456242e-12,1.1454560989990608,1.145379755463531,2.2674422440568535e-12,0.973508701337456,0.9734438179288348
32.991973297139886,1.736353174925845,2.613963524271982e-12,1.1359530195156835,1.1358784472980186,2.2215746531719186e-12,0.9654321538602956,0.9653687758724021
33.13284297771684,1.7305534379136094,2.5736826322418187e-12,1.1375073675903449,1.1374326851582923,2.187340430731386e-12,0.9667531746981192,0.9666897030404068
33.27431414601708,1.7247531200132995,2.5244990500058277e-12,1.1280698869182741,1.1279966906448973,2.145539924093442e-12,0.9587323788238876,0.9586701702337024
33.41638937028299,1.7189280358183971,2.4810698979021427e-12,1.1256596536775194,1.1255869315568305,2.1086300350967448e-12,0.956683951970883,0.9566221463570913
33.55907122972286,1.7130780795813627,2.4348855377563494e-12,1.1205806300387915,1.1205088990787369,2.0693785295113968e-12,0.9523673537957797,0.9523063905569185
33.70236231455772,1.7072031451031335,2.3930754268762964e-12,1.1202409379703862,1.1201695358414683,2.033844643244448e-12,0.9520786537882833,0.9520179700188606
33.84626522606836,1.701303125731197,2.3467357981878187e-12,1.1130114879615864,1.1129413786392643,1.99446117688166e-12,0.945934435344992,0.9458748503156005
33.990782576642594,1.6953779143576535,2.307551024483608e-12,1.109755126546133,1.1096855863409634,1.9611585315910002e-12,0.9431668948208167,0.9431077934769202
34.13591698982265,1.6896992373969166,2.2664563289910817e-12,1.1048476001947916,1.1047788026159517,1.9262326678448945e-12,0.9389960500287304,0.9389375798335915
34.28167110035274,1.684014827086243,2.2241946416440067e-12,1.0990900245597455,1.0990222228953472,1.890314992430243e-12,0.9341027590643506,0.9340451352843432
34.42804755422702,1.678306145385146,2.1868457272708863e-12,1.099452414154592,1.099384805172585,1.85857262084611e-12,0.9344107494134923,0.9343532893918207
34.57504900873754,1.672573088659236,2.1463637251651444e-12,1.095246205038519,1.0951794535653878,1.824167477487112e-12,0.9308359453003359,0.9307792140646499
34.722678132522475,1.6668155528316233,2.108056406881045e-12,1.0910277714456609,1.0909617614910363,1.7916105704986542e-12,0.9272507517584356,0.9271946507299825
34.87093760561462,1.6610334333810297,2.070012284078658e-12,1.0843282929523717,1.0842633012273213,1.7592773500328169e-12,0.9215569494264743,0.9215017137785027
35.019830119490024,1.655246455459379,2.0319478669140365e-12,1.0788350659671195,1.0787708697130527,1.7269268816443046e-12,0.9168883250477333,0.9168337654605243
35.16935837711684,1.6495643816695598,1.997964384145421e-12,1.0785071017501164,1.0784431554646439,1.6980447479633125e-12,0.9166095923933271,0.9165552452512757
35.319525093004366,1.643858046465834,1.961067062255713e-12,1.0744499115168442,1.074386758880052,1.6666861791390093e-12,0.9131614375504454,0.9131077649204045
35.47033299325239,1.638127346256409,1.92275773134776e-12,1.0674424911340306,1.0673805228801703,1.634127561646905e-12,0.9072059192878428,0.9071532532499278
35.621784815600655,1.632372177007175,1.8895710144761274e-12,1.0638009614009203,1.0637395637466704,1.6059225892594095e-12,0.9041110290651099,0.9040588479726122
35.77388330947853,1.626592434239816,1.8573940793308224e-12,1.06082318758734,1.060762243297253,1.5785758176339428e-12,0.9015802566324794,0.9015284608484696
35.92663123605495,1.6207880130299117,1.824305405880834e-12,1.0567078194839936,1.056647545856355,1.550454171114774e-12,0.8980826571510893,0.8980314313546413
36.080031368288545,1.615198902109901,1.7894518934960605e-12,1.0506572862715085,1.0505980129792887,1.5208326102287664e-12,0.8929403852340488,0.8928900096100653
36.23408649097798,1.6098069728157707,1.7586507977652815e-12,1.0503276888163118,1.0502686440545965,1.4946551471807775e-12,0.8926602645110869,0.892610083112299
36.38879940081243,1.6043920209715647,1.7268861172212714e-12,1.0466350233107191,1.0465766550985456,1.46765874554494e-12,0.8895219146398309,0.8894723082319711
36.54417290642251,1.598953948275212,1.6951001486603715e-12,1.0393695423828064,1.0393121741446554,1.4406442514918595e-12,0.8833470739725151,0.8832983174299736
36.70020982843113,1.5934926560049105,1.6671402176099079e-12,1.0380936661537075,1.0380365213100877,1.4168814584959456e-12,0.8822627228464067,0.8822141561640615
36.856912999504736,1.5880080450173342,1.6365673661804455e-12,1.033399531594245,1.0333431185915298,1.3908979774028798e-12,0.8782732370486718,0.8782252923486873
37.01428526440477,1.5825143010102378,1.6070616046294033e-12,1.0304783524435082,1.030422516873345,1.3658214025480008e-12,0.8757905637066791,0.8757431097593428
37.17232948003925,1.5771407976786653,1.5771346707308975e-12,1.0262029538344073,1.0261478544364642,1.340386878623422e-12,0.872156956315455,0.8721101280316099
37.331048515514716,1.5717443504724995,1.5493928355028121e-12,1.0231817007342454,1.0231270753345965,1.316809442518092e-12,0.869589231385167,0.8695428059464978
37.4904452521882,1.5663248614256011,1.5206264852444224e-12,1.0154998184997566,1.0154462172232255,1.29236128400138e-12,0.8630604964956681,0.8630149414463288
37.65052258371965,1.5608822321535318,1.4945186593038707e-12,1.0133106720701681,1.0132574069032483,1.2701725717946524e-12,0.86119996853692,0.861154699142903
37.81128341612439,1.5554163638517706,1.4667861921990477e-12,1.0082090977387692,1.0081566175623151,1.2466030975392085e-12,0.8568642048123422,0.8568196025718281
37.97273066782592,1.5499271572939186,1.4415294580616377e-12,1.007678078352951,1.0076258235275586,1.2251377175289042e-12,0.8564128981292449,0.8563684874117578
38.134867269708856,1.5446842473693165,1.414547992160069e-12,1.00300268042821,1.0029511845033439,1.2022065097305698e-12,0.8524393363612052,0.8523955706237103
38.29769616517215,1.5394737227144912,1.3899190631682596e-12,0.9993616137478707,0.9993106393924058,1.1812746934007252e-12,0.8493448396811861,0.8493015172189515
38.46122031018256,1.534240950074158,1.364644292886736e-12,0.9937317298625126,0.9936814487953731,1.1597939846988645e-12,0.8445600723254534,0.8445173390802285
38.625442673328216,1.528985834453497,1.3409030330620979e-12,0.9909002203768538,0.990850377341467,1.1396165872061146e-12,0.842153608101624,0.8421112471340648
38.79036623587263,1.5237082804520756,1.3178319072593103e-12,0.9893988144083824,0.9893493102431128,1.1200087281722405e-12,0.8408775820925748,0.8408355091264572
38.955993991808754,1.5184081922621198,1.2918886052077571e-12,0.982847538040508,0.9827989406228107,1.097959842745132e-12,0.8353097348790801,0.8352684325462958
39.12232894791333,1.5133301315626,1.2697196134375508e-12,0.9820916390339947,0.9820432731230523,1.0791186960551514e-12,0.834667305840712,0.8346262002626006
39.2893741238015,1.508318776285955,1.2462588689076982e-12,0.9753961246167207,0.9753485866250171,1.0591797049758563e-12,0.8289768725269931,0.8289364705870079
39.45713255198159,1.5032860234405523,1.2259965789679802e-12,0.9746154094906245,0.9745680263299377,1.0419590401397488e-12,0.8283133525813712,0.8282730822303155
39.62560727791021,1.4982317816626936,1.203699988955261e-12,0.9701176316492167,0.9700708685739047,1.0230094493116906e-12,0.8244907478834526,0.8244510045351414
39.79480136004747,1.4931559591985757,1.1831706068666565e-12,0.9695484472797862,0.9695018960868425,1.0055617862246444e-12,0.8240070052618103,0.8239674419896534
39.96471786991257,1.4880584639026229,1.1599714656906057e-12,0.9632645777222731,0.9632188890270539,9.858451285385255e-13,0.8186664237260761,0.8186275934798644
40.13535989213953,1.4830745631279534,1.138766721789841e-12,0.9594445155382256,0.9593993353421406,9.6782348395951e-13,0.815419801023495,0.8153814029442884
40.30673052453321,1.478104814788537,1.118812100982656e-12,0.9549844668630041,0.954939816812548,9.508643032413146e-13,0.8116292618683838,0.8115913143532654
40.4788328781255,1.4731138465343603,1.099272299329154e-12,0.9515226411987007,0.9514784581584342,9.342576720935e-13,0.8086870998687596,0.8086495492597154
40.651670077231834,1.4681015677602767,1.0803880586476564e-12,0.9499636940290559,0.9499197892530699,9.182081939531738e-13,0.8073621703180761,0.8073248562023365
40.82524525950794,1.4630678874742697,1.060614120152324e-12,0.9461864230603558,0.9461430704216386,9.01402572854522e-13,0.804151915330083,0.804115070468849
40.99956157600668,1.4580127142958064,1.0407097290193495e-12,0.9421699965479047,0.9421271959080386,8.844860817033493e-13,0.8007384050597458,0.8007020293353782
41.174622191235386,1.4531105786454093,1.021513712784826e-12,0.9369440917903512,0.9369019542333189,8.681716294500909e-13,0.796296974473026,0.7962611622944015
41.35043028321327,1.4481879520700285,1.005440952379642e-12,0.9372209324657141,0.9371787966617888,8.545115929610175e-13,0.7965322578737478,0.7964964471850666
41.52698904352907,1.4432443067811862,9.87108804891728e-13,0.9322916448228922,0.9322500983502179,8.389313318673965e-13,0.7923429184343092,0.7923076086108304
41.70430167739905,1.4382795530328267,9.699119110296761e-13,0.9301389975252292,0.9300977935116397,8.243159085217847e-13,0.7905134106277535,0.7904783918559345
41.882371403725145,1.433293600695696,9.513531536233998e-13,0.9248987751923143,0.9248582417307927,8.085430545147141e-13,0.7860598117141913,0.7860253628361232
42.06120145515343,1.4283475607108576,9.330913726405226e-13,0.9196916185622304,0.9196517348023505,7.930225970268323e-13,0.7816343149247085,0.7816004182198771
42.240795078132734,1.4234985328904164,9.181416333859747e-13,0.9198967736696784,0.9198569395707427,7.803170020592503e-13,0.7818086736647764,0.7817748191661554
42.42115553297368,1.4186288006097107,9.005737127048526e-13,0.9121512992711525,0.9121123004371603,7.653862476964919e-13,0.7752258925965708,0.775192747979098
42.6022860939078,1.4137382754644894,8.867254313561491e-13,0.9143935957925404,0.9143544399245884,7.536167679204336e-13,0.7771315921484414,0.7770983140697852
42.78419004914701,1.4088268686730308,8.691824091423221e-13,0.9071505919540115,0.9071122731756562,7.387071744512117e-13,0.7709758544760941,0.7709432878293356
42.96687070094327,1.403894491074532,8.531368539278862e-13,0.9035068568899216,0.9034690062025077,7.250702593108638e-13,0.7678790899703574,0.7678469211481903
43.15033136564856,1.399241715858786,8.371875310600308e-13,0.899385517850007,0.8993481873202334,7.11515130828973e-13,0.7643764158652349,0.7643446891184902
43.334575373775095,1.3946356156556226,8.236050233824189e-13,0.8985687324490759,0.8985315421845781,6.999715287461936e-13,0.7636822402476563,0.7636506327106016
43.519606070055694,1.3900098482486076,8.090163358355626e-13,0.894817651049896,0.8947808542331726,6.875727870743229e-13,0.760494243444708,0.7604629702939578
43.70542681350466,1.3853643296623834,7.954795415314035e-13,0.8938756672408849,0.8938390442794679,6.760680362114747e-13,0.7596936632780891,0.7596625378847726
43.89204097747863,1.3806989755630341,7.807116028321987e-13,0.8893392668662665,0.8893032006612387,6.635169512444848e-13,0.755838233775989,0.7558075815629103
44.079451949737845,1.3760137012565539,7.661336990830678e-13,0.8854948806817995,0.8854592839076796,6.511273745863832e-13,0.7525709384120283,0.7525406851623615
44.2676631325077,1.3713084216873075,7.525793069306701e-13,0.8836482014409774,0.8836128667445275,6.396076675341184e-13,0.7510014690005943,0.7509714384874362
44.45667794254043,1.3665830514364892,7.390030515058394e-13,0.8785446228274538,0.878509816510066,6.280693791621749e-13,0.7466640018619003,0.7466344204114473
44.64649981117722,1.3618375047205693,7.265473109736451e-13,0.8764700029840597,0.876435441574417,6.174834022746376e-13,0.7449008086052784,0.7448714352988314
44.83713218441038,1.3570716953897406,7.136588978244481e-13,0.8736025533523899,0.8735683309119315,6.065297023832674e-13,0.7424637993043399,0.7424347140835302
45.02857852294604,1.352342693972241,7.007990734096272e-13,0.8708760528246057,0.8708421808685045,5.956002996969142e-13,0.740146580870287,0.740117793521715
45.2208423022669,1.3479206270478612,6.874654413411455e-13,0.8660754617001742,0.8660421345421309,5.842682138575339e-13,0.7360666189797517,0.7360382946481824
45.413927012695325,1.3434796787080074,6.743783503122301e-13,0.8612285612464368,0.8611957285803884,5.73145660140305e-13,0.7319472993739169,0.7319193953048616
45.6078361594567,1.3390197683324958,6.632595422273669e-13,0.8595139381356,0.8594813050207821,5.636959252892057e-13,0.7304900628029365,0.730462328329957
45.802573262743124,1.3345408149569082,6.51428064327573e-13,0.8554309945148468,0.8553987835800687,5.536405013448084e-13,0.7270200204806277,0.7269926448131429
45.998141857777256,1.3300427372711232,6.398157155202973e-13,0.8525595288315291,0.8525276460427593,5.437713124542633e-13,0.7245795979880114,0.7245525012076832
46.19454549487645,1.3255254536178416,6.284684339074256e-13,0.8503711604957805,0.8503395652346517,5.341274008313648e-13,0.7227197313214111,0.7226928789072008
46.39178773951733,1.3209888819911013,6.17149702968261e-13,0.8479448458114959,0.8479135580882333,5.245077540662003e-13,0.7206576370522392,0.7206310460105853
46.589872172400455,1.3164329400347896,6.056245944390686e-13,0.8437473859272377,0.8437165208750926,5.147127095884316e-13,0.7170902688009279,0.7170640369821294
46.788802389515276,1.3118575450411487,5.95338132155273e-13,0.8409486224677758,0.8409180395404363,5.059703749428654e-13,0.7147116350120359,0.7146856429675538
46.98858200220549,1.3072626139492736,5.846255846170842e-13,0.8369403479949253,0.8369101567351723,4.968659158099218e-13,0.7113050530574079,0.711279393886271
47.18921463723456,1.3028372779808397,5.748511392139541e-13,0.8363731869718685,0.836343120991106,4.885587378578291e-13,0.7108230300523466,0.7107974773542448
47.390703936851594,1.2984045133892648,5.63192338967135e-13,0.8289376076878096,0.8289082565785293,4.78650070474285e-13,0.7045036249360429,0.7044786797982038
47.593053558857356,1.2939528217051381,5.535811213314379e-13,0.8285573942111142,0.8285281599594954,4.704816177444289e-13,0.7041804862943681,0.7041556404723825
47.79626717667083,1.2894821221132415,5.435678445445856e-13,0.8253152950794503,0.8252863808780346,4.619714600095151e-13,0.7014250671054255,0.7014004932900737
48.0003484793958,1.2849926819326882,5.333743052237506e-13,0.8188510789405014,0.8188227340101978,4.5330809941897835e-13,0.6959312112831972,0.6959071212841886
48.20530117188783,1.2806886753903555,5.24843042507834e-13,0.8193655903826069,0.819337259556256,4.460574867638115e-13,0.6963684880729976,0.6963444100607604
48.41112897482157,1.276366291528747,5.157376143215781e-13,0.8174189606919269,0.817390863899919,4.3831889811212137e-13,0.6947140720339937,0.6946901929245949
48.61783562475824,1.2720254518800769,5.059646430216681e-13,0.8129119573450069,0.8128842940940336,4.3001297298177604e-13,0.6908836266952175,0.6908601160468798
48.825424874213546,1.2676660776415156,4.965806092353593e-13,0.8096210773541765,0.8095937555384825,4.2203760094211506e-13,0.6880867492688979,0.6880635288021005
49.03390049172564,1.2633219901654873,4.876647764357682e-13,0.8066126440316486,0.8065856043964537,4.14460147019912e-13,0.6855299197060418,0.6855069390608942
49.243266261923736,1.2591346747615253,4.791785160737786e-13,0.8029475414457785,0.8029208431191904,4.0724778129814307e-13,0.682414995212858,0.6823923046415935
49.45352598559669,1.2549294802880662,4.717497287930133e-13,0.8044043827624934,0.8043776190148226,4.0093414861983295e-13,0.6836531462860674,0.6836304001142494
49.66468347976205,1.250706330404759,4.627184973272076e-13,0.7989466486941583,0.7989203824933133,3.9325861882568616e-13,0.6790146868900652,0.6789923635770234
49.876742577735286,1.2464651484452942,4.542224254329217e-13,0.7957697071825648,0.7957437517308342,3.8603791440628204e-13,0.6763146443411809,0.6762925851298949
50.089707129199475,1.24229556454521,4.460389525480817e-13,0.793596734747388,0.793571008831536,3.790828839450426e-13,0.6744678624564283,0.6744459983247921
50.303581000275116,1.2382319609947727,4.377424530325342e-13,0.7891451233283852,0.7891197887955437,3.720317935749401e-13,0.6706844940190352,0.6706629625188869
50.51836807359028,1.2341510066017847,4.30864561361436e-13,0.7894396920806288,0.7894143627774166,3.661863601318589e-13,0.670934844288855,0.6709133172333027
50.73407224835123,1.2300526272813266,4.2293813027308894e-13,0.7846737747759096,0.7846488693237286,3.5944978625373253e-13,0.6668843512406684,0.6668631844107651
50.95069744041309,1.2259367486321515,4.1562344559825043e-13,0.7831630547167313,0.7831383214951572,3.5323312794206297e-13,0.665600409303321,0.6655793888500399
51.16824758235096,1.2218032959353318,4.076642614493348e-13,0.7784636537896839,0.7784393258041058,3.464687176505754e-13,0.6616064476861524,0.6615857716378368
51.386726623531324,1.2176521941529048,3.9947683390101796e-13,0.772042818082352,0.7720190341711051,3.395103261706912e-13,0.6561494603459933,0.6561292466995943
51.60613853018375,1.2134833679265087,3.9318000848831984e-13,0.7733079309573214,0.7732840970678283,3.341587336169294e-13,0.6572246638330872,0.6572044077108067
51.82648728547288,1.2092967415760152,3.8624558949329007e-13,0.7697221853038638,0.7696986454825738,3.282652583137028e-13,0.6541771837965548,0.6541571775991336
52.04777688957068,1.2051400159877277,3.792122265868171e-13,0.7657828632452867,0.7657596497908585,3.222876918272188e-13,0.6508292036297492,0.6508094748074105
52.27001135972918,1.2011397955248748,3.7253981544191777e-13,0.7634567079849297,0.7634337253024397,3.166168936935001e-13,0.648852233592575,0.6488327009003981
52.493194730353345,1.1971224948536399,3.659730617720891e-13,0.7619864966926986,0.76196367569993,3.1103589251614885e-13,0.6476027195456882,0.6475833242715675
52.71733105307427,1.1930880410446634,3.5882577038735437e-13,0.7566881601343314,0.7566657729372923,3.049614996519321e-13,0.6430997300843793,0.6430807034877816
52.942424396822794,1.18903636085719,3.5263838603501323e-13,0.7551424596963819,0.7551202148089169,2.9970291967598466e-13,0.6417860587640032,0.6417671531145187
53.168478847903344,1.1851358595856434,3.4643697484196893e-13,0.7517508765991258,0.7517289026157282,2.9443241846491634e-13,0.6389035950367831,0.6388849196252511
53.39549851006814,1.1812765253288418,3.4096646441878133e-13,0.7524573851755422,0.7524354040697886,2.897831006059569e-13,0.6395040477711235,0.639485366306391
53.623487504591594,1.177400712421943,3.347535897261304e-13,0.7491846650864994,0.7491629675054513,2.845028567110576e-13,0.6367226042164477,0.6367041637157888
53.85244997034529,1.1735083505041302,3.2821052094105636e-13,0.7437192431277773,0.7436979811289574,2.789419850187377e-13,0.6320776109793029,0.6320595406744898
54.082390063873,1.169599368914159,3.226821216565744e-13,0.7439199412765175,0.743898708850455,2.7424346814618893e-13,0.63224818180634,0.6322301366350406
54.31331195946618,1.1656736966890748,3.16681354295662e-13,0.7396375285533842,0.7396166240853115,2.6914349159915693e-13,0.6286086132080048,0.6285908467640674
54.54521984923975,1.1617312625629241,3.1133877662986056e-13,0.7375860224579437,0.7375652862016233,2.6460290217824965e-13,0.6268650640344456,0.6268474405515565
54.77811794320818,1.1577719949654608,3.0596978191104063e-13,0.7354987270087814,0.7354781799650091,2.600398612369396e-13,0.6250910979402433,0.6250736352667139
55.01201046936197,1.1538078324902084,3.0035375174554837e-13,0.7319713352578132,0.7319510646885413,2.5526686798311006e-13,0.6220932121499506,0.6220759844486143
55.246901673744276,1.1500495732200915,2.948784116307058e-13,0.7292966187770952,0.7292765717867105,2.5061344543008596e-13,0.6198200043248187,0.6198029666403607
55.482795820528175,1.1462752668715492,2.893780935311077e-13,0.7259934461632311,0.72597366234403,2.4593879440263785e-13,0.6170126795531174,0.6169958655345316
55.719697192093925,1.1424848449264973,2.8437717666194023e-13,0.7243836889695142,0.7243640501230857,2.4168857818653493e-13,0.6156445672033789,0.6156278763953251
55.9576100891068,1.1386782385742913,2.7932376973461016e-13,0.7209161865349127,0.7208967929917475,2.373937513315785e-13,0.6126975805882279,0.6126810982603258
56.1965388305951,1.1348553787104785,2.7451059903336014e-13,0.7187272316180443,0.7187080225316744,2.333030982172567e-13,0.6108372153937268,0.6108208898333303
56.4364877540286,1.1310161959355425,2.6947916342503223e-13,0.7151817826453525,0.715162846012164,2.290269445093961e-13,0.6078239829982823,0.6078078889924107
56.677461215397294,1.1271606205536435,2.6455685061474174e-13,0.7125264001595306,0.7125076700268405,2.248435328922159e-13,0.6055672068917292,0.6055512883880283
56.919463589290366,1.1232885825713543,2.597344972330276e-13,0.7102270227939038,0.7102084748000603,2.2074507553350512e-13,0.6036129950497806,0.60359723134359
57.16249926897579,1.1195625109653633,2.551953850798689e-13,0.7083759799472416,0.7083575838459714,2.168873413250025e-13,0.6020398170647415,0.6020241824501344
57.406572666479974,1.1159014100028004,2.510366152243465e-13,0.707159406370161,0.7071411300742547,2.1335285524146888e-13,0.6010058665151393,0.600990333721601
57.651688212667835,1.1122246768099826,2.464993518953874e-13,0.7038028609296669,0.7037848205816399,2.094966923253511e-13,0.5981531808507906,0.5981378485863811
57.8978503573233,1.1085322446401504,2.421155911211316e-13,0.701278181448777,0.7012603328299711,2.0577098929574659e-13,0.5960074875807628,0.5959923182646018
58.14506356923004,1.1048240464615493,2.3747569656798776e-13,0.6968568847043598,0.6968393479621496,2.018276013957468e-13,0.5922498832032174,0.5922349789470441
58.39333233625266,1.10110001495621,2.333449181576563e-13,0.6961981876569369,0.6961807220154111,1.9831690488867984e-13,0.5916900648847573,0.5916752210561596
58.642661165418026,1.0973600825187297,2.2902446490512883e-13,0.6925895292136532,0.6925723152520533,1.9464500612387117e-13,0.5886231115569419,0.5886084816279411
58.89305458299727,1.093604181255041,2.2519860434367856e-13,0.6909122699613847,0.690895182962528,1.913934554534175e-13,0.5871976300584288,0.5871831080334633
59.14451713458785,1.0899767601157702,2.2141450191726586e-13,0.6894709134941893,0.6894539559613118,1.8817739449561734e-13,0.5859726393636568,0.5859582273701951
59.39705338519608,1.0864412526072549,2.173272956946286e-13,0.6858285114229135,0.6858117993636319,1.8470372944169265e-13,0.5828770077517119,0.5828628043831654
59.65066791932003,1.0828906491295196,2.1347100919633452e-13,0.684060081306156,0.684043503043028,1.8142632015100052e-13,0.5813740412845771,0.5813599516276952
59.905365341032756,1.0793248852255413,2.0953347873112667e-13,0.6812969759747073,0.6812806000147671,1.7807986263681843e-13,0.5790257128892525,0.5790117951673001
60.16115027406577,1.0757438961630792,2.058179189040945e-13,0.6796513192845332,0.679635064416532,1.7492205517032844e-13,0.5776270900099482,0.5776132752025086
60.418027361893174,1.0721476169334956,2.021497160510103e-13,0.6757545264739464,0.6757385311942079,1.7180449579911477e-13,0.5743152549149756,0.5743016607283287
60.67600126781581,1.0685359822505787,1.986143252312292e-13,0.673511977052726,0.6734961297876934,1.6879981170105727e-13,0.5724093404267251,0.5723958720359109
60.93507667504597,1.0649089265493565,1.9517054541428017e-13,0.6717539347979163,0.6717382244843317,1.6587298663965182e-13,0.5709152024725322,0.5709018504750277
61.195258286792395,1.0612663839849066,1.9129189522190037e-13,0.6659815964944816,0.665966240124768,1.625765707272258e-13,0.566009364902356,0.5659963137172863
61.456550826345676,1.0576082884311606,1.8808401937877598e-13,0.6662202391412588,0.6662049038822899,1.5985023747986633e-13,0.5662121842800264,0.5661991510367126
61.71895903716401,1.0539345734797039,1.8457601976309522e-13,0.6629238248866303,0.6629087044243357,1.5686883282093798e-13,0.5634106033526579,0.5633977526623303
61.9824876829592,1.0502451724385713,1.8147338193721883e-13,0.6613374690569127,0.6613224573638385,1.542319400380293e-13,0.5620623795272341,0.5620496212784961
62.24714154778333,1.0467871598788168,1.7842372395937563e-13,0.659782903176235,0.6597680139330017,1.5164007416021184e-13,0.5607411735788224,0.5607285193986608
62.51292543611546,1.043331969330499,1.750722961614741e-13,0.6557497857917536,0.6557351349711666,1.487917379158002e-13,0.5573134779467166,0.5573010263989571
62.779844172948906,1.0398620257516642,1.7212666118568481e-13,0.6553439419319378,0.6553293455978431,1.4628827987633398e-13,0.5569685563654702,0.5569561511250937
63.04790260387883,1.0363772661495751,1.6877066550319448e-13,0.6507227938414996,0.6507084736955457,1.4343606144438346e-13,0.5530411008478456,0.553028930336289
63.31710559519018,1.0328776272625277,1.6580197729240045e-13,0.6494593328053414,0.6494451129344542,1.4091301075104713e-13,0.5519673012377379,0.5519552159486965
63.58745803394609,1.0293630455587008,1.6284921299328283e-13,0.6465000661619393,0.6464860235170888,1.3840349358954134e-13,0.5494522578157796,0.549440323148913
63.858964828076466,1.0258334572350059,1.6008241237628221e-13,0.6445987342620375,0.6445848152102164,1.3605202461760117e-13,0.5478363397982298,0.5478245101715211
64.13163090646727,1.0224204291223928,1.5720506949969915e-13,0.6416524115876616,0.6416386775730966,1.3360660717250425e-13,0.5453322972924025,0.5453206249265256
64.40546121904985,1.0191344653714018,1.5431510182300696e-13,0.6389386022895883,0.6389250272487572,1.3115046006891617e-13,0.5430258649745219,0.5430143277184178
64.6804607368909,1.0158344711573093,1.515026038708969e-13,0.6364201259103195,0.6364067057689683,1.2876015350783062e-13,0.5408854436423787,0.5408740380333903
64.95663445228259,1.012520386572609,1.48606781656537e-13,0.6326816350175354,0.6326684324046152,1.262990307064687e-13,0.5377081473521268,0.5376969266178102
65.23398737883335,1.0091921514539999,1.4633472322889162e-13,0.6341680675890442,0.6341548210188835,1.2436803688558576e-13,0.5389714476598205,0.5389601895667994
65.51252455155874,1.0058497053812951,1.4377506485745944e-13,0.6313393898337132,0.6313263112699454,1.2219261549735625e-13,0.536567390087906,0.5365562747814004
65.7922510269729,1.002492987676325,1.4128142548069462e-13,0.6295996581050548,0.6295866865844029,1.2007330282059844e-13,0.5350888140191054,0.5350777896871948
66.0731718831804,0.9991585233434255,1.385987106693545e-13,0.6254878884786634,0.6254751454696268,1.177932973150809e-13,0.5315942728379244,0.5315834427151556
66.35529221996836,0.9959141394703638,1.3603824857187264e-13,0.6225500634704322,0.6225374903710745,1.1561719285021186e-13,0.5290974523914498,0.5290867666727757
66.63861715889908,0.9926559026726606,1.3357303594639352e-13,0.6207477083633733,0.6207352438545986,1.1352203971108414e-13,0.5275656535026447,0.5275550600737382
66.92315184340299,0.9893837538008655,1.313159352387479e-13,0.6197794358553055,0.6197670512302744,1.1160375826790353e-13,0.5267427309020373,0.5267322053653178
67.208901438872,0.9861394137407463,1.2895397325230602e-13,0.6163203334166788,0.6163081317480835,1.0959635654553394e-13,0.5238028833375926,0.523792513293242
67.49587113275335,0.9828966561998871,1.2667467805074653e-13,0.6138149361426878,0.6138028758856102,1.0765921228171289e-13,0.5216735777721775,0.5216633279116933
67.78406613464362,0.979640052678527,1.2448785323912864e-13,0.6125994452659979,0.6125874638453066,1.0580065743681663e-13,0.5206405473959911,0.5206303645375582
68.07349167638353,0.9763915915597813,1.2218851639705805e-13,0.6096802593057051,0.6096684407622958,1.0384648003532783e-13,0.518159568041435,0.5181495236103509
68.36415301215274,0.97319431686632,1.199218689150453e-13,0.6069931379279746,0.6069814673179207,1.0192008490893908e-13,0.5158758174506821,0.5158658987462924
68.65605541856533,0.9699833903957814,1.178987643151846e-13,0.606503724460208,0.6064921068198306,1.0020067380850384e-13,0.5154598711129404,0.5154499974268111
68.94920419476551,0.9667587538575794,1.160218271588461e-13,0.6065052138713574,0.6064936148760381,9.860548857603984e-14,0.515461136944704,0.5154512791047746
69.24360466252392,0.9635934301109941,1.1387832068753857e-13,0.602402896734774,0.6023915065229569,9.678374944259381e-14,0.5119746293154727,0.5119649489180104
69.53926216633417,0.9604298948202245,1.1181927489479092e-13,0.5998314084947577,0.5998201597437973,9.503379237532278e-14,0.5097891538710358,0.5097795936993726
69.83618207350979,0.9572528518134453,1.0971870595308313e-13,0.596445410680024,0.5964343344027694,9.32485453071037e-14,0.5069114370050353,0.5069020234166007
70.13436977428188,0.9541025543474685,1.0784364953772128e-13,0.5959005450324969,0.59588951593697,9.165495849269112e-14,0.5064483625586282,0.5064389890693495
70.43383068189677,0.9509881609082736,1.0585122114849785e-13,0.5932610499785282,0.5932501589072934,8.996161871703694e-14,0.5042050889801638,0.5041958327959911
70.73457023271439,0.9478604695797704,1.0396719819971994e-13,0.5904926463666741,0.5904818992733624,8.836041135888723e-14,0.5018522576431015,0.501843123823951
71.03659388630692,0.9447267423596695,1.0230860146841199e-13,0.5904071840775964,0.5903964626638146,8.695079090171817e-14,0.5017796243207716,0.50177051232633
71.33990712555791,0.9416329473193094,1.0038431984670358e-13,0.5865015928063494,0.5864910551616713,8.531536820486069e-14,0.49846031152497877,0.4984513557135822
71.64451545676187,0.938525942341029,9.851679498005607e-14,0.5834498635673966,0.5834394780236557,8.372818235877361e-14,0.49586668530845013,0.4958578587657231
71.95042440972402,0.9354056710208151,9.678836519690707e-14,0.582193521987761,0.5821832131917926,8.225921167101289e-14,0.49479893643470807,0.4947901751189454
72.25763953786101,0.932349368575176,9.497193063943118e-14,0.5791408628769479,0.5791307048413263,8.071544683475418e-14,0.4922045199318055,0.49219588674536147
72.56616641830148,0.9292949524588154,9.357164918748798e-14,0.5813230558459146,0.5813128298047535,7.952536527774003e-14,0.4940591382320117,0.49405044724851677
72.87601065198741,0.9262274945453246,9.195959503285377e-14,0.5793827614183777,0.5793726352330911,7.81553007698685e-14,0.4924101064533042,0.49240150033605845
73.18717786377577,0.923184374721375,9.019579526278061e-14,0.5746233348359746,0.5746134264478752,7.665626957602032e-14,0.48836512978820545,0.488356708774044
73.49967370254063,0.9201531650853558,8.860120104615095e-14,0.5730302426107782,0.5730204149614567,7.530104404939574e-14,0.4870111807851691,0.4870028283898774
73.81350384127576,0.9171090127396251,8.699735199602094e-14,0.5709067797326178,0.5708970581195961,7.393795295642608e-14,0.48520647644891157,0.48519821417253456
74.12867397719748,0.9140904646143437,8.536683318709385e-14,0.5679586792003986,0.5679490951258956,7.255219557159749e-14,0.48270092296411116,0.48269277757998774
74.44518983184825,0.9111152155806264,8.383298988179879e-14,0.5658530889161444,0.5658436138987968,7.12486014788184e-14,0.48091140832015034,0.4809033556223286
74.76305715120047,0.9081272627787155,8.246829797136231e-14,0.5650652709905557,0.565055847929853,7.008876702456418e-14,0.48024185179476236,0.48023384325423835
75.08228170576078,0.9051430083070008,8.10573198957393e-14,0.5635371316011195,0.5635277874748816,6.888959454190361e-14,0.4789431053881803,0.478935163933063
75.4028692906748,0.9021936025257918,7.954156483228643e-14,0.5599406381058948,0.5599314527712945,6.760137341788402e-14,0.4758864908963945,0.4758786843962887
75.7248257258324,0.8992316033223419,7.816827558283477e-14,0.5591871379679099,0.5591779973939807,6.64342321935607e-14,0.4752461006261535,0.47523833216757777
76.04815685597333,0.8962714039818374,7.667433447346897e-14,0.5557540321707094,0.5557450426632852,6.516455047417904e-14,0.47232834727959816,0.4723207072105411
76.37286855079319,0.8933814698979406,7.546320866578093e-14,0.5569981181413182,0.55698910420317,6.413522991512055e-14,0.4733856802656967,0.47337801943327523
76.69896670505022,0.890479196325053,7.395488471330226e-14,0.5512785793962443,0.5512697994060286,6.285332439865703e-14,0.4685247163746915,0.4685172543716692
77.02645723867218,0.8875671762996848,7.271750012743483e-14,0.5500072206144755,0.5499985080875213,6.180168683498661e-14,0.4674442045701315,0.4674367999032848
77.3553460968638,0.8846729543475985,7.14669695390372e-14,0.5486649695749999,0.5486563223360135,6.073887664945654e-14,0.46630344232926474,0.46629609314983894
77.68563925021478,0.8817663745981099,7.017010111318217e-14,0.546331985739772,0.5463234421458265,5.963668451990841e-14,0.4643206687723745,0.46431340767956264
78.01734269480812,0.8788525870941308,6.887810334291217e-14,0.5439303553954524,0.5439219171604213,5.853863189915278e-14,0.46227955341262017,0.4622723818630218
78.35046245232905,0.876021069155203,6.768108067098631e-14,0.5430226327066136,0.5430142517550971,5.752129741742421e-14,0.4615080913402123,0.461500968475151
78.68500457017419,0.8731774611535195,6.657124502822679e-14,0.5429863485374267,0.5429779843795423,5.657806209288846e-14,0.46147725388214206,0.4614701452897769
79.02097512156149,0.8703259064910397,6.538521258173864e-14,0.5400900894957108,0.5400818477158065,5.557006806523981e-14,0.459015759826716,0.45900875524185375
79.35838020564046,0.8675254442931842,6.420538727717414e-14,0.5373575956457453,0.5373494674504894,5.456734940927795e-14,0.4566934477436802,0.4566865396929791
79.69722594760282,0.8647130246348966,6.302561481188859e-14,0.534566085627467,0.5345580724188672,5.356467566075329e-14,0.4543209785630287,0.4543141682380374
80.03751849879374,0.8618923483098913,6.188406483853742e-14,0.5326515420143445,0.5326436120777216,5.259448672637159e-14,0.4526938320769316,0.45268709252374384
80.37926403682354,0.8590900348980469,6.082781617688771e-14,0.532291073500975,0.5322831702427863,5.16967943016767e-14,0.45238747443072413,0.4523807575512013
80.7224687656798,0.8562757561214255,5.973344317746607e-14,0.5301912002891194,0.5301833943424128,5.076670048282436e-14,0.45060281865453744,0.4505961844788168
81.0671389158399,0.8534696025648646,5.867268941485043e-14,0.5275122023555322,0.5275045045753547,4.9865179229600305e-14,0.44832597207657504,0.44831942983022416
81.41328074438432,0.8507350821193638,5.76383127518014e-14,0.5253102411117776,0.5253026335408293,4.8986075540843864e-14,0.44645455296878367,0.4464480873901198
81.7609005351101,0.8479888857726303,5.6647784477334444e-14,0.5240540273679972,0.5240464770179546,4.81442380448831e-14,0.44538691274112374,0.44538049579378625
82.1100045986449,0.8452419641305698,5.562434726009242e-14,0.5219677076658615,0.5219602428441296,4.727443165323847e-14,0.4436137759220212,0.4436074316641169
82.4605992725617,0.8425073256740188,5.4614499627147106e-14,0.5200869875807121,0.5200795995987367,4.6416174878006e-14,0.4420153756260403,0.4420090966732768
82.81269092149364,0.8397610108123496,5.364579434671518e-14,0.5184817876875948,0.518474474795524,4.559288446962101e-14,0.4406511364686417,0.44064492133384164
83.1662859372498,0.8370362268769015,5.2677609252056525e-14,0.5160656441125193,0.5160584246672668,4.477003616056835e-14,0.43859768649699116,0.43859155078146406
83.52139073893095,0.8343374303841248,5.1804306707697075e-14,0.5151754453530455,0.5151682700015717,4.402782733512583e-14,0.43784111779128093,0.43783501955050075
83.87801177304638,0.8316271105248475,5.0892963527139716e-14,0.513116803921724,0.5131097100058977,4.325328825243867e-14,0.4360915043856895,0.43608547535603953
84.23615551363075,0.8289524491991325,4.9968439537949354e-14,0.5107986017151359,0.5107915962434715,4.2467546966623776e-14,0.4341212935486742,0.43411533968660276
84.59582846236168,0.8262908693785236,4.904307971860382e-14,0.5083591348062946,0.5083522183880834,4.168109531929472e-14,0.4320480213696208,0.4320421431929569
84.95703714867774,0.8236179250997847,4.823829480102295e-14,0.5087266585891661,0.5087197522226465,4.0997118761262736e-14,0.43236037520045423,0.4323545055665963
85.319788129897,0.8209655466517519,4.735347389520118e-14,0.5063362359289407,0.5063294206377233,4.0245120625589544e-14,0.43032878511015116,0.4303229928800447
85.68408799133614,0.8183061576632462,4.6567730702786464e-14,0.5053071999801453,0.505300429858899,3.9577327389776465e-14,0.42945422042712506,0.4294484665864077
86.04994334642981,0.8156454022403484,4.573158247503182e-14,0.5027748288012119,0.5027681507798789,3.886669554972748e-14,0.4273019900798756,0.42729631451371375
86.41736083685092,0.8130367380583585,4.4919064700998894e-14,0.5008411020479453,0.5008344969230276,3.8176146934460963e-14,0.4256585400847522,0.42565292647233494
86.78634713263105,0.8104169353583196,4.4088886090623814e-14,0.4982879757108386,0.4982814634056345,3.747058859698246e-14,0.4234886701901669,0.4234831354640543
87.15690893228167,0.8078016374740284,4.3269057155606374e-14,0.4958724815165226,0.4958660545072278,3.677382631814426e-14,0.42143577211903904,0.42143030988484476
87.52905296291557,0.805196629259591,4.259844193215844e-14,0.4973699367334359,0.49736348159933363,3.620387889209589e-14,0.4227084404341339,0.4227029542970202
87.90278598036915,0.802580498137416,4.1797663323958315e-14,0.4939385134820715,0.4939321774933149,3.552330724591152e-14,0.4197921170620781,0.41978673218509194
88.27811476932499,0.8000088195685902,4.1048629723271286e-14,0.4912897435901913,0.49128349767592777,3.4886713029424185e-14,0.41754096091577153,0.41753565259196174
88.65504614343492,0.7974456862246425,4.0348094580976994e-14,0.49007209197805446,0.49006589393645217,3.4291337041455635e-14,0.4165060941577626,0.4165008265203242
89.03358694544393,0.7948749674655256,3.961152014444876e-14,0.48767963358395927,0.48767351922734425,3.366533171155293e-14,0.4144727739229017,0.4144675774082793
89.41374404731425,0.7923279148829945,3.895460673216562e-14,0.48783921618504644,0.4878331088516896,3.3107029282117406e-14,0.41460840116420433,0.4146032106185605
89.7955243503501,0.7897699868526543,3.81812384047333e-14,0.4837157610263678,0.4837097893363389,3.244975328808145e-14,0.41110392859641554,0.41109885333232654
90.17893478532307,0.7872369238954001,3.754497586404828e-14,0.4835301249023467,0.4835241714019545,3.190900177413586e-14,0.4109461587943472,0.41094109898940107
90.56398231259777,0.7847341149681145,3.6935025201493274e-14,0.4830686316537999,0.4830627058476974,3.139061239378098e-14,0.410553941499017,0.41054890523109877
90.95067392225843,0.7822206195053202,3.6243002729019925e-14,0.4794944598275164,0.4794886462988265,3.08024712166005e-14,0.4075162979123247,0.40751135706756425
91.33901663423548,0.779730293540893,3.5602989663143026e-14,0.47787173895640933,0.47786598369383926,3.0258532178565546e-14,0.40613716789656495,0.40613227657144535
91.72901749843332,0.7772342880100267,3.5004333373768985e-14,0.4775023289782723,0.47749659409450657,2.974974174362414e-14,0.40582321101214874,0.4058183370067181
92.12068359485808,0.7747396933523941,3.437211120414434e-14,0.47572846509321765,0.47572279295264464,2.9212424090118373e-14,0.40431562645382485,0.40431080577304285
92.51402203374623,0.7722616611873987,3.373566886839946e-14,0.47333615211716157,0.47333056154833236,2.8671519770617535e-14,0.40228242980792267,0.4022776784539376
92.90903995569367,0.7697730482791298,3.314172628287813e-14,0.4716253677955827,0.47161983668901075,2.8166735453169543e-14,0.40082845577554893,0.4008237549577869
93.30574453178531,0.7673349583561097,3.258324306230359e-14,0.47036654334489747,0.47036105721094223,2.769208760306392e-14,0.39975859674099556,0.39975393414489363
93.70414296372533,0.7649047279212755,3.200669621216342e-14,0.4684093744338184,0.4684039520063712,2.7202087701862447e-14,0.3980952235514097,0.398090615098666
94.10424248396772,0.7624641208477969,3.143911509617365e-14,0.4668281693119064,0.4668227987163115,2.6719707665112283e-14,0.396751377247631,0.39674681284612523
94.50605035584789,0.7600130928293278,3.086986180062221e-14,0.46492846338085425,0.4649231540929526,2.6235906464028626e-14,0.395136841120513,0.3951323288236431
94.9095738737143,0.7575515993703428,3.034990201968103e-14,0.4645855190470905,0.4645802330192377,2.5793999199722226e-14,0.39484537705367956,0.3948408845252319
95.31482036306092,0.7551425598579405,2.978552609053421e-14,0.4620606410970123,0.4620554366045503,2.531434321087207e-14,0.3926995151071902,0.39269509187464363
95.72179718066026,0.7527413966341044,2.926905986368072e-14,0.46039132999226684,0.4603861784573081,2.487540507415242e-14,0.3912807886390794,0.3912764104144474
96.13051171469691,0.7503430320547579,2.8750393922073766e-14,0.45846243001419607,0.4584573365059404,2.4434597427588774e-14,0.3896414408593588,0.38963711195089035
96.54097138490168,0.7479623659675703,2.8241510073511746e-14,0.4566138934470304,0.4566088575870626,2.40021034586116e-14,0.388070392929675,0.38806611301575966
96.95318364268613,0.7455715348724206,2.7734031830565128e-14,0.4547421934554819,0.45473721496385433,2.3570804096130853e-14,0.3864796586975573,0.3864754275402714
97.36715597127814,0.7432439265608425,2.7258030583893527e-14,0.4541870409394295,0.45418208650360514,2.3166256636051672e-14,0.3860078415712453,0.3860036308586833
97.78289588585754,0.7409157830391978,2.675729192932879e-14,0.4519665672457356,0.451961684591896,2.2740685164791657e-14,0.3841206889655793,0.3841165392596215
98.20041093369261,0.7385776987713214,2.630207288738702e-14,0.4512045579319533,0.4511997060751144,2.235380023857575e-14,0.3834730668540768,0.3834689433221017
98.61970869427707,0.7362296313120484,2.5861855928073714e-14,0.450292120942645,0.4502872985211902,2.1979665393301184e-14,0.38269759815711846,0.38269349964190535
99.04079677946771,0.7338756177129275,2.5391473087892e-14,0.44759218516360555,0.44758744117248156,2.1579892946083984e-14,0.38040295676820446,0.3803989249099409
99.4636828336226,0.7315497444150757,2.4938761376121667e-14,0.4458424407033146,0.4458377457775018,2.119513896817867e-14,0.37891587100498864,0.3789118808467146
99.88837453373964,0.729213940064432,2.4476230221307307e-14,0.4435503769381316,0.4435457477045438,2.0802039569393408e-14,0.3769678748998775,0.3769639405725976
100.31487958959622,0.7268996502161804,2.4094972828721784e-14,0.4446392334205978,0.44463458909404063,2.0478013716760933e-14,0.377893280300499,0.3778893331458946
100.74320574388925,0.724586688982998,2.366760360291063e-14,0.443409451903543,0.443404850661554,2.0114797998258435e-14,0.37684810448918415,0.3768441939516113
101.17336077237523,0.7222985239836488,2.321774604775742e-14,0.44007176137996207,0.44006725020107207,1.973246973208854e-14,0.37401144338107456,0.37400760938699434
101.60535248401176,0.7200521670831389,2.2832506134838463e-14,0.4391151103620642,0.4391106297820853,1.9405059185619926e-14,0.3731983977384867,0.3731945897500354
102.03918872109953,0.7177962186502824,2.2447696056713217e-14,0.43841410451853224,0.4384096484159104,1.9078013950324896e-14,0.3726026217074689,0.3725988345220148
102.47487735942404,0.715530637730995,2.2016271299693174e-14,0.43501272611590447,0.43500835869176624,1.8711351486963433e-14,0.36971183307367234,0.3697081212549438
102.91242630839933,0.7132553831963234,2.1633458546709095e-14,0.4340363747161069,0.4340320381373407,1.8386003753131815e-14,0.36888204432480937,0.36887835872117364
103.35184351121082,0.7110055980928248,2.127599355261861e-14,0.43412646712662917,0.43412214118660464,1.808219876010352e-14,0.36895861272899744,0.36895493616709424
103.79313694496022,0.7087550015807028,2.088807687571383e-14,0.43234454990822246,0.43234027437866557,1.7752513265660994e-14,0.3674441837441609,0.36744055002547876
104.23631462080976,0.7065184268959511,2.051574489467388e-14,0.4300881104538349,0.4300838970920916,1.7436073007806204e-14,0.36552646429179,0.36552288340874906
104.68138458412784,0.7042930770793608,2.015385629253255e-14,0.4282442329691427,0.428240068553719,1.7128508446050158e-14,0.3639593760575777,0.363955836773397
105.12835491463541,0.7020710609182865,1.9797940426865605e-14,0.4265180512209956,0.42651393402288174,1.6826020037743987e-14,0.36249231594643117,0.3624888167916469
105.57723372655192,0.6998715547398956,1.9447669773535034e-14,0.425104988746254,0.42510090890256425,1.652832942425087e-14,0.3612913719592312,0.3612879045515012
106.02802916874353,0.697665459990031,1.912274910202773e-14,0.42496876005330353,0.424964690877075,1.625218344080098e-14,0.361175592910104,0.3611721345685148
106.48074942487008,0.6954924027606235,1.8762719054942064e-14,0.42238146511233493,0.42237746723287584,1.594619844156172e-14,0.3589766835497537,0.3589732858023903
106.93540271353459,0.693310066975034,1.8448495514991808e-14,0.4220585025370731,0.4220545206418026,1.5679143815396705e-14,0.35870220172762324,0.3586988175650202
107.39199728843167,0.6911184130155279,1.8121921460274767e-14,0.42008671480048987,0.42008278175306757,1.540159264239592e-14,0.3570264041824955,0.3570230615350629
107.85054143849771,0.6889174010952109,1.7793488300252384e-14,0.41769410743967916,0.41769023489586254,1.512246143922808e-14,0.3549929573427007,0.3549896661165201
108.3110434880617,0.6867691999549161,1.7492618112573025e-14,0.416938575363955,0.41693472702727574,1.4866755658853925e-14,0.3543508401541854,0.3543475695013457
108.77351179699546,0.6846418457338208,1.716365008934613e-14,0.4143309584669056,0.414327173823148,1.4587169882189928e-14,0.35213465941949773,0.35213144289846937
109.23795476086646,0.6825054081000143,1.6888994552208183e-14,0.41496773662709174,0.4149639438741549,1.4353743602904366e-14,0.3526758491519585,0.35267262573904096
109.7043808110892,0.6803598482689898,1.659290934132629e-14,0.41401046876116776,0.4140067068966133,1.4102104514001062e-14,0.3518622792580079,0.35185908209673716
110.17279841507927,0.6782224071321433,1.6283365416712493e-14,0.4113138615855959,0.4113101660845856,1.3839027033929148e-14,0.3495704668072277,0.3495673260474967
110.6432160764062,0.676105527656172,1.5999034267232013e-14,0.4095483253373602,0.40954467287159035,1.3597377573664016e-14,0.3480699598024755,0.34806685561785305
111.11564233494825,0.6739911737262277,1.5734844611006766e-14,0.4091248216396697,0.40912118252011936,1.3372846114655352e-14,0.34771002934760203,0.3477069365057633
111.59008576704767,0.6719036226249903,1.5438643455318558e-14,0.4062826114891822,0.4062790396176023,1.3121108485722515e-14,0.34529447076360487,0.34529143507496857
112.06655498566569,0.6698138135616375,1.517106630484931e-14,0.40533212733448365,0.4053285833450002,1.2893698038051481e-14,0.3444866662603236,0.34448365426832966
112.5450586405398,0.6677562478456788,1.490863593707546e-14,0.4044615752162153,0.4044580555571625,1.2670661776123784e-14,0.3437467949873498,0.3437438036734822
113.02560541833978,0.665689896701139,1.4655565530435545e-14,0.4040729253300969,0.4040694236655842,1.2455580427191903e-14,0.3434164863476379,0.3434135103271031
113.50820404282638,0.6636147226158466,1.439505124895396e-14,0.40243867609814693,0.4024352127423121,1.2234172622853867e-14,0.3420275585233,0.3420246150608277
113.99286327500887,0.6615306879174618,1.4125330621777086e-14,0.39934601388533914,0.3993426202447773,1.200494046134516e-14,0.33939914388820674,0.33939625967586634
114.47959191330439,0.6594857139641216,1.389331236697931e-14,0.3989081417449769,0.3989047604152555,1.1807751070924925e-14,0.3390270018750049,0.33902412812549254
114.96839879369809,0.657432725066468,1.3646842752744355e-14,0.3974729137993105,0.3974695700703462,1.1598279652262364e-14,0.3378072197334371,0.33780437794033435
115.45929278990269,0.6554168995613989,1.3421855817092532e-14,0.3974579951470082,0.39745465599047103,1.1407066091362306e-14,0.3377945405588784,0.33779170265182384
115.95228281352048,0.653395640464566,1.3172832034786114e-14,0.3953036930145032,0.39530040265977046,1.1195423917448263e-14,0.335963626329048,0.3359608298980319
116.44737781420422,0.6513657509617627,1.2927142917696487e-14,0.3930944802679141,0.39309124252556554,1.0986615833472216e-14,0.33408604426039473,0.3340832925439809
116.9445867798205,0.649327194202736,1.2710151655417616e-14,0.3923643393742371,0.3923611234445259,1.080219769459525e-14,0.33346550671747366,0.33346277353934534
117.4439187366121,0.6473243250535516,1.2486825237854544e-14,0.39065651160064846,0.3906533320522265,1.0612395387089835e-14,0.33201404541797286,0.33201134315984365
117.94538274936222,0.6453184690025511,1.2265680267161335e-14,0.38901147173060924,0.3890083274926538,1.04244470637844e-14,0.3306159467663269,0.3306132745181182
118.44898792155935,0.6433489471059185,1.2054452118510558e-14,0.38799587527025103,0.38799275910387776,1.0244926922542303e-14,0.3297528041351338,0.329750155744609
118.95474339556175,0.6413765007573091,1.184611263880322e-14,0.3871884909256076,0.3871853948323861,1.0067861824626772e-14,0.3290666183568042,0.3290639870261981
119.46265835276436,0.6394418982594954,1.163286288385427e-14,0.38564234647938206,0.3856392873080485,9.88662354567196e-15,0.32775256967939054,0.32774996972823156
119.97274201376449,0.6375035803476949,1.1431683742821094e-14,0.3848654482977162,0.3848624088233783,9.715643929347483e-15,0.3270922937067314,0.3270897104958008
120.48500363853022,0.6355569861735851,1.1221675380173773e-14,0.3824697133936551,0.38246672595968545,9.537160468855673e-15,0.32505618880734727,0.32505364982486984
120.99945252656761,0.6336020803990431,1.1032338685605011e-14,0.3814142547498929,0.3814112919776892,9.376245598520418e-15,0.3241591678088977,0.3241566497861442
121.51609801708992,0.6316388275350584,1.0843553578059341e-14,0.3805012280318074,0.3804982838301693,9.215799515043945e-15,0.32338319790888453,0.3233806956690207
122.03494948918751,0.629674181838925,1.0669695599597372e-14,0.3807243778867977,0.3807214361559106,9.068039810435829e-15,0.3235728501580847,0.32357035001808104
122.55601636199722,0.62779834109681,1.0464338382626983e-14,0.37793880904277277,0.37793592537040904,8.893509300032321e-15,0.3212054303065492,0.3212029795097528
123.07930809487442,0.6259065600489646,1.0270440061124235e-14,0.3760037825306487,0.3760009401519707,8.728717560460111e-15,0.3195608756627549,0.3195584599609415
123.60483418756365,0.6239621135060145,1.0112681141570754e-14,0.376962916868133,0.3769600625924469,8.594640243107563e-15,0.32037603184735974,0.32037360603442916
124.13260418037216,0.6220358853686974,9.920393116058241e-15,0.37403308497234583,0.3740302880023917,8.431217073801461e-15,0.3178860046464071,0.31788362753689575
124.66262765434212,0.6201808032098026,9.738665374377697e-15,0.37157394078339556,0.3715711907698968,8.276768956623502e-15,0.3157960089949993,0.3157936717931876
125.19491423142507,0.6182983087668698,9.587662416810233e-15,0.3721959931822359,0.37219323697344175,8.148433446211472e-15,0.3163246834884942,0.316322341021379
125.72947357465686,0.6163738951312352,9.405600928964599e-15,0.36957970910925564,0.3695770031788681,7.993701682374303e-15,0.31410113663022304,0.3140988368940919
126.26631538833225,0.6144945276796703,9.258060573972795e-15,0.37029333606509407,0.3702906253390411,7.868308994249067e-15,0.314707639185515,0.31470533537360823
126.80544941818202,0.6126614719781811,9.08700115546355e-15,0.368507489507876,0.3685048153241059,7.722927750472031e-15,0.3131898707051476,0.3131875979500665
127.34688545154899,0.6107859009195785,8.921758312621245e-15,0.3666473624197441,0.36664472484283317,7.582489941042851e-15,0.31160897213778016,0.3116067304944073
127.8906333175666,0.608882783388517,8.770271096589898e-15,0.36570642902088735,0.3657038116814981,7.453742865465907e-15,0.3108092847015122,0.31080706025775395
128.4367028873365,0.6070588804717896,8.618266519123688e-15,0.3643620732709393,0.3643594827863313,7.324556090926239e-15,0.30966673369374237,0.30966453207352423
128.98510407410822,0.6052491565554429,8.47462189174279e-15,0.3638172827871552,0.36381470520594406,7.202474332596193e-15,0.3092037231280532,0.3092015324742694
129.53584683345935,0.6033781207662382,8.320861052844073e-15,0.3620407533907526,0.3620382100089455,7.071794933600763e-15,0.30769387318523045,0.3076917115970891
130.08894116347543,0.6015153882768787,8.182578795962637e-15,0.36187886470435626,0.3618763303426502,6.954270586371484e-15,0.3075562860310893,0.3075541321090181
130.6443971049326,0.5997379292642157,8.037908827753175e-15,0.36068615572157847,0.3606836476503611,6.831317403794524e-15,0.3065426176993984,0.3065404861212822
131.20222474147872,0.5979326583531203,7.891551949092624e-15,0.3590250157398902,0.3590225386061007,6.7069305372868165e-15,0.305130835765786,0.3051287304809998
131.7624341998175,0.5960839671406023,7.75218791866081e-15,0.35731914152633637,0.35731669574369385,6.588486804351626e-15,0.30368103477233627,0.30367895613249474
132.3250356498914,0.5942923894853367,7.615254749575415e-15,0.3557288675516621,0.3557264524136669,6.472109029836452e-15,0.3023294809648977,0.30232742836955573
132.8900393050667,0.5925408781542932,7.479952058940794e-15,0.35418759379974635,0.35418520780970075,6.3571169784062186e-15,0.3010195718291882,0.30101754400632125
133.45745542231927,0.5907361426485783,7.357242931048875e-15,0.3541938731988597,0.35419148908173637,6.2528280372231385e-15,0.3010249086113498,0.3010228823802558
134.02729430241985,0.5889153876624984,7.224764465959403e-15,0.3525441525091192,0.35254180020106207,6.1402362594875e-15,0.2996228317900363,0.2996208325930667
134.59956629012214,0.5871413445006214,7.095390539513537e-15,0.35116705971125817,0.3511647354646489,6.030282990015805e-15,0.2984524579778593,0.2984504826299606
135.1742817743495,0.5853771546769514,6.970221854188558e-15,0.34999186086687895,0.3499895585729822,5.923903701970356e-15,0.29745367129209754,0.2974517146015325
135.7514511883846,0.5836456464348462,6.853412295760728e-15,0.3494102496260498,0.349407959291204,5.824628730517284e-15,0.2969593672290805,0.2969574207023622
136.33108501005793,0.5819067449698262,6.738659075658262e-15,0.3485922445778559,0.34858997186717466,5.727101415089079e-15,0.2962641550486656,0.2962622235005026
136.9131937619384,0.5801604187141849,6.6140226603015354e-15,0.3463628541358205,0.34636061985738603,5.621174496580977e-15,0.29436942421097,0.2943675253258891
137.49778801152476,0.5784066359654257,6.496414072576009e-15,0.3449593581943625,0.3449571478915123,5.52122044019867e-15,0.2931766106998323,0.2931747321912983
138.0848783714365,0.5766538527228341,6.388254446293115e-15,0.34474061438004694,0.34473841120153026,5.429296937052791e-15,0.2929907030890683,0.2929888306354156
138.67447549960764,0.5749440210511378,6.272765156465682e-15,0.3432452690673923,0.34324309467821024,5.331144045242679e-15,0.29171982795500984,0.2917179799690498
139.26659009947898,0.5732268887115111,6.160944151636919e-15,0.34202155001642526,0.34201939944953297,5.2361087826182775e-15,0.29067980455721243,0.29067797681751617
139.86123292019366,0.5715024245314384,6.0614003592788945e-15,0.34173462701866325,0.34173248318467087,5.151507768132129e-15,0.2904359523177602,0.2904341303002707
140.4584147567913,0.5698164386809844,5.9515583770561e-15,0.33974343373433896,0.33974132136052526,5.058154451877158e-15,0.28874366224219267,0.2887418669623125
141.05814645040437,0.5681313752938274,5.854807931786108e-15,0.3396560166449881,0.3396539107579523,4.975927467874092e-15,0.2886693675597487,0.28866757779289937
141.66043888845527,0.5663847272234798,5.753019484812336e-15,0.3385333269000236,0.33853124216687935,4.889418749721399e-15,0.2877152076957606,0.28771343590733706
142.26530300485337,0.5646836818868959,5.651966065039418e-15,0.33747673646797816,0.33747466982426394,4.803534721922509e-15,0.286817224804714,0.286815468390269
142.87274978019414,0.5630435755934758,5.549364546731221e-15,0.33599969837010335,0.3359976569574816,4.716334984690549e-15,0.28556190874175486,0.2855601737708974
143.48279024195784,0.561348187322518,5.458648324185207e-15,0.33596296944953946,0.33596093342481137,4.639236410525917e-15,0.28553069329509484,0.2855289629033403
144.09543546471045,0.5596423242452818,5.3539173388539726e-15,0.33325872543102697,0.33325673004007167,4.550226866110644e-15,0.2832323903877533,0.28323069453013006
144.71069657030398,0.5579811192601792,5.264722152797817e-15,0.3325469648301208,0.3325449823585862,4.474421001687767e-15,0.28262747402399496,0.28262578914642456
145.3285847280787,0.5563456797069953,5.167201336199079e-15,0.33029766358924667,0.33029571674810543,4.391539288802073e-15,0.2807158212493198,0.28071416665357163
145.94911115506633,0.5547323109968275,5.085336195815576e-15,0.3306626966902533,0.3306607489560164,4.3219631378093e-15,0.2810260582810285,0.2810244029262496
146.57228711619268,0.5531120534978989,4.9968480106421654e-15,0.32972350801868977,0.32972157553277964,4.246758144525707e-15,0.2802278536664967,0.28022621127107855
147.1981239244833,0.5514848777963434,4.907596693117056e-15,0.3283394216261365,0.3283375134806134,4.17090457467484e-15,0.27905153608633737,0.2790499143775073
147.82663294126775,0.5498507543527038,4.817690290723091e-15,0.32685420970613455,0.32685232549927956,4.09449425645055e-15,0.2777892731949743,0.2777876718313166
148.4578255763869,0.5482096535013941,4.73105342627174e-15,0.32517908900615083,0.3251772322295377,4.020862677314794e-15,0.27636560922509396,0.27636403117405306
149.0917132883992,0.5465707167790019,4.652168390802621e-15,0.32447805667004737,0.3244762097248713,3.953819279927843e-15,0.2757698106783736,0.2757682409829471
149.72830758478898,0.5449792310380276,4.578287420120576e-15,0.3245488370895854,0.32454699303520845,3.8910287741327475e-15,0.27582996606483035,0.27582839882625765
150.36762002217586,0.5433809499445604,4.492947942515691e-15,0.32237211640273866,0.32237030617216744,3.8184998277256825e-15,0.27397999858822586,0.27397846009607935
151.00966220652353,0.5417758444836912,4.419188783268892e-15,0.3222722711057843,0.32227046444741736,3.755812847934104e-15,0.27389514132878345,0.2738936058726083
151.6544457933516,0.540163885516621,4.342012786492473e-15,0.3213776235679436,0.32137583189555313,3.6902219409915444e-15,0.2731347916624111,0.2731332689426285
152.3019824879461,0.5385752420289294,4.263769113490289e-15,0.3200382042619935,0.3200364340803481,3.623723629481579e-15,0.27199643607617674,0.2719949316211075
152.95228404557295,0.5370145182906249,4.186705784649172e-15,0.31840274262187584,0.31840099748062517,3.558228477597178e-15,0.27060647784141817,0.2706049946678648
153.60536227169058,0.5354471305479426,4.1166138463080794e-15,0.3176701877013417,0.3176684546344664,3.498658222632114e-15,0.26998388864749734,0.2699824157358034
154.26122902216443,0.5338730503468053,4.044830177240532e-15,0.31639304883801683,0.3163913342067374,3.437650187045022e-15,0.26889846442447435,0.26889700718096093
154.91989620348286,0.5322922491116412,3.980783271925911e-15,0.31668541404154293,0.31668369822502995,3.383217529458229e-15,0.2691469419260125,0.2691454836751841
155.58137577297217,0.5307628357221641,3.905887986926785e-15,0.31448771705733813,0.3144860330928972,3.3195649707093518e-15,0.26727914695866634,0.26727771577851245
156.24567973901478,0.5292103686263646,3.836508607968729e-15,0.3133445262156078,0.31334285968594977,3.26060031098291e-15,0.26630756347093054,0.2663061471083789
156.9128201612661,0.5276092316129614,3.76835378923743e-15,0.3121875658432044,0.3121859160778279,3.2026763895589684e-15,0.26532427743262527,0.2653228753178253
157.58280915087477,0.5261178198680755,3.704791724276755e-15,0.31172623807021577,0.3117245978364263,3.1486557916781195e-15,0.26493220077288643,0.2649308067588621
158.25565887070124,0.5246119845973871,3.639832709402962e-15,0.3103016764329036,0.31030005736541905,3.0934479436731144e-15,0.26372148379235194,0.26372010776730337
158.93138153553917,0.5230578224682599,3.58085066550359e-15,0.3100732198589825,0.3100716058309103,3.043319847966189e-15,0.26352732142961777,0.26352594968750226
159.6099894123377,0.521558023292857,3.5170362510328437e-15,0.3085804138161309,0.3085788199439037,2.989084781417316e-15,0.26225860438896026,0.26225724977704334
160.29149482042286,0.5200587113950697,3.4603091110769503e-15,0.3086845305229562,0.30868293904252775,2.9408731001513937e-15,0.2623470918658157,0.2623457392866584
160.9759101317226,0.5185529977102102,3.397929279128718e-15,0.3071919884115347,0.30719041838140626,2.8878572672070857e-15,0.26107859913715403,0.26107726478833637
161.66324777099018,0.5170408549038216,3.3355509053336394e-15,0.30560630947258716,0.3056047608396521,2.834842673528765e-15,0.25973095059266427,0.2597296344290516
162.35352021603083,0.5155222555247322,3.279672924923118e-15,0.3053092137006754,0.30530767149244653,2.7873526822577413e-15,0.2594784526406787,0.25947714193734284
163.04673999792726,0.5140018460043527,3.2201299096986596e-15,0.303630097592011,0.30362857816972644,2.7367478240920457e-15,0.2580513930233183,0.2580501016854694
163.74291970126762,0.512539868627338,3.1675510226973834e-15,0.30309539898837784,0.30309388732182,2.6920616907281307e-15,0.25759695941937255,0.2575956746730179
164.44207196437446,0.5110716488748136,3.111285756047575e-15,0.30181094741213105,0.3018094536126226,2.64424254976365e-15,0.25650532021380584,0.2565040506524313
165.14420947953295,0.5095971600929808,3.0565761624366718e-15,0.3005753226009642,0.3005738459915619,2.5977455557074036e-15,0.2554551782604734,0.25545392330875344
165.84934499322264,0.5081163755142325,3.00078697436106e-15,0.2989332120023696,0.29893175800616745,2.5503310279226906e-15,0.25405956915970807,0.25405833342666184
166.5574913063476,0.5066850173873049,2.951990227749824e-15,0.29897514667801856,0.29897369368241156,2.5088592880065927e-15,0.2540952089120021,0.2540939740293491
167.26866127447005,0.505235811323613,2.8998037534813738e-15,0.2979505525072843,0.29794911493262943,2.4645066612783804e-15,0.2532244192401666,0.2532231974635864
167.98286780804264,0.5037359776031105,2.8506231949761764e-15,0.2974228199240524,0.297421390631184,2.4227087244711272e-15,0.2527759059691608,0.2527746912311666
168.70012387264322,0.5022997522547136,2.8011039748015665e-15,0.2961392556184988,0.29613784312885266,2.3806229633794946e-15,0.2516850208437732,0.2516838203866258
169.42044248921084,0.5008591150215783,2.751552929934612e-15,0.29475956609123527,0.2947581705489251,2.338510154882953e-15,0.250512440104006,0.2505112540501858
170.14383673428088,0.4994267102048663,2.7097063945717624e-15,0.295470540706308,0.2954691403952951,2.3029453119071652e-15,0.2511166884683109,0.25111549836163044
170.87031974022383,0.4980463924935747,2.6616637043413454e-15,0.2942473263712251,0.2942459420428657,2.2621144350050822e-15,0.25007709402218203,0.25007591749895725
171.59990469548228,0.49660019060903543,2.6131089623370144e-15,0.29270934016937167,0.29270797556325845,2.2208483717541936e-15,0.2487699789338346,0.24876881917229832
172.33260484481175,0.4951680507948577,2.5678658382760333e-15,0.2919956036764143,0.2919942492769622,2.182396810854092e-15,0.24816338328432586,0.24816223219730224
173.06843348951995,0.4937699763699121,2.5228551388874302e-15,0.29089064160811773,0.2908893027643765,2.1441427847535895e-15,0.24722428994930018,0.24722315208287918
173.80740398770868,0.4923659324233535,2.479102939589861e-15,0.2898758404562143,0.2898745130068699,2.1069583420184613e-15,0.2463618232407388,0.24636069505827202
174.54952975451695,0.49095589346641777,2.4382565014483464e-15,0.28935998634924187,0.28935866718760167,2.072243469065972e-15,0.24592340533699097,0.24592228419813955
175.29482426236325,0.48956931632774614,2.3924522215487517e-15,0.2872039381973329,0.28720264400604145,2.033314988891379e-15,0.24409100718727575,0.24408990727040897
176.04330104119157,0.488217728021736,2.3528155445069614e-15,0.2869050668859819,0.28690377879875223,1.9996282766498498e-15,0.2438370002266994,0.24383590549759784
176.79497367871545,0.48678955001044066,2.3137494391596216e-15,0.28662300672858276,0.28662172409999054,1.9664264861000122e-15,0.24359728085398089,0.24359619076410646
177.54985582066635,0.4854102595228006,2.2727222859844136e-15,0.2855652731669929,0.28556400398999787,1.931558025718099e-15,0.24269832643154238,0.24269724777401086
178.30796117103986,0.48404566989212827,2.233077674226483e-15,0.2846378184626326,0.2846365610206788,1.897864569861331e-15,0.24191009436784297,0.24190902568377506
179.06930349234514,0.48267525371377873,2.1952090521489445e-15,0.28403712272725934,0.28403587418384557,1.865680505249551e-15,0.24139957063345177,0.24139850951214092
179.8338966058553,0.4812989861094604,2.1542660382389344e-15,0.28185381246005614,0.2818525871299683,1.830883553768647e-15,0.23954400275555665,0.2395429613629589
180.60175439185704,0.47997701753384303,2.1214957925732925e-15,0.28245739357592603,0.28245616301455967,1.803032535009966e-15,0.2400569787384649,0.24005593289986948
181.372890789904,0.4786287965781728,2.083707605243073e-15,0.2810307979308817,0.28102958495876784,1.7709168308761418e-15,0.2388445330803953,0.23884350219068387
182.14731979906853,0.47724955634158356,2.046166706654924e-15,0.27956138160284477,0.27956018686571166,1.7390112943274032e-15,0.23759569466355737,0.2375946792715263
182.92505547819712,0.4759274056870649,2.0125490809041854e-15,0.2795575655091605,0.27955637179622306,1.710440097914683e-15,0.23759245141363275,0.23759143689205267
183.7061119461644,0.4745996096915205,1.9763076994687728e-15,0.2782784930926156,0.27827731389781607,1.6796390046150848e-15,0.23650538388809836,0.23650438170530066
184.49050338213007,0.4732661442503789,1.941638654263419e-15,0.27735882520669186,0.27735765761301323,1.6501742200598617e-15,0.235723769743244,0.23572277742009276
185.2782440257967,0.4719269851561456,1.9089146368920486e-15,0.2765966732166409,0.2765955154981501,1.6223624901458258e-15,0.23507602637297897,0.2350750424426254
186.06934817766717,0.47058904291573256,1.874539787181105e-15,0.2749604968166118,0.2749593569992614,1.5931477386332944e-15,0.2336854606727804,0.23368449195638044
186.86383019930554,0.4693178716811111,1.847272279992497e-15,0.2759944178591479,0.27599326902954624,1.5699734279503381e-15,0.2345641771354055,0.2345632007596068
187.66170451359633,0.4680412727782458,1.8157952203189772e-15,0.2753470721066406,0.27534593071820396,1.5432214716671885e-15,0.23401400613942375,0.23401303608777738
188.46298560500801,0.4667129244714864,1.7820123232820885e-15,0.27365953700187345,0.2736584162962721,1.5145098132714305e-15,0.23257979132338774,0.2325788388498224
189.26768801985443,0.46537169916823296,1.7483525186257211e-15,0.2715933479936749,0.27159224874705934,1.4859027695384352e-15,0.2308237633273373,0.23082282909149351
190.0758263665595,0.4640786778135048,1.7196308313034753e-15,0.27152231944503413,0.27152122116569866,1.4614925694882252e-15,0.23076339705908347,0.23076246364531885
190.8874153159231,0.46278013549452307,1.6900349917201158e-15,0.2707263059257767,0.2707252182594855,1.4363394384490132e-15,0.23008687520193283,0.23008595080806077
191.7024696013859,0.4615462955979211,1.6636416359202795e-15,0.2709049851707258,0.27090389764027795,1.4139080580136667e-15,0.23023873244016166,0.23023780816174116
192.52100401929846,0.4602663935691224,1.633389095063968e-15,0.2692187310596189,0.269217661055006,1.3881968048395628e-15,0.22880560632449207,0.22880469694105773
193.3430334291882,0.45898544985621764,1.605610574762386e-15,0.2684699844372551,0.26846892124845756,1.3645881905526425e-15,0.22816925600726456,0.22816835241650582
194.16857275403092,0.45774714086895363,1.5784484598306246e-15,0.26792996593783236,0.267928911034485,1.3415034514204277e-15,0.2277103010909385,0.2277094045418795
194.99763698052004,0.45650354452921993,1.5505187394270734e-15,0.26692567208662793,0.26692462944594486,1.3177663340725532e-15,0.2268567644048084,0.22685587827763323
195.83024115933955,0.45517161414505675,1.5236107031295431e-15,0.26614976555014314,0.2661487315357022,1.2948975331691923e-15,0.22619733121889005,0.22619645242304925
196.66640040543763,0.45396703943238736,1.496991206712352e-15,0.26527380339860085,0.26527277646314495,1.272273958673407e-15,0.22545286202682427,0.22545198924732365
197.50612989829972,0.4527408051525504,1.4718438913320218e-15,0.26457673219087263,0.2645757153552589,1.2509015722856432e-15,0.22486042999318437,0.22485956579741231
198.3494448822257,0.4514758326766614,1.4459309624524416e-15,0.2633344866755537,0.2633334836228922,1.2288785006345743e-15,0.22380466118683973,0.2238038087050251
199.19636066660502,0.45022509506675296,1.4228560371685064e-15,0.2632305113960491,0.26322951046595583,1.2092674124695611e-15,0.22371629390728165,0.22371544322941103
200.04689262619618,0.4490296610607057,1.3980498077349533e-15,0.26227082217218645,0.2622698292924042,1.1881849107289538e-15,0.22290066613173753,0.22289982229572475
200.90105620140457,0.44774841569789314,1.3730365688834226e-15,0.26105125182186995,0.26105027311051054,1.1669264742931308e-15,0.22186416866233322,0.22186333686788437
201.75886689856318,0.4465375863420115,1.35091811530087e-15,0.2611239496438372,0.26112297325137157,1.1481282793718593e-15,0.22192595362494788,0.22192512380129767
202.62034029021487,0.4453315235936992,1.326305322085602e-15,0.25973402626964903,0.2597330631804567,1.1272101766351235e-15,0.2207446752676656,0.22074385675029976
203.48549201539356,0.444120311178449,1.3040893696281822e-15,0.2594259580070568,0.2594249965605464,1.1083291186489676e-15,0.22048285193414677,0.22048203481287557
204.3543377799098,0.4429039271081263,1.2822197743146745e-15,0.2587607273198716,0.2587597751576227,1.0897424252339751e-15,0.21991748075760198,0.21991667152690766
205.22689335663426,0.44168234930071204,1.258440494518384e-15,0.256844589149126,0.2568436547361877,1.0695327150465175e-15,0.21828897907707867,0.21828818493129964
206.1031745857857,0.44046587303847856,1.2383139769531826e-15,0.2567368161141931,0.2567358847154867,1.0524274414402518e-15,0.2181973841330486,0.2181965925490273
206.98319737521712,0.4393218434122177,1.2166279374562125e-15,0.2558525591760447,0.25585163397736266,1.0339967498002177e-15,0.21744586530639282,0.21744507899169402
207.8669777007051,0.4380862312190128,1.1960804189411576e-15,0.25535615897233066,0.2553552416109473,1.016533672792921e-15,0.21702398102982945,0.21702320137595207
208.75453160624048,0.43691910891188734,1.1745721109311334e-15,0.25408846787595085,0.2540875628421509,9.982540329035342e-16,0.21594658634485447,0.21594581716803485
209.64587520431814,0.4357603622343864,1.1538665333177502e-15,0.2530471522432498,0.253046258092978,9.806566234607273e-16,0.21506158531324882,0.21506082538620255
210.54102467623133,0.43459666792089924,1.134345382258045e-15,0.2525483150954867,0.2525474235371012,9.640658432175105e-16,0.2146376299086531,0.21463687218441835
211.43999627236346,0.4334280048459275,1.1160203762419351e-15,0.25227455922725495,0.2522736727708807,9.484916515707655e-16,0.21440496824663158,0.21440421485853195
212.342806312485,0.4322543517937695,1.0962665902816308e-15,0.2510234518402379,0.25102257772017333,9.31703157857634e-16,0.21334166784722478,0.21334092494359927
213.24947118604828,0.43107568745813724,1.0779026507857375e-15,0.2504412856183367,0.2504404185297821,9.160958771371344e-16,0.21284689211278954,0.2128461551851557
214.16000735248545,0.4299079911770175,1.0598319166628156e-15,0.2499705604201603,0.2499696954126987,9.00737787967595e-16,0.21244682869982773,0.21244609354088856
215.07443134150822,0.42880323925603925,1.0415389993498656e-15,0.2491729161423562,0.24917206088082228,8.851908681052234e-16,0.2117689208815422,0.21176819400554414
215.99275975340615,0.427609412320572,1.0236998463620341e-15,0.24858696402893324,0.24858611522478985,8.700295968235745e-16,0.21127092756561955,0.21127020617767633
216.91500925934992,0.4265019888887801,1.0057297526138146e-15,0.24773256801228363,0.24773172911353075,8.547570406400347e-16,0.21054478715978187,0.21054407419030519
217.8411966016924,0.4253905640779691,9.888406149318793e-16,0.24714173508105128,0.2471408992153687,8.404031753929791e-16,0.21004264569832032,0.21004193530661186
218.77133859427317,0.4241972598274449,9.71166716300955e-16,0.24576108526597001,0.24576026199317746,8.25382351706418e-16,0.20886924882204017,0.20886854913287023
219.70545212272467,0.42305345745273043,9.546457470022286e-16,0.24496836932129495,0.24496755455791772,8.113413881278984e-16,0.20819552953196482,0.20819483707483968
220.64355414477677,0.42192773502626785,9.399025504791e-16,0.24535414443857678,0.24535332947555943,7.988113312245079e-16,0.20852339494187577,0.20852270231507905
221.58566169056678,0.42085577214037656,9.228495031030507e-16,0.24390393908588942,0.24390313396079438,7.843181611943247e-16,0.2072908836908545,0.20729019942518392
222.53179186294668,0.419761849764464,9.072504079772283e-16,0.24342162798052427,0.24342082801366938,7.71060686856156e-16,0.20688097356140042,0.20688029367965316
223.48196183779532,0.4186216457946456,8.91185730182788e-16,0.2424488384479117,0.2424480490040895,7.574075196760813e-16,0.20605421199856458,0.20605354106021012
224.4361888643288,0.41752019224923825,8.7610263303705305e-16,0.24198207060676497,0.24198128655858195,7.445885855176077e-16,0.20565751189346412,0.20565684554079544
225.39449026541413,0.416426611681503,8.626793433808178e-16,0.2424415028357105,0.2424407142832583,7.331803008244299e-16,0.206047977554212,0.2060473073734217
226.3568834378846,0.41530742821832695,8.469192050910439e-16,0.24061971043320948,0.24061893636155512,7.197859579309891e-16,0.20449965915299612,0.2044990012792534
227.32338585285368,0.41424427556186094,8.323359672655606e-16,0.23983001568416834,0.23982924958478585,7.073918479086257e-16,0.20382850753901124,0.20382785644080187
228.29401505603443,0.4131471819327587,8.187654228468053e-16,0.23961172155305044,0.23961095944214328,6.958584132487649e-16,0.20364298210832918,0.20364233439987475
229.2687886680558,0.4120043324651386,8.03828252475041e-16,0.23824776823526694,0.23824701633980405,6.831635004162439e-16,0.20248377537466158,0.2024831363481845
230.24772438478465,0.4109275031767369,7.909529915541986e-16,0.23823066349481886,0.23822991187394008,6.72220978437983e-16,0.20246923827134103,0.20246859947822948
231.23083997764516,0.40986916002235485,7.774997542445858e-16,0.23768736631815618,0.23768662155456066,6.607872416116566e-16,0.20200749684855285,0.20200686388335995
232.21815329394224,0.40886003137666355,7.634699662882997e-16,0.23652061958466564,0.2365198850852371,6.48863501657503e-16,0.2010158935053059,0.20101526926349916
233.20968225718627,0.4077693495170951,7.498120927253876e-16,0.23522990025580276,0.2352291772563743,6.372558470587102e-16,0.19991892741578884,0.19991831294768722
234.20544486741676,0.40669455513258324,7.385402177774912e-16,0.23571211568328437,0.2357113871346112,6.276760226099569e-16,0.2003287562298156,0.20032813704548086
235.20545920153108,0.40567399487831585,7.259704022011799e-16,0.23492370667100376,0.23492298577102627,6.169930947802136e-16,0.19965869734729821,0.19965808466349352
236.20974341361062,0.40459025658638936,7.131723711659479e-16,0.23377649675429113,0.23377578666721588,6.061162095083362e-16,0.19868369809839093,0.19868309460433556
237.2183157352524,0.4035598526912224,7.004602086906251e-16,0.2327741427787698,0.23277344093304125,5.953123028432478e-16,0.19783181008815387,0.19783121359831518
238.23119447589823,0.4024688055241018,6.88002052171163e-16,0.2316767062382799,0.23167601160392917,5.847242726385822e-16,0.1968991126043602,0.19689852224338059
239.24839802316794,0.4014516019768321,6.768857531867585e-16,0.23169641935852942,0.2316957256139145,5.752766702403384e-16,0.19691586653679827,0.19691527693199393
240.2699448431938,0.4004300551568062,6.654989186530647e-16,0.23125507457081418,0.23125438591455266,5.655991430885538e-16,0.1965407731643799,0.196540187884103
241.29585348095418,0.3994041465190458,6.540047871793865e-16,0.23034278455302296,0.2303421039409489,5.558304256198352e-16,0.1957654293766615,0.1957648509330381
242.326142560612,0.398373857439388,6.435656766386074e-16,0.23010836164663998,0.23010768213480082,5.469583571446203e-16,0.195566196303167,0.19556561879461934
243.360830785851,0.397339169214149,6.316633608666347e-16,0.22856175112453583,0.2285610822963584,5.368427289854909e-16,0.19425175151373844,0.19425118308510028
244.39993694021726,0.3963000630597827,6.209914217883869e-16,0.2278516184584669,0.2278509566882852,5.277727824708267e-16,0.19364821871128,0.1936476562811434
245.44347988745832,0.3953008681012875,6.110536972862322e-16,0.227939898952846,0.22793923900024868,5.193268356704247e-16,0.19372324719077516,0.19372268630538067
246.49147857186657,0.39430852142813344,6.004379657686887e-16,0.22715367706323553,0.22715302201518922,5.103046592531691e-16,0.19305504711624888,0.19305449039917047
247.54395201862368,0.3932560479813763,5.906075187038838e-16,0.22696548073499956,0.22696482711774058,5.019498861946578e-16,0.19289510142888683,0.19289454592781652
248.6009193341445,0.39225917259926996,5.79660777684182e-16,0.22550714744509176,0.225506505674494,4.92646388973525e-16,0.1916556823464655,0.19165513691372327
249.66239970642565,0.39130384026421694,5.70535268578455e-16,0.2255653862770846,0.2255647462912424,4.84890733801474e-16,0.19170517879574042,0.19170463487983944
250.72841240539208,0.39027158759460795,5.613005443842901e-16,0.22523202741864462,0.2252313896901026,4.770422581022946e-16,0.19142186130357045,0.19142131930612039
251.79897678324866,0.3892809208950762,5.509723122574692e-16,0.22366695695874145,0.22366632881569226,4.682644237936036e-16,0.19009172764567353,0.19009119379481304
252.87411227483005,0.38831329895265293,5.418513344859197e-16,0.22328088265603663,0.2232802591962802,4.605126197453578e-16,0.18976360796184244,0.18976307809125345
253.95383839795394,0.38734154544184146,5.325445236411227e-16,0.22250709855008322,0.22250648169387616,4.526028785103781e-16,0.18910597860288184,0.18910545434456622
255.03817475377636,0.38636564272160123,5.234846712882574e-16,0.2221030612469477,0.22210244840475313,4.449030241850539e-16,0.1887625923913884,0.18876207154453142
256.1271410271456,0.3853855730755689,5.147196047601556e-16,0.2216863601826316,0.2216857494291811,4.3745370461674816e-16,0.18840844340888024,0.1884079243372205
257.2207569869619,0.38440131871173433,5.064260692923021e-16,0.22161919151659987,0.2216185816380544,4.3040513335342223e-16,0.18835135760620628,0.18835083927811733
258.3190424865336,0.3834128617621198,4.96864750168726e-16,0.21980712047312564,0.2198065237404805,4.222790887401025e-16,0.18681130126550033,0.18681079410994636
259.4220174639405,0.3824623860288476,4.889292601506999e-16,0.21964674300550008,0.21964615018078645,4.1553481579181967e-16,0.1866749984771452,0.18667449464289299
260.52970194239344,0.3815232682518459,4.810253150219358e-16,0.2194323289525654,0.21943173612286473,4.088173524473323e-16,0.186492770676007,0.18649226683751638
261.6421160305985,0.3805220955724613,4.728840031772256e-16,0.2187800028061928,0.21877941450139643,4.0189815412270623e-16,0.18593836690605148,0.18593786691321998
262.7592799231234,0.37959257606150126,4.64409363472276e-16,0.21750751241724414,0.21750693436005664,3.946956646508901e-16,0.18485689336281197,0.18485640207929407
263.88121390076157,0.3786950288793907,4.564061439153527e-16,0.21694231676500653,0.21694174305913583,3.8789382922115416e-16,0.18437654070163864,0.18437605311625008
265.0079383309029,0.3776936493352777,4.484461215526323e-16,0.2161269942796456,0.2161264260277449,3.811287065423186e-16,0.1836836083975647,0.18368312544743648
266.13947366790137,0.3767884210656789,4.409501263531588e-16,0.2157211633960253,0.21572059822339493,3.7475795470097963e-16,0.18333869784462334,0.18333821751152815
267.27584045344815,0.37585174359189666,4.3403080744154573e-16,0.21582582045553128,0.2158252549824502,3.6887731276832905e-16,0.18342764456041147,0.18342716397196704
268.417059316943,0.3748663525464456,4.2634201254507056e-16,0.21463799577465226,0.21463743938396024,3.623427028945344e-16,0.18241812733534318,0.18241765446590671
269.56315097586935,0.37394947921930455,4.190255872308741e-16,0.2137552973203385,0.21375474770750097,3.561245652354134e-16,0.18166793304445547,0.18166746593543212
270.71413623617144,0.3730286910110629,4.1226074050742953e-16,0.21362285879101625,0.21362230941404284,3.50375207268537e-16,0.18155537520762507,0.18155490829905965
271.8700359926299,0.3721039712058961,4.0514770255095934e-16,0.21290622268840415,0.21290567799743837,3.443299259612758e-16,0.18094631521641713,0.18094585229043056
273.03087122924325,0.37117839013952975,3.983480893946956e-16,0.212442283014581,0.21244174296983415,3.3855102044133855e-16,0.18055201873507915,0.18055155975785545
274.19666301960683,0.37034266958431455,3.9178401697733636e-16,0.21225645440266827,0.21225591679193123,3.329722980266669e-16,0.18039408533997775,0.18039362843138831
275.3674325272976,0.36940605397816195,3.8484370008462257e-16,0.21124718155162292,0.21124664984919556,3.270738101745352e-16,0.17953631706463755,0.17953586517744607
276.5432010062561,0.36846543919499514,3.780482038526413e-16,0.2102795370130693,0.21027901131413468,3.2129840357665635e-16,0.17871392816740547,0.17871348138250678
277.7239898011733,0.3675932071391787,3.7208143480323725e-16,0.21020280902841187,0.21020228426803428,3.162273217660644e-16,0.17864871802031615,0.17864827203308523
278.909820347879,0.36667214372169676,3.661799427967417e-16,0.2101246481106035,0.21012412531760274,3.112117180914956e-16,0.17858229004140236,0.17858184572622024
280.10071417372905,0.36581942866101674,3.597850364860379e-16,0.2090807257009487,0.20908020990362286,3.0577676781871953e-16,0.17769507354291922,0.17769463517327302
281.296692897998,0.3648923149714014,3.533837506976575e-16,0.20802042613033872,0.20801991594247785,3.003363957082724e-16,0.1767939383017562,0.1767935046995236
282.4977782322699,0.36405155523741106,3.4751248316130614e-16,0.20769961019220357,0.20769910310463774,2.9534647942993327e-16,0.17652128087946367,0.17652084991213277
283.7039919808343,0.3631368064153326,3.41754169750002e-16,0.20729768730478,0.2072971841388903,2.9045256143881055e-16,0.17617969168323394,0.17617926404888617
284.9153560410802,0.3622592507712438,3.3599068270904877e-16,0.206913023888882,0.20691252275687727,2.8555424644505695e-16,0.17585277109431738,0.17585234518854276
286.1318924038944,0.3614076753172739,3.303244716214216e-16,0.20641365236280912,0.2064131549434518,2.807386050579798e-16,0.17542836152833144,0.17542793877788906
287.3536231540618,0.3605524637921568,3.2483770333773063e-16,0.20595198722555633,0.205951492737721,2.760754698482908e-16,0.17503599814695656,0.1750355778879778
288.5805704706639,0.3596936006705353,3.1922254739038435e-16,0.20498023445389107,0.20497974672244434,2.71303219581445e-16,0.1742101177141826,0.17420970319737336
289.8127566274841,0.3588310703607612,3.14075706731431e-16,0.2047903364249455,0.20478985090951868,2.669289845756104e-16,0.1740487257728355,0.17404831313939365
291.0502039934096,0.3579648572046133,3.085853408227015e-16,0.20388157385253203,0.20388109327386134,2.6226279178974518e-16,0.17327637991648412,0.17327597147872906
292.2929350328398,0.35709494547701215,3.03631172632939e-16,0.20370315308491363,0.20370267432330075,2.5805230668705335e-16,0.17312474235488085,0.1731243354614203
293.54097230609216,0.3562213193857355,2.9846286905715897e-16,0.20324982749666906,0.20324935171506453,2.5365983061872397e-16,0.17273946665109732,0.17273906229030833
294.79433846981243,0.3553439630711313,2.930814026868383e-16,0.20209585571917876,0.20209538687068856,2.490861901779947e-16,0.1717587205819408,0.17175832211351832
296.05305627738704,0.35456286060582903,2.8835064284562247e-16,0.20201312100821045,0.2020126530897578,2.450655770149186e-16,0.171688405393868,0.17168800771587267
297.31714857935407,0.35367799599445215,2.8351119065742566e-16,0.20153861472808887,0.20153815044229328,2.409525875960897e-16,0.1712851284870173,0.17128473389637142
298.58663832382035,0.3528480170057078,2.7911099342959274e-16,0.2015200347723629,0.201519570267503,2.3721291543175317e-16,0.1712693376168255,0.1712689428399996
299.86154855687573,0.35199691601018696,2.73782405611484e-16,0.1996541252281271,0.1996536718443912,2.326842158060734e-16,0.16968352461289676,0.16968313928777404
301.14190242301385,0.3512006683038903,2.692866660845601e-16,0.19931017663047784,0.19930972514314022,2.2886334344594404e-16,0.1693912070348447,0.16939082332144695
302.42772316555016,0.35034336610066985,2.651690863965389e-16,0.19965006896506643,0.19964961696367273,2.253638643666133e-16,0.1696800772460462,0.16967969309575867
303.71903412704484,0.3495685795237731,2.6057478590598396e-16,0.19885109094511655,0.1988506436536137,2.2145922628574533e-16,0.1690010358971213,0.16900065574971063
305.01585874972744,0.34869048475016357,2.5629160773198947e-16,0.1986008439852547,0.19860039876828928,2.178190071403709e-16,0.1687883541600197,0.16878797577573224
306.3182205759203,0.3479090676544478,2.521501498547542e-16,0.19856783792594168,0.19856739332842194,2.1429923428898516e-16,0.16876030272621426,0.1687599248683859
307.6261432484684,0.34706169972607215,2.4753615581445626e-16,0.19726448278206013,0.19726404522671984,2.1037785890840595e-16,0.16765259761677326,0.16765222574400443
308.93965051116606,0.3462362096933004,2.434497240589465e-16,0.19675481732114009,0.1967543839174421,2.0690485206433163e-16,0.16721943936530437,0.167219071020964
310.25876620919064,0.34544474027448563,2.3953785748246957e-16,0.1965262326340188,0.19652580022198723,2.0358020596571707e-16,0.16702516812077609,0.1670248006192405
311.5835142895329,0.3446498914262803,2.352670234944139e-16,0.19539318309805045,0.1953927573443558,1.9995047798838727e-16,0.16606220360098747,0.16606184175828853
312.91391880143294,0.3438516487191402,2.314355561089783e-16,0.19518326208473658,0.19518283673113762,1.9669416214889624e-16,0.1658837943775932,0.16588343287493057
314.2500038968177,0.3430499976619094,2.276953535554826e-16,0.19499859679179912,0.1949981742274166,1.9351541113977912e-16,0.16572684967262657,0.1657264905404838
315.5917938307371,0.34224492370155774,2.237653694293973e-16,0.19426748488241577,0.19426706615272435,1.9017536716410405e-16,0.1651054868756952,0.1651051310026081
316.93931296180705,0.3414364122229158,2.1962789611580713e-16,0.19290723894443754,0.19290682763638925,1.8665898074313929e-16,0.1639494309973967,0.16394908143187054
318.29258575264885,0.34072444854841066,2.1625433446744308e-16,0.1932683482513094,0.19326793605733217,1.8379183321819217e-16,0.16425633324592537,0.16425598292745938
319.6516367703361,0.3399090179377983,2.1248804523111427e-16,0.19245403602367814,0.19245362783233022,1.8059091146612883e-16,0.16356425954716272,0.16356391263048092
321.0164906868383,0.33909175465658087,2.091043041761649e-16,0.19226735260778757,0.19226694576540632,1.7771511259182499e-16,0.16340559966493445,0.16340525389472244
322.3871722794698,0.33836769663231814,2.0560803109054351e-16,0.19168928887550246,0.19168888622994495,1.7474367416299423e-16,0.16291431058471662,0.16291396838133218
323.7637064313404,0.3375417761411958,2.0227822070455335e-16,0.1914418706034623,0.19144146889126917,1.719137102845026e-16,0.1627040329137422,0.16270369150361236
325.14611813180505,0.336812329120917,1.9848033892838007e-16,0.1898853348529297,0.1898849401876111,1.6868593843101433e-16,0.16138115279776877,0.16138081737668883
326.53443247691985,0.33603278376154005,1.9534860518414105e-16,0.18995632829738876,0.18995593505153155,1.6602431739381096e-16,0.16144148923142101,0.1614411550167234
327.9286746698952,0.3352427951980629,1.9240547189505307e-16,0.19032661325231653,0.19032622004136734,1.635229855063412e-16,0.16175618974758357,0.16175585556255384
329.32887002155604,0.3345026779870664,1.888588462710071e-16,0.18904164714037244,0.18904125941150493,1.605087530897412e-16,0.16066411324461288,0.16066378371873527
330.7350439507986,0.3337324780246007,1.8571068567976685e-16,0.18866290481467,0.18866251962302089,1.5783317108231363e-16,0.16034222491562472,0.16034189754609704
332.1472219850534,0.33301166680896793,1.826292920594093e-16,0.18820617563228015,0.18820579229680212,1.5521433348191577e-16,0.15995405654007563,0.15995373074808436
333.5654297607494,0.3322172851196253,1.7978047814058846e-16,0.1881980495749397,0.18819766645519412,1.5279316243844515e-16,0.15994715030636192,0.15994682469771893
334.9896930237769,0.33150515348811155,1.7676699231245047e-16,0.18764029249196856,0.18763991316441525,1.502320388147524e-16,0.15947311959145327,0.15947279720574667
336.4200376299579,0.33078998118502106,1.7372021764621443e-16,0.18684021649204352,0.186839841259637,1.476426234271289e-16,0.1587931450831863,0.15879282617789336
337.8564895455126,0.3299861062726924,1.707909029607708e-16,0.18634463801734563,0.1863442646428151,1.4515303579672834e-16,0.15837195918375677,0.15837164185744923
339.29907484753375,0.32925046257623314,1.6797609615325928e-16,0.18596465002250306,0.18596428043289542,1.4276076696853766e-16,0.15804901217626668,0.1580486980667174
340.74781972445726,0.32852609013777134,1.64985119864154e-16,0.185019844305469,0.1850194788099789,1.4021877391836105e-16,0.15724603370558607,0.15724572307557572
342.20275047653894,0.3277986247617305,1.6253171428385643e-16,0.18555949282405027,0.18555912623091306,1.3813365543811843e-16,0.15770467417985812,0.1577043626169713
343.6638935163329,0.3270680532418336,1.597470009749933e-16,0.18487445014570053,0.1848740868703233,1.3576696269513388e-16,0.15712246504173075,0.15712215629856632
345.13127536916875,0.32633436231541557,1.5687272973391063e-16,0.1836715572131687,0.18367119887046254,1.333241557943342e-16,0.15610014149950127,0.15609983694855184
346.60492267363554,0.3256580309305458,1.5446952166149594e-16,0.18380499645366516,0.18380463842507186,1.3128169954335741e-16,0.1562135498281458,0.15621324554415691
348.0848621820631,0.3249575689089685,1.5194667905920507e-16,0.18340841290677318,0.18340805725255216,1.2913756741329924e-16,0.15587649847013743,0.15587619620409762
349.57112076101,0.32421443961949503,1.491473656356373e-16,0.1820606870708928,0.18206033813738898,1.2675846621684543e-16,0.1547310832688099,0.15473078671462293
351.0637253917491,0.3234745098433004,1.4683463148961585e-16,0.18225749091504492,0.18225714094400586,1.247929026155869e-16,0.15489834437546093,0.15489804693948583
352.5627031707583,0.3228186484146208,1.446201462102598e-16,0.18258575348478578,0.18258540264409823,1.2291083948778946e-16,0.15517733059609862,0.1551770324210202
354.06808131021376,0.3220727674759145,1.4203357996130752e-16,0.181564205067859,0.18156385889043003,1.2071254943359952e-16,0.15430912947203568,0.15430883526020198
355.579887138481,0.32141005643075954,1.3967721528117386e-16,0.18119591903849447,0.1811955762620514,1.1870990479131348e-16,0.1539961278175151,0.15399583649613646
357.09814810061414,0.3206607407597543,1.3726963394632054e-16,0.1805473387433679,0.18054699862008824,1.1666373175971022e-16,0.15344490759932125,0.15344461853283275
358.6228917588513,0.3199885541205743,1.3516942072465218e-16,0.18063863373251537,0.18063829208840368,1.1487878701346918e-16,0.15352249805992577,0.15352220770090128
360.15414579311766,0.3193229271034412,1.3291847374468015e-16,0.18010499978940525,0.18010466202664044,1.1296573554587747e-16,0.1530689692975396,0.15306868223722292
361.6919380015255,0.3186232247993898,1.3060600645265725e-16,0.1792114694776108,0.17921113523085502,1.1100039874046891e-16,0.1523095691475026,0.1523092850753977
363.2362963008801,0.317905481479648,1.284817906127946e-16,0.17897012885005834,0.17896979729431,1.0919505447155088e-16,0.15210445678997633,0.1521041750049247
364.78724872718726,0.31720637563640636,1.2626777776117028e-16,0.1782277422112737,0.1782274136197347,1.0731339285412823e-16,0.15147351174263227,0.15147323247682482
366.34482343616014,0.31656207062553593,1.2416653070198579e-16,0.17787903653802917,0.17787870872943243,1.0552756946241261e-16,0.15117715118598943,0.15117687258559473
367.9090487037329,0.31584547564813353,1.2239023263177977e-16,0.1786000878086925,0.17859975885668394,1.0401791612080872e-16,0.1517899635728758,0.15178968400070983
369.47995292657146,0.31520801882937144,1.2014554022003528e-16,0.17736989891147067,0.17736957530206576,1.0211018033192168e-16,0.15074444153429165,0.15074416650273714
371.05756462259166,0.3144769741509633,1.1816910474538786e-16,0.17707484081321295,0.17707451961024145,1.0043043273279276e-16,0.150493675375462,0.15049340238910494
372.64191243147457,0.3138432350274102,1.161136119853039e-16,0.17605747163515129,0.17605715460200708,9.868349534320054e-17,0.14962902613383589,0.14962875669136247
374.2330251151874,0.3132067899539251,1.1427226368184465e-16,0.1759294823077183,0.175929165058753,9.711855662824067e-17,0.14952024961761387,0.14951997999171684
375.8309315585069,0.31256762737659727,1.1230278528835298e-16,0.17515189025530706,0.17515157780881563,9.544472176469972e-17,0.1488593839329537,0.14885911838861868
377.43566076954085,0.31182573569218364,1.1040590239047376e-16,0.17466923477010055,0.1746689242673124,9.38325848978942e-17,0.148449181119413,0.14844891722700687
379.04724188025807,0.31118110324789683,1.0878955935479492e-16,0.17511108615929602,0.17511077544739934,9.24588753240794e-17,0.14882470504604423,0.1488244409759194
380.66570414701386,0.3105337183411945,1.0691561592408082e-16,0.1744157621291943,0.17441545231980737,9.0866234421291e-17,0.14823375791664786,0.14823349461355473
382.29107695108434,0.3098835692195663,1.049538278006244e-16,0.1732340981755301,0.1732337939195197,8.919893542132567e-17,0.14722947661599028,0.14722921803264186
383.92338979919725,0.30923064408032114,1.0331794060120376e-16,0.173381657266374,0.1733813530594407,8.780861550907923e-17,0.14735488522748008,0.14735462668584165
385.5626723240685,0.3085749310703726,1.016409363164027e-16,0.17310137596395564,0.17310107411851589,8.638335070420313e-17,0.14711667768118925,0.1471164211465544
387.2089542849416,0.3079373137145175,9.99635528668887e-17,0.17269075281134755,0.1726904536016253,8.495776365201645e-17,0.14676769423923636,0.14676743994466462
388.8622655681249,0.30735509377275005,9.833897914364945e-17,0.17224237022683236,0.17224207051773016,8.357705892058275e-17,0.14638661953202137,0.1463863648130329
390.5226361875374,0.30669094552498505,9.670928800048128e-17,0.1718299127347372,0.17182961579464603,8.219200495845084e-17,0.14603607710805822,0.14603582474241736
392.19009628525043,0.30602396148589983,9.510493927930822e-17,0.17130386359394778,0.17130357000320362,8.08284892013595e-17,0.14558899457356644,0.14558874505449335
393.86467613203814,0.30544059716038857,9.351865731059377e-17,0.17094023598471614,0.1709399443951964,7.948032814947139e-17,0.14527995205160257,0.14527970423334494
395.546406127924,0.3047814375488304,9.204531523363245e-17,0.17090379859839605,0.17090350817098082,7.822815328810238e-17,0.14524898437622194,0.14524873754562226
397.23531680273413,0.3041294049591797,9.043344281326534e-17,0.17016924063125233,0.1701689505880312,7.685824323389388e-17,0.14462469281823376,0.1446244463141558
398.93143881665253,0.30352742447333897,8.898724876962661e-17,0.16997473505769745,0.16997444813749268,7.562914114387493e-17,0.14445938498279617,0.14445914113293046
400.63480296077495,0.30290955911176753,8.753150153514266e-17,0.16968787948140973,0.1696875936258554,7.4391919917364e-17,0.14421559004400517,0.14421534709897244
402.3454401576712,0.30229636795269865,8.616837486814949e-17,0.16971771589235846,0.1697174309975864,7.323341574378407e-17,0.14424094763361567,0.1442407055051397
404.0633814619431,0.3016746474152227,8.461693138088767e-17,0.16852762828970477,0.16852734867633545,7.191486347818219e-17,0.1432295071798527,0.1432292695399743
405.78865806079153,0.3010634025817625,8.324908253264222e-17,0.1681633447559866,0.16816306485371613,7.075234598227381e-17,0.14291990719593495,0.14291966931052313
407.52130127457986,0.30044360961762606,8.194192350565354e-17,0.1681681101336941,0.16816783127576734,6.964140800052378e-17,0.14292395723038626,0.142923720232549
409.26134255740357,0.2998215972327789,8.058784625585432e-17,0.1677742514404248,0.16777397424864915,6.849059481255916e-17,0.14258922169112803,0.1425889861093316
411.0088134976627,0.29929647460093495,7.926463969032867e-17,0.16747054184921098,0.16747026691754416,6.736601823006794e-17,0.14233110273747748,0.14233086907651904
412.76374581863223,0.29867087625441036,7.788777605310946e-17,0.16671708880831543,0.1667168178815547,6.619583917863218e-17,0.14169075249445903,0.14169052223721984
414.52617137904144,0.2980421485862876,7.6595141741496e-17,0.16636567148654124,0.16636539982415538,6.509724556941165e-17,0.1413920873419082,0.14139185645947044
416.2961221736489,0.2974815511305404,7.537388285601964e-17,0.1662506568988522,0.16625038693713454,6.405931303525705e-17,0.14129433789346238,0.1412941084564011
418.07363033382643,0.29687791089985205,7.409841728738928e-17,0.16562893136568554,0.16562866385083855,6.297531092430492e-17,0.14076594119898383,0.1407657138414871
419.85872812813994,0.29625650874874404,7.286749966764483e-17,0.16506587445670887,0.16506561036545359,6.19291695536335e-17,0.1402874062287515,0.1402871817809222
421.65144796293595,0.2957045656111192,7.175764537293859e-17,0.16517865704456003,0.165178392081069,6.098591837704332e-17,0.14038325872866694,0.1403830335395355
423.45182238293154,0.29506445328512054,7.055362690255322e-17,0.16464103666193386,0.1646407732519736,5.996263825437828e-17,0.13992634194158074,0.1399261180727755
425.2598840718021,0.2945220347784594,6.935127898437666e-17,0.16402702590289012,0.16402676569568767,5.894077791298006e-17,0.1394045019363931,0.13940428078957134
427.0756658527779,0.29396973365888884,6.829766309613114e-17,0.16429517313013037,0.16429491261346887,5.804532304921819e-17,0.1396323968851266,0.13963217547529952
428.8992006892368,0.293330239793229,6.707707060634817e-17,0.163621848896048,0.16362159115598277,5.700795687636424e-17,0.1390601471050841,0.13905992805505119
430.7305216853059,0.29278084349440825,6.60031454042471e-17,0.16315624951581292,0.16315599325679836,5.609524138273288e-17,0.13866444006018533,0.13866422226887873
432.56966208645963,0.2922291013740621,6.496198865959607e-17,0.16312438892814493,0.1631241320731869,5.5210375388078293e-17,0.13863736214829364,0.1386371438505022
434.41665528012436,0.2916750034159627,6.386318206656863e-17,0.16283618153802526,0.16283592712805958,5.427651351390091e-17,0.13839241831996496,0.1383922021001417
436.2715347962861,0.29111853956111416,6.280547317065114e-17,0.16201262669099253,0.16201237599548546,5.337758005450646e-17,0.13769248943546597,0.13769227637251422
438.13433430809596,0.2904596997075712,6.172515423869646e-17,0.16154261137383008,0.1615423625069048,5.245943061045838e-17,0.13729302934143062,0.1372928178325675
440.00508763248496,0.289898982473503,6.071377032591016e-17,0.16120689448652809,0.16120664637561644,5.159986817035215e-17,0.13700770779025112,0.13700749692391448
441.8838287307745,0.28943485138076763,5.978693977113512e-17,0.16129716155315477,0.16129691252944428,5.081216656351854e-17,0.137084424632461,0.13708421299034815
443.7705917092964,0.2888688224872111,5.875501004544692e-17,0.16060899551961927,0.16060875001235234,4.993514249598414e-17,0.1364995609941277,0.13649935234059588
445.66541082000884,0.28830037675399733,5.775992066278608e-17,0.16001700294618348,0.16001676024428285,4.90894285716571e-17,0.1359964339673735,0.1359962276980871
447.5683204611196,0.2877295038616641,5.682714618790184e-17,0.16023266154537413,0.16023241843220193,4.829667530203919e-17,0.1361797194926885,0.13617951287386762
449.47935517771197,0.2871561934466864,5.593412615280768e-17,0.15946153540790892,0.15946129497019976,4.75377088297383e-17,0.13552434910764527,0.1355241447626667
451.3985496623684,0.2866202900675263,5.51202897976524e-17,0.16001281717119914,0.16001257429348295,4.684603956899515e-17,0.13599287652997133,0.13599267011126154
453.3259387558044,0.28610221837325867,5.4152333473500544e-17,0.15902903815006855,0.15902879936507097,4.6023385689112816e-17,0.13515677513935428,0.13515657219899446
455.26155744749684,0.28552153276575093,5.3162271285427936e-17,0.15846789243682727,0.15846765650786662,4.5181944314104113e-17,0.13467986447028896,0.13467966395723893
457.20544087632334,0.285038367737103,5.2416064362797594e-17,0.15869490395819758,0.15869466725674364,4.454775245567001e-17,0.1348727987010735,0.13487259753149117
459.1576243311965,0.2844527127006411,5.1495300363015824e-17,0.15820187243327422,0.1582016372570837,4.376520673746299e-17,0.1344537774221559,0.1344535775488757
461.11814325170616,0.28396455702448814,5.062197164716171e-17,0.1572701425795117,0.1572699109528449,4.3022975669197024e-17,0.13366191196286303,0.13366171510627833
463.08703322876426,0.28338259335424715,4.993660794465322e-17,0.15849306851259742,0.1584928334118621,4.244049369668327e-17,0.13470126129976956,0.13470106149061778
465.0643300052473,0.2828807009984258,4.9025520689604144e-17,0.15734926910493097,0.15734903786878215,4.1666172121859956e-17,0.13372916059951492,0.1337289640748265
467.0500694766494,0.28238497915700517,4.8248873018551036e-17,0.1570028649399552,0.15700263554113456,4.100610905501317e-17,0.13343475606574173,0.1334345611025754
469.04428769172983,0.28179114246165404,4.736194136537417e-17,0.15612463883422947,0.15612441185301462,4.02523170217665e-17,0.13268836276755006,0.1326881698590764
471.0470208531715,0.2812905958293657,4.670982940929243e-17,0.15617683479561728,0.15617660869649833,3.969809528943953e-17,0.13273272345726145,0.13273253129846996
473.05830531823455,0.2807825084045296,4.586966698617273e-17,0.1557139491002936,0.15571372417699664,3.8984051835344244e-17,0.1323393227389659,0.1323391315794907
475.07817759941804,0.2802765467201746,4.5172706795687846e-17,0.15580741122452127,0.15580718588273865,3.8391714153860224e-17,0.1324187550203607,0.13241856350521986
477.10667436512415,0.27976799769046273,4.443594694080143e-17,0.15515811263096718,0.1551578897168779,3.776555123923189e-17,0.13186692432938668,0.1318667348775118
479.1438324403205,0.27925685026790387,4.3701899108380665e-17,0.15533129370213827,0.15533107044752648,3.714169323831509e-17,0.13201410873901995,0.13201391899773926
481.1896888072126,0.2787430933578362,4.301700062088496e-17,0.15465235338350822,0.15465213346490264,3.655960664617719e-17,0.13143708591950487,0.13143689901345382
483.244280605911,0.27822671581822667,4.229496803371685e-17,0.1544518306437247,0.15445161053193107,3.5945960250761796e-17,0.13126666417032926,0.13126647710009012
485.30764513510985,0.277738470972978,4.164691373398388e-17,0.15396043092520467,0.15396021239911,3.539518706942339e-17,0.13084902974310675,0.13084884402053318
487.3798198527604,0.2772240360294479,4.087166086467781e-17,0.15400133015221845,0.15400111304226666,3.473630942700149e-17,0.1308837894806564,0.13088360496164483
489.46084237675257,0.2767078315246495,4.0251788663407724e-17,0.1538648734753655,0.15386465677577854,3.420948785594263e-17,0.13076781667088397,0.13076763250063625
491.5507504855991,0.27623477485432024,3.958256262281279e-17,0.15303828864181726,0.15303807428779181,3.364072107889192e-17,0.130065312639035,0.1300651304622505
493.6495821191181,0.2757700835761764,3.901075152747994e-17,0.15305437442898542,0.15305416008021583,3.315474603601226e-17,0.13007898374680577,0.13007880157448812
495.75737537912585,0.27524852492417484,3.8315145943397387e-17,0.15270561867408344,0.15270540651491704,3.2563559617436264e-17,0.12978258062639347,0.129782400314992
497.87416853012434,0.2747377494409627,3.770094334680129e-17,0.152101839702068,0.1521016293700091,3.204155657193076e-17,0.12926943648804087,0.129269257729475
499.99999999999994,0.2743,3.7118073240959436e-17,0.1517595324397852,0.15175932394247985,3.154618261540605e-17,0.12897851386022957,0.12897833666099762
