y_keV_per_um,f_y,yf_y,d_y,yd_y
0.01,1.21727e-06,1.21727e-08,1.97031e-08,1.97031e-10
0.0100344,1.4321e-06,1.43703e-08,2.32602e-08,2.33403e-10
0.010069,1.40113e-06,1.4108e-08,2.28358e-08,2.29933e-10
0.0101036,1.28923e-06,1.30258e-08,2.10841e-08,2.13026e-10
0.0101384,1.43025e-06,1.45004e-08,2.34709e-08,2.37957e-10
0.0101733,1.35643e-06,1.37994e-08,2.23362e-08,2.27233e-10
0.0102083,1.41128e-06,1.44068e-08,2.33193e-08,2.38051e-10
0.0102435,1.34635e-06,1.37914e-08,2.23232e-08,2.28668e-10
0.0102787,1.37277e-06,1.41103e-08,2.28395e-08,2.3476e-10
0.0103141,1.50613e-06,1.55344e-08,2.51446e-08,2.59344e-10
0.0103496,1.48801e-06,1.54003e-08,2.49275e-08,2.5799e-10
0.0103852,1.84781e-06,1.91899e-08,3.10615e-08,3.22579e-10
0.010421,1.47168e-06,1.53364e-08,2.48241e-08,2.58692e-10
0.0104568,1.78596e-06,1.86754e-08,3.02287e-08,3.16096e-10
0.0104928,1.66823e-06,1.75044e-08,2.83333e-08,2.97295e-10
0.010529,2.03439e-06,2.14201e-08,3.46713e-08,3.65054e-10
0.0105652,2.22531e-06,2.35109e-08,3.80556e-08,4.02065e-10
0.0106016,2.44346e-06,2.59046e-08,4.19301e-08,4.44526e-10
0.0106381,2.41915e-06,2.57352e-08,4.16559e-08,4.4314e-10
0.0106747,2.49299e-06,2.66119e-08,4.30751e-08,4.59814e-10
0.0107114,2.23847e-06,2.39772e-08,3.88103e-08,4.15713e-10
0.0107483,2.49647e-06,2.68328e-08,4.34326e-08,4.66827e-10
0.0107853,2.51552e-06,2.71306e-08,4.39147e-08,4.73633e-10
0.0108224,2.44543e-06,2.64655e-08,4.2838e-08,4.6361e-10
0.0108597,2.35584e-06,2.55837e-08,4.14108e-08,4.49709e-10
0.0108971,2.77719e-06,3.02634e-08,4.89854e-08,5.33799e-10
0.0109346,3.08212e-06,3.37017e-08,5.45509e-08,5.96492e-10
0.0109722,4.83964e-06,5.31015e-08,8.59521e-08,9.43084e-10
0.01101,5.23409e-06,5.76273e-08,9.32777e-08,1.02699e-09
0.0110479,5.51027e-06,6.0877e-08,9.85378e-08,1.08864e-09
0.0110859,1.74344e-05,1.93276e-07,3.12843e-07,3.46815e-09
0.0111241,2.46871e-05,2.74622e-07,4.44513e-07,4.94481e-09
0.0111624,2.42806e-05,2.7103e-07,4.387e-07,4.89694e-09
0.0112008,2.44146e-05,2.73463e-07,4.42638e-07,4.9579e-09
0.0112393,2.32959e-05,2.61829e-07,4.23807e-07,4.76329e-09
0.011278,2.33211e-05,2.63015e-07,4.25726e-07,4.80134e-09
0.0113168,2.39423e-05,2.7095e-07,4.3857e-07,4.9632e-09
0.0113558,2.37853e-05,2.70101e-07,4.37196e-07,4.96471e-09
0.0113949,2.29983e-05,2.62064e-07,4.24186e-07,4.83356e-09
0.0114341,2.25899e-05,2.58295e-07,4.18086e-07,4.78044e-09
0.0114735,2.19726e-05,2.52103e-07,4.08063e-07,4.68191e-09
0.011513,2.2883e-05,2.63452e-07,4.26434e-07,4.90954e-09
0.0115526,2.24177e-05,2.58983e-07,4.192e-07,4.84285e-09
0.0115924,2.25111e-05,2.60958e-07,4.22397e-07,4.89659e-09
0.0116323,2.26747e-05,2.63759e-07,4.2693e-07,4.96618e-09
0.0116723,2.25163e-05,2.62817e-07,4.25406e-07,4.96546e-09
0.0117125,2.24714e-05,2.63197e-07,4.2602e-07,4.98976e-09
0.0117528,2.2365e-05,2.62851e-07,4.25461e-07,5.00035e-09
0.0117933,2.18145e-05,2.57265e-07,4.1642e-07,4.91096e-09
0.0118339,2.21696e-05,2.62353e-07,4.24654e-07,5.02532e-09
0.0118746,2.10087e-05,2.4947e-07,4.03802e-07,4.79498e-09
0.0119155,2.11035e-05,2.51459e-07,4.07021e-07,4.84985e-09
0.0119565,2.20026e-05,2.63074e-07,4.25822e-07,5.09134e-09
0.0119976,2.12499e-05,2.54948e-07,4.12669e-07,4.95104e-09
0.0120389,2.15808e-05,2.59809e-07,4.20537e-07,5.0628e-09
0.0120804,2.11506e-05,2.55508e-07,4.13574e-07,4.99614e-09
0.012122,2.09188e-05,2.53578e-07,4.10451e-07,4.97549e-09
0.0121637,2.1144e-05,2.5719e-07,4.16297e-07,5.06372e-09
0.0122056,2.12656e-05,2.5956e-07,4.20133e-07,5.12798e-09
0.0122476,2.12938e-05,2.60798e-07,4.22137e-07,5.17017e-09
0.0122897,7.89081e-05,9.69757e-07,1.56969e-06,1.9291e-08
0.012332,2.07436e-05,2.55811e-07,4.14065e-07,5.10625e-09
0.0123745,2.0699e-05,2.5614e-07,4.14598e-07,5.13045e-09
0.0124171,2.11706e-05,2.62877e-07,4.25503e-07,5.28351e-09
0.0124598,2.13011e-05,2.65407e-07,4.29598e-07,5.3527e-09
0.0125027,2.02379e-05,2.53029e-07,4.09562e-07,5.12063e-09
0.0125458,2.04865e-05,2.5702e-07,4.16022e-07,5.21933e-09
0.0125889,2.01208e-05,2.53299e-07,4.09999e-07,5.16144e-09
0.0126323,2.07772e-05,2.62463e-07,4.24833e-07,5.36662e-09
0.0126758,1.96521e-05,2.49106e-07,4.03213e-07,5.11105e-09
0.0127194,1.98993e-05,2.53108e-07,4.0969e-07,5.211e-09
0.0127632,1.97375e-05,2.51914e-07,4.07757e-07,5.20428e-09
0.0128071,1.86146e-05,2.38399e-07,3.85882e-07,4.94203e-09
0.0128512,1.84802e-05,2.37492e-07,3.84414e-07,4.94018e-09
0.0128954,1.88723e-05,2.43366e-07,3.93921e-07,5.07977e-09
0.0129398,1.97585e-05,2.55671e-07,4.13838e-07,5.35498e-09
0.0129844,1.88277e-05,2.44467e-07,3.95703e-07,5.13797e-09
0.0130291,1.82638e-05,2.37961e-07,3.85173e-07,5.01845e-09
0.0130739,1.84835e-05,2.41651e-07,3.91146e-07,5.1138e-09
0.0131189,1.84031e-05,2.41428e-07,3.90785e-07,5.12667e-09
0.0131641,1.8508e-05,2.43641e-07,3.94366e-07,5.19147e-09
0.0132094,1.83592e-05,2.42514e-07,3.92543e-07,5.18526e-09
0.0132548,1.76865e-05,2.34431e-07,3.79458e-07,5.02965e-09
0.0133005,1.79838e-05,2.39194e-07,3.87168e-07,5.14953e-09
0.0133463,1.77131e-05,2.36404e-07,3.82653e-07,5.107e-09
0.0133922,1.81567e-05,2.43158e-07,3.93585e-07,5.27097e-09
0.0134383,1.83329e-05,2.46363e-07,3.98772e-07,5.35882e-09
0.0134846,1.79998e-05,2.4272e-07,3.92876e-07,5.29777e-09
0.013531,1.75685e-05,2.37719e-07,3.84781e-07,5.20647e-09
0.0135775,1.70864e-05,2.31991e-07,3.75509e-07,5.09847e-09
0.0136243,1.71641e-05,2.33849e-07,3.78517e-07,5.15702e-09
0.0136712,1.70319e-05,2.32846e-07,3.76894e-07,5.15259e-09
0.0137182,1.65655e-05,2.27249e-07,3.67833e-07,5.04601e-09
0.0137655,1.75835e-05,2.42046e-07,3.91784e-07,5.3931e-09
0.0138128,1.71036e-05,2.36248e-07,3.824e-07,5.28202e-09
0.0138604,1.74587e-05,2.41985e-07,3.91685e-07,5.42892e-09
0.0139081,1.65609e-05,2.30331e-07,3.72822e-07,5.18525e-09
0.013956,1.6567e-05,2.31209e-07,3.74244e-07,5.22295e-09
0.014004,1.58897e-05,2.22519e-07,3.60178e-07,5.04394e-09
0.0140522,1.72317e-05,2.42144e-07,3.91943e-07,5.50766e-09
0.0141006,1.63681e-05,2.308e-07,3.73582e-07,5.26773e-09
0.0141491,1.68581e-05,2.38527e-07,3.86088e-07,5.4628e-09
0.0141978,1.64841e-05,2.34038e-07,3.78823e-07,5.37846e-09
0.0142467,1.63785e-05,2.3334e-07,3.77693e-07,5.38088e-09
0.0142957,1.5564e-05,2.22499e-07,3.60145e-07,5.14853e-09
0.014345,1.65439e-05,2.37322e-07,3.84138e-07,5.51046e-09
0.0143943,1.65221e-05,2.37824e-07,3.8495e-07,5.54109e-09
0.0144439,1.60614e-05,2.31989e-07,3.75507e-07,5.42379e-09
0.0144936,1.60966e-05,2.33297e-07,3.77624e-07,5.47313e-09
0.0145435,1.60583e-05,2.33544e-07,3.78024e-07,5.49779e-09
0.0145936,1.59242e-05,2.32392e-07,3.76158e-07,5.4895e-09
0.0146438,1.50738e-05,2.20738e-07,3.57294e-07,5.23215e-09
0.0146942,1.53464e-05,2.25503e-07,3.65007e-07,5.36349e-09
0.0147448,1.51839e-05,2.23884e-07,3.62387e-07,5.34332e-09
0.0147955,1.65333e-05,2.44618e-07,3.95948e-07,5.85824e-09
0.0148465,1.54776e-05,2.29788e-07,3.71944e-07,5.52207e-09
0.0148976,1.60511e-05,2.39123e-07,3.87054e-07,5.76617e-09
0.0149488,9.71849e-05,1.4528e-06,2.35155e-06,3.51529e-08
0.0150003,1.62843e-05,2.4427e-07,3.95384e-07,5.93088e-09
0.0150519,1.60342e-05,2.41345e-07,3.90649e-07,5.88002e-09
0.0151038,1.64088e-05,2.47835e-07,4.01155e-07,6.05896e-09
0.0151557,1.68224e-05,2.54956e-07,4.12681e-07,6.25448e-09
0.0152079,1.58115e-05,2.40459e-07,3.89217e-07,5.91917e-09
0.0152603,1.67133e-05,2.5505e-07,4.12833e-07,6.29996e-09
0.0153128,1.53396e-05,2.34892e-07,3.80206e-07,5.82202e-09
0.0153655,1.53592e-05,2.36002e-07,3.82002e-07,5.86965e-09
0.0154184,1.51329e-05,2.33325e-07,3.77669e-07,5.82305e-09
0.0154715,1.55365e-05,2.40374e-07,3.89078e-07,6.01962e-09
0.0155247,1.57779e-05,2.44947e-07,3.9648e-07,6.15523e-09
0.0155782,1.60399e-05,2.49873e-07,4.04454e-07,6.30067e-09
0.0156318,1.5426e-05,2.41136e-07,3.90313e-07,6.10129e-09
0.0156856,1.52674e-05,2.39478e-07,3.87628e-07,6.08017e-09
0.0157396,1.5305e-05,2.40895e-07,3.89922e-07,6.13722e-09
0.0157938,1.52873e-05,2.41445e-07,3.90812e-07,6.1724e-09
0.0158481,1.59339e-05,2.52522e-07,4.08741e-07,6.47777e-09
0.0159027,1.54866e-05,2.46278e-07,3.98635e-07,6.33938e-09
0.0159574,1.4489e-05,2.31206e-07,3.74239e-07,5.97189e-09
0.0160124,1.46977e-05,2.35345e-07,3.80938e-07,6.09973e-09
0.0160675,1.55731e-05,2.50221e-07,4.05017e-07,6.50762e-09
0.0161228,1.49868e-05,2.41629e-07,3.91109e-07,6.30578e-09
0.0161783,0.00147331,2.38357e-05,3.85814e-05,6.24181e-07
0.016234,2.93589e-05,4.76613e-07,7.71463e-07,1.25239e-08
0.0162898,4.4045e-05,7.17484e-07,1.16135e-06,1.89181e-08
0.0163459,2.66747e-05,4.36023e-07,7.05763e-07,1.15363e-08
0.0164022,2.63196e-05,4.317e-07,6.98765e-07,1.14613e-08
0.0164586,3.28291e-05,5.40322e-07,8.74585e-07,1.43944e-08
0.0165153,2.39259e-05,3.95144e-07,6.39594e-07,1.05631e-08
0.0165722,2.529e-05,4.19111e-07,6.7839e-07,1.12424e-08
0.0166292,2.21459e-05,3.68268e-07,5.96093e-07,9.91254e-09
0.0166864,2.19454e-05,3.66189e-07,5.92727e-07,9.89049e-09
0.0167439,2.17402e-05,3.64016e-07,5.8921e-07,9.86567e-09
0.0168015,2.9223e-05,4.9099e-07,7.94736e-07,1.33527e-08
0.0168593,6.99656e-05,1.17957e-06,1.9093e-06,3.21895e-08
0.0169174,2.68388e-05,4.54043e-07,7.34931e-07,1.24331e-08
0.0169756,2.29038e-05,3.88806e-07,6.29335e-07,1.06833e-08
0.0170341,2.57233e-05,4.38173e-07,7.09244e-07,1.20813e-08
0.0170927,2.26092e-05,3.86451e-07,6.25525e-07,1.06919e-08
0.0171515,2.2402e-05,3.84228e-07,6.21925e-07,1.0667e-08
0.0172106,2.45262e-05,4.2211e-07,6.83244e-07,1.1759e-08
0.0172698,2.15619e-05,3.7237e-07,6.02733e-07,1.04091e-08
0.0173293,2.38703e-05,4.13656e-07,6.6956e-07,1.1603e-08
0.0173889,2.28624e-05,3.97553e-07,6.43494e-07,1.11896e-08
0.0174488,2.30778e-05,4.02679e-07,6.51792e-07,1.1373e-08
0.0175088,2.38752e-05,4.18027e-07,6.76634e-07,1.18471e-08
0.0175691,2.48907e-05,4.37307e-07,7.07841e-07,1.24361e-08
0.0176296,2.33228e-05,4.11171e-07,6.65537e-07,1.17331e-08
0.0176903,2.44516e-05,4.32556e-07,7.00152e-07,1.23859e-08
0.0177511,2.3113e-05,4.10281e-07,6.64097e-07,1.17884e-08
0.0178123,2.22189e-05,3.95769e-07,6.40607e-07,1.14107e-08
0.0178736,2.28808e-05,4.08962e-07,6.61962e-07,1.18316e-08
0.0179351,2.53091e-05,4.53921e-07,7.34734e-07,1.31775e-08
0.0179968,2.65285e-05,4.77428e-07,7.72782e-07,1.39076e-08
0.0180588,2.59394e-05,4.68434e-07,7.58225e-07,1.36926e-08
0.0181209,2.51355e-05,4.55477e-07,7.37253e-07,1.33597e-08
0.0181833,2.52181e-05,4.58548e-07,7.42223e-07,1.34961e-08
0.0182459,2.55268e-05,4.6576e-07,7.53897e-07,1.37555e-08
0.0183087,2.56928e-05,4.70401e-07,7.61409e-07,1.39404e-08
0.0183717,2.63878e-05,4.84788e-07,7.84697e-07,1.44162e-08
0.018435,2.54659e-05,4.69464e-07,7.59892e-07,1.40086e-08
0.0184984,2.76193e-05,5.10912e-07,8.26982e-07,1.52978e-08
0.0185621,2.6781e-05,4.97111e-07,8.04643e-07,1.49359e-08
0.018626,2.80875e-05,5.23158e-07,8.46803e-07,1.57725e-08
0.0186901,2.89414e-05,5.40917e-07,8.75549e-07,1.63641e-08
0.0187545,3.00837e-05,5.64204e-07,9.13243e-07,1.71274e-08
0.018819,2.86618e-05,5.39387e-07,8.73072e-07,1.64303e-08
0.0188838,9.31861e-05,1.75971e-06,2.84833e-06,5.37873e-08
0.0189488,2.92579e-05,5.54401e-07,8.97375e-07,1.70042e-08
0.019014,3.06935e-05,5.83607e-07,9.44649e-07,1.79615e-08
0.0190795,3.29569e-05,6.28802e-07,1.0178e-06,1.94192e-08
0.0191451,3.02944e-05,5.79989e-07,9.38793e-07,1.79733e-08
0.019211,3.23976e-05,6.2239e-07,1.00742e-06,1.93536e-08
0.0192772,3.04511e-05,5.87011e-07,9.50159e-07,1.83164e-08
0.0193435,3.03143e-05,5.86385e-07,9.49146e-07,1.83598e-08
0.0194101,3.23249e-05,6.2743e-07,1.01558e-06,1.97125e-08
0.0194769,3.13024e-05,6.09675e-07,9.86842e-07,1.92206e-08
0.019544,3.12977e-05,6.11682e-07,9.90092e-07,1.93504e-08
0.0196112,3.37539e-05,6.61954e-07,1.07146e-06,2.10127e-08
0.0196788,3.25185e-05,6.39925e-07,1.03581e-06,2.03834e-08
0.0197465,3.33825e-05,6.59188e-07,1.06699e-06,2.10693e-08
0.0198145,3.4663e-05,6.8683e-07,1.11173e-06,2.20284e-08
0.0198827,3.31148e-05,6.58412e-07,1.06573e-06,2.11896e-08
0.0199511,3.39574e-05,6.77488e-07,1.09661e-06,2.18785e-08
0.0200198,0.00109934,2.20085e-05,3.56238e-05,7.13182e-07
0.0200887,4.65506e-05,9.3514e-07,1.51365e-06,3.04073e-08
0.0201579,6.09371e-05,1.22836e-06,1.98828e-06,4.00795e-08
0.0202272,4.32266e-05,8.74353e-07,1.41526e-06,2.86268e-08
0.0202969,4.92689e-05,1.00001e-06,1.61865e-06,3.28535e-08
0.0203667,4.49061e-05,9.14589e-07,1.48039e-06,3.01506e-08
0.0204368,4.44367e-05,9.08144e-07,1.46996e-06,3.00412e-08
0.0205072,4.30121e-05,8.82058e-07,1.42773e-06,2.92788e-08
0.0205778,4.19878e-05,8.64017e-07,1.39853e-06,2.87787e-08
0.0206486,7.20445e-05,1.48762e-06,2.40792e-06,4.97201e-08
0.0207197,4.5745e-05,9.47822e-07,1.53418e-06,3.17878e-08
0.020791,4.60359e-05,9.57133e-07,1.54925e-06,3.22105e-08
0.0208626,4.31287e-05,8.99777e-07,1.45641e-06,3.03846e-08
0.0209344,4.54706e-05,9.519e-07,1.54078e-06,3.22553e-08
0.0210065,4.56846e-05,9.59673e-07,1.55336e-06,3.26307e-08
0.0210788,4.4096e-05,9.2949e-07,1.50451e-06,3.17132e-08
0.0211513,4.40026e-05,9.30711e-07,1.50648e-06,3.18641e-08
0.0212241,4.67555e-05,9.92344e-07,1.60624e-06,3.40911e-08
0.0212972,4.58058e-05,9.75535e-07,1.57904e-06,3.36291e-08
0.0213705,4.88123e-05,1.04314e-06,1.68847e-06,3.60834e-08
0.0214441,4.93595e-05,1.05847e-06,1.71328e-06,3.67397e-08
0.0215179,4.77332e-05,1.02712e-06,1.66253e-06,3.57742e-08
0.0215919,5.00325e-05,1.0803e-06,1.74861e-06,3.77558e-08
0.0216663,4.62385e-05,1.00182e-06,1.62158e-06,3.51336e-08
0.0217408,4.84544e-05,1.05344e-06,1.70513e-06,3.7071e-08
0.0218157,5.03618e-05,1.09868e-06,1.77836e-06,3.87962e-08
0.0218908,5.29895e-05,1.15998e-06,1.87759e-06,4.1102e-08
0.0219661,5.30499e-05,1.1653e-06,1.8862e-06,4.14324e-08
0.0220417,5.16159e-05,1.1377e-06,1.84153e-06,4.05904e-08
0.0221176,5.10325e-05,1.12872e-06,1.82698e-06,4.04084e-08
0.0221938,5.14308e-05,1.14145e-06,1.84759e-06,4.1005e-08
0.0222701,5.33228e-05,1.1875e-06,1.92214e-06,4.28062e-08
0.0223468,5.29435e-05,1.18312e-06,1.91504e-06,4.2795e-08
0.0224237,5.47681e-05,1.2281e-06,1.98786e-06,4.45751e-08
0.0225009,5.25603e-05,1.18265e-06,1.91429e-06,4.30732e-08
0.0225784,5.61438e-05,1.26764e-06,2.05184e-06,4.63274e-08
0.0226561,5.75051e-05,1.30284e-06,2.10883e-06,4.77779e-08
0.0227341,5.62264e-05,1.27826e-06,2.06904e-06,4.70377e-08
0.0228123,5.75254e-05,1.31229e-06,2.12412e-06,4.8456e-08
0.0228909,5.5099e-05,1.26126e-06,2.04153e-06,4.67325e-08
0.0229697,5.96503e-05,1.37015e-06,2.21778e-06,5.09417e-08
0.0230487,6.09193e-05,1.40411e-06,2.27275e-06,5.23839e-08
0.0231281,5.84265e-05,1.35129e-06,2.18725e-06,5.0587e-08
0.0232077,5.83224e-05,1.35353e-06,2.19087e-06,5.08452e-08
0.0232876,5.87822e-05,1.3689e-06,2.21575e-06,5.15995e-08
0.0233677,6.01191e-05,1.40484e-06,2.27393e-06,5.31366e-08
0.0234482,6.02038e-05,1.41167e-06,2.28498e-06,5.35787e-08
0.0235289,6.22908e-05,1.46563e-06,2.37233e-06,5.58183e-08
0.0236099,6.46315e-05,1.52594e-06,2.46995e-06,5.83153e-08
0.0236911,6.56945e-05,1.55637e-06,2.51921e-06,5.96828e-08
0.0237727,6.29627e-05,1.49679e-06,2.42276e-06,5.75957e-08
0.0238545,6.08865e-05,1.45242e-06,2.35094e-06,5.60804e-08
0.0239366,6.4455e-05,1.54283e-06,2.49729e-06,5.97766e-08
0.024019,0.000919039,2.20744e-05,3.57304e-05,8.58209e-07
0.0241017,7.93503e-05,1.91248e-06,3.09561e-06,7.46094e-08
0.0241847,8.8682e-05,2.14475e-06,3.47157e-06,8.39589e-08
0.0242679,7.91889e-05,1.92175e-06,3.11061e-06,7.54881e-08
0.0243514,7.26331e-05,1.76872e-06,2.86291e-06,6.9716e-08
0.0244353,7.63314e-05,1.86518e-06,3.01905e-06,7.37714e-08
0.0245194,7.30573e-05,1.79132e-06,2.8995e-06,7.1094e-08
0.0246038,7.68876e-05,1.89173e-06,3.06202e-06,7.53374e-08
0.0246885,8.01148e-05,1.97791e-06,3.20153e-06,7.90409e-08
0.0247735,7.8923e-05,1.9552e-06,3.16476e-06,7.84021e-08
0.0248587,7.60001e-05,1.88926e-06,3.05803e-06,7.60187e-08
0.0249443,7.69229e-05,1.91879e-06,3.10582e-06,7.74726e-08
0.0250302,7.72481e-05,1.93353e-06,3.12969e-06,7.83368e-08
0.0251163,7.7965e-05,1.95819e-06,3.16961e-06,7.96088e-08
0.0252028,7.91213e-05,1.99408e-06,3.22769e-06,8.13468e-08
0.0252895,7.93215e-05,2.006e-06,3.24699e-06,8.21147e-08
0.0253766,8.23003e-05,2.0885e-06,3.38053e-06,8.57863e-08
0.0254639,8.11574e-05,2.06658e-06,3.34505e-06,8.5178e-08
0.0255516,8.37575e-05,2.14014e-06,3.46411e-06,8.85135e-08
0.0256396,8.02924e-05,2.05866e-06,3.33223e-06,8.54371e-08
0.0257278,7.98882e-05,2.05535e-06,3.32687e-06,8.55929e-08
0.0258164,8.59826e-05,2.21976e-06,3.59299e-06,9.27581e-08
0.0259052,8.70819e-05,2.25587e-06,3.65144e-06,9.45914e-08
0.0259944,8.14859e-05,2.11818e-06,3.42856e-06,8.91234e-08
0.0260839,8.81034e-05,2.29808e-06,3.71976e-06,9.70258e-08
0.0261737,8.41159e-05,2.20163e-06,3.56363e-06,9.32735e-08
0.0262638,8.71335e-05,2.28846e-06,3.70418e-06,9.7286e-08
0.0263542,8.77456e-05,2.31246e-06,3.74304e-06,9.86449e-08
0.0264449,8.75421e-05,2.31504e-06,3.74721e-06,9.90947e-08
0.0265359,8.90517e-05,2.36307e-06,3.82495e-06,1.01498e-07
0.0266273,9.32786e-05,2.48376e-06,4.0203e-06,1.0705e-07
0.0267189,9.26454e-05,2.47538e-06,4.00675e-06,1.07056e-07
0.0268109,9.19815e-05,2.46611e-06,3.99173e-06,1.07022e-07
0.0269032,9.1805e-05,2.46985e-06,3.99779e-06,1.07553e-07
0.0269958,9.53851e-05,2.575e-06,4.16799e-06,1.12518e-07
0.0270887,9.20566e-05,2.49369e-06,4.03639e-06,1.0934e-07
0.027182,9.59822e-05,2.60899e-06,4.22301e-06,1.1479e-07
0.0272755,0.000100192,2.73279e-06,4.4234e-06,1.2065e-07
0.0273694,9.80637e-05,2.68395e-06,4.34434e-06,1.18902e-07
0.0274636,9.77415e-05,2.68433e-06,4.34497e-06,1.19328e-07
0.0275582,9.8923e-05,2.72614e-06,4.41263e-06,1.21604e-07
0.027653,0.000101477,2.80614e-06,4.54213e-06,1.25603e-07
0.0277482,9.75794e-05,2.70765e-06,4.38271e-06,1.21612e-07
0.0278437,0.000102948,2.86647e-06,4.63977e-06,1.29188e-07
0.0279396,9.7685e-05,2.72928e-06,4.41772e-06,1.23429e-07
0.0280357,0.000102448,2.87221e-06,4.64907e-06,1.3034e-07
0.0281323,0.000101033,2.8423e-06,4.60065e-06,1.29427e-07
0.0282291,0.000104392,2.94688e-06,4.76994e-06,1.34651e-07
0.0283263,0.000104102,2.94883e-06,4.7731e-06,1.35204e-07
0.0284238,0.000129464,3.67985e-06,5.95635e-06,1.69302e-07
0.0285216,0.00010013,2.85588e-06,4.62264e-06,1.31845e-07
0.0286198,0.000105678,3.02448e-06,4.89554e-06,1.4011e-07
0.0287183,0.000105111,3.01861e-06,4.88604e-06,1.40319e-07
0.0288172,0.000106472,3.06822e-06,4.96633e-06,1.43116e-07
0.0289164,0.000103781,3.00098e-06,4.85751e-06,1.40462e-07
0.0290159,0.000104756,3.03959e-06,4.91999e-06,1.42758e-07
0.0291158,0.000110481,3.21673e-06,5.20672e-06,1.51598e-07
0.029216,0.00010454,3.05424e-06,4.94371e-06,1.44435e-07
0.0293166,0.000108312,3.17533e-06,5.13971e-06,1.50679e-07
0.0294175,0.000110132,3.2398e-06,5.24407e-06,1.54267e-07
0.0295187,0.00010994,3.2453e-06,5.25296e-06,1.55061e-07
0.0296203,0.00010689,3.16612e-06,5.1248e-06,1.51798e-07
0.0297223,0.000112507,3.34397e-06,5.41267e-06,1.60877e-07
0.0298246,0.000112326,3.35009e-06,5.42258e-06,1.61726e-07
0.0299273,0.000111325,3.33166e-06,5.39275e-06,1.61391e-07
0.0300303,0.000109325,3.28306e-06,5.31409e-06,1.59584e-07
0.0301337,0.000111976,3.37425e-06,5.46169e-06,1.64581e-07
0.0302374,0.000111764,3.37945e-06,5.47011e-06,1.65402e-07
0.0303415,0.000113265,3.43663e-06,5.56265e-06,1.68779e-07
0.0304459,0.000109201,3.32473e-06,5.38153e-06,1.63845e-07
0.0305507,0.000112198,3.42772e-06,5.54824e-06,1.69503e-07
0.0306559,0.000110182,3.37774e-06,5.46734e-06,1.67606e-07
0.0307614,0.000113416,3.48883e-06,5.64715e-06,1.73714e-07
0.0308673,0.000115602,3.56831e-06,5.7758e-06,1.78283e-07
0.0309735,0.000110595,3.42552e-06,5.54468e-06,1.71738e-07
0.0310802,0.000150888,4.68964e-06,7.59083e-06,2.35925e-07
0.0311872,0.000119339,3.72185e-06,6.02433e-06,1.87882e-07
0.0312945,0.00011369,3.55786e-06,5.75888e-06,1.80221e-07
0.0314022,0.000117964,3.70434e-06,5.99598e-06,1.88287e-07
0.0315103,0.000113612,3.57994e-06,5.79463e-06,1.82591e-07
0.0316188,0.000118876,3.75871e-06,6.08399e-06,1.92368e-07
0.0317276,0.000117903,3.74078e-06,6.05496e-06,1.92109e-07
0.0318368,0.000120028,3.82129e-06,6.18529e-06,1.9692e-07
0.0319464,0.000115571,3.69209e-06,5.97615e-06,1.90917e-07
0.0320564,0.000116836,3.74535e-06,6.06237e-06,1.94338e-07
0.0321667,0.000117867,3.7914e-06,6.13691e-06,1.97404e-07
0.0322775,0.000127142,4.10383e-06,6.64261e-06,2.14407e-07
0.0323886,0.000138302,4.4794e-06,7.25052e-06,2.34834e-07
0.0325001,0.000123111,4.00113e-06,6.47638e-06,2.10483e-07
0.0326119,0.000117255,3.82391e-06,6.18953e-06,2.01852e-07
0.0327242,0.000119003,3.89428e-06,6.30343e-06,2.06275e-07
0.0328368,0.000116992,3.84165e-06,6.21824e-06,2.04187e-07
0.0329499,0.00014517,4.78333e-06,7.74248e-06,2.55114e-07
0.0330633,0.000121508,4.01747e-06,6.50283e-06,2.15005e-07
0.0331771,0.000123598,4.10061e-06,6.63741e-06,2.2021e-07
0.0332913,0.000119001,3.96169e-06,6.41255e-06,2.13482e-07
0.0334059,0.000124226,4.14989e-06,6.71717e-06,2.24393e-07
0.0335209,0.000120498,4.03919e-06,6.53799e-06,2.19159e-07
0.0336363,0.000122125,4.10784e-06,6.6491e-06,2.23651e-07
0.0337521,0.000117184,3.9552e-06,6.40204e-06,2.16082e-07
0.0338682,0.000127086,4.30418e-06,6.96691e-06,2.35957e-07
0.0339848,0.000123515,4.19764e-06,6.79445e-06,2.30908e-07
0.0341018,0.000124793,4.25565e-06,6.88836e-06,2.34905e-07
0.0342192,0.000122196,4.18144e-06,6.76824e-06,2.31604e-07
0.034337,0.000121117,4.15879e-06,6.73158e-06,2.31142e-07
0.0344552,0.00012266,4.22627e-06,6.8408e-06,2.35701e-07
0.0345738,0.000127529,4.40916e-06,7.13683e-06,2.46747e-07
0.0346928,0.000123929,4.29945e-06,6.95925e-06,2.41436e-07
0.0348122,0.00012199,4.24673e-06,6.87392e-06,2.39296e-07
0.034932,0.000123767,4.32344e-06,6.99808e-06,2.44457e-07
0.0350523,0.00018235,6.39178e-06,1.0346e-05,3.6265e-07
0.035173,0.000126793,4.4597e-06,7.21863e-06,2.53901e-07
0.035294,0.000128462,4.53394e-06,7.3388e-06,2.59016e-07
0.0354155,0.000126899,4.49419e-06,7.27446e-06,2.57629e-07
0.0355374,0.000128598,4.57004e-06,7.39725e-06,2.62879e-07
0.0356597,0.000129549,4.61967e-06,7.47758e-06,2.66648e-07
0.0357825,0.000127612,4.56628e-06,7.39115e-06,2.64474e-07
0.0359057,0.000125478,4.50537e-06,7.29256e-06,2.61844e-07
0.0360293,0.000126731,4.56603e-06,7.39075e-06,2.66283e-07
0.0361533,0.000138943,5.02326e-06,8.13083e-06,2.93956e-07
0.0362777,0.000131518,4.77116e-06,7.72278e-06,2.80165e-07
0.0364026,0.000149677,5.44864e-06,8.81938e-06,3.21048e-07
0.0365279,0.000132006,4.82192e-06,7.80494e-06,2.85098e-07
0.0366537,0.000131212,4.80942e-06,7.7847e-06,2.85338e-07
0.0367798,0.000140203,5.15663e-06,8.34672e-06,3.06991e-07
0.0369064,0.000141161,5.20974e-06,8.43269e-06,3.1122e-07
0.0370335,0.000130765,4.84269e-06,7.83857e-06,2.9029e-07
0.0371609,0.000131984,4.90466e-06,7.93886e-06,2.95015e-07
0.0372889,0.000129109,4.81433e-06,7.79266e-06,2.9058e-07
0.0374172,0.00013421,5.02177e-06,8.12842e-06,3.04143e-07
0.037546,0.00013477,5.06006e-06,8.1904e-06,3.07517e-07
0.0376753,0.000129738,4.88791e-06,7.91176e-06,2.98078e-07
0.0378049,0.000134761,5.09462e-06,8.24634e-06,3.11752e-07
0.0379351,0.000130891,4.96537e-06,8.03714e-06,3.0489e-07
0.0380657,0.000132084,5.02787e-06,8.13829e-06,3.0979e-07
0.0381967,0.00013242,5.058e-06,8.18708e-06,3.12719e-07
0.0383282,0.000130898,5.01709e-06,8.12084e-06,3.11257e-07
0.0384601,0.000132438,5.09357e-06,8.24464e-06,3.1709e-07
0.0385925,0.000134957,5.20833e-06,8.43039e-06,3.2535e-07
0.0387253,0.000135359,5.24183e-06,8.48462e-06,3.2857e-07
0.0388586,0.000134779,5.23731e-06,8.47731e-06,3.29417e-07
0.0389924,0.000181582,7.08032e-06,1.14605e-05,4.46871e-07
0.0391266,0.000139185,5.44585e-06,8.81486e-06,3.44895e-07
0.0392613,0.000138538,5.43918e-06,8.80406e-06,3.45659e-07
0.0393965,0.000139602,5.49982e-06,8.90222e-06,3.50716e-07
0.0395321,0.000139996,5.53433e-06,8.95808e-06,3.54132e-07
0.0396681,0.000134391,5.33103e-06,8.62901e-06,3.42297e-07
0.0398047,0.000136615,5.43793e-06,8.80204e-06,3.50362e-07
0.0399417,0.00013977,5.58266e-06,9.03631e-06,3.60926e-07
0.0400792,0.000140514,5.63169e-06,9.11566e-06,3.65348e-07
0.0402172,0.000153088,6.15678e-06,9.9656e-06,4.00789e-07
0.0403556,0.00014242,5.74743e-06,9.303e-06,3.75428e-07
0.0404945,0.000142933,5.78802e-06,9.36871e-06,3.79381e-07
0.0406339,0.000151636,6.16158e-06,9.97336e-06,4.05257e-07
0.0407738,0.000142948,5.82854e-06,9.43429e-06,3.84672e-07
0.0409141,0.000150172,6.14415e-06,9.94515e-06,4.06897e-07
0.041055,0.000144107,5.91632e-06,9.57638e-06,3.93158e-07
0.0411963,0.000140939,5.80615e-06,9.39805e-06,3.87165e-07
0.0413381,0.000141156,5.83513e-06,9.44496e-06,3.90437e-07
0.0414804,0.000140946,5.84651e-06,9.46338e-06,3.92545e-07
0.0416232,0.000143941,5.99127e-06,9.6977e-06,4.03649e-07
0.0417664,0.00014403,6.01561e-06,9.7371e-06,4.06684e-07
0.0419102,0.000143553,6.01635e-06,9.73828e-06,4.08133e-07
0.0420545,0.000148429,6.2421e-06,1.01037e-05,4.24906e-07
0.0421992,0.000144349,6.09141e-06,9.85978e-06,4.16075e-07
0.0423445,0.000141583,5.99525e-06,9.70415e-06,4.10917e-07
0.0424903,0.000144732,6.1497e-06,9.95413e-06,4.22954e-07
0.0426365,0.000149836,6.38849e-06,1.03407e-05,4.40889e-07
0.0427833,0.000147896,6.32749e-06,1.02419e-05,4.38183e-07
0.0429306,0.000166206,7.13533e-06,1.15495e-05,4.95827e-07
0.0430783,0.000146919,6.32902e-06,1.02444e-05,4.41311e-07
0.0432266,0.00014685,6.34782e-06,1.02748e-05,4.44146e-07
0.0433754,0.000147994,6.4193e-06,1.03905e-05,4.50693e-07
0.0435247,0.00015133,6.58658e-06,1.06613e-05,4.64029e-07
0.0436745,0.000150104,6.55573e-06,1.06114e-05,4.63446e-07
0.0438249,0.000148664,6.51517e-06,1.05457e-05,4.62164e-07
0.0439757,0.000149264,6.56399e-06,1.06247e-05,4.6723e-07
0.0441271,0.000153476,6.77244e-06,1.09621e-05,4.83727e-07
0.044279,0.000149856,6.63545e-06,1.07404e-05,4.75574e-07
0.0444314,0.000150222,6.67456e-06,1.08037e-05,4.80023e-07
0.0445844,0.000158656,7.07359e-06,1.14496e-05,5.10472e-07
0.0447378,0.000153435,6.86432e-06,1.11109e-05,4.97075e-07
0.0448918,0.000159584,7.16403e-06,1.1596e-05,5.20564e-07
0.0450464,0.000160402,7.22555e-06,1.16955e-05,5.26842e-07
0.0452014,0.000152209,6.88005e-06,1.11363e-05,5.03377e-07
0.045357,0.000152002,6.89435e-06,1.11595e-05,5.0616e-07
0.0455131,0.000154484,7.03106e-06,1.13807e-05,5.17973e-07
0.0456698,0.000152503,6.96479e-06,1.12735e-05,5.14857e-07
0.045827,0.000156656,7.17909e-06,1.16203e-05,5.32526e-07
0.0459848,0.000156343,7.18941e-06,1.1637e-05,5.35127e-07
0.0461431,0.000158237,7.30157e-06,1.18186e-05,5.45346e-07
0.0463019,0.000157419,7.28879e-06,1.17979e-05,5.46266e-07
0.0464613,0.000157622,7.3233e-06,1.18538e-05,5.50742e-07
0.0466212,0.000160357,7.47603e-06,1.2101e-05,5.64162e-07
0.0467817,0.000159147,7.44515e-06,1.2051e-05,5.63766e-07
0.0469427,0.000159811,7.50196e-06,1.2143e-05,5.70023e-07
0.0471043,0.000158994,7.48931e-06,1.21225e-05,5.71021e-07
0.0472664,0.000162695,7.68999e-06,1.24473e-05,5.88339e-07
0.0474291,0.000163214,7.74111e-06,1.25301e-05,5.94289e-07
0.0475924,0.000161488,7.68559e-06,1.24402e-05,5.92058e-07
0.0477562,0.000163564,7.81119e-06,1.26435e-05,6.03805e-07
0.0479206,0.000162198,7.77265e-06,1.25811e-05,6.02894e-07
0.0480856,0.000169804,8.16513e-06,1.32164e-05,6.35518e-07
0.0482511,0.000163054,7.86752e-06,1.27347e-05,6.14462e-07
0.0484172,0.000712373,3.44911e-05,5.58287e-05,2.70307e-06
0.0485839,0.000188067,9.13705e-06,1.47896e-05,7.18535e-07
0.0487511,0.000178549,8.70447e-06,1.40894e-05,6.86873e-07
0.0489189,0.000175963,8.60792e-06,1.39331e-05,6.81592e-07
0.0490873,0.00017542,8.61091e-06,1.39379e-05,6.84176e-07
0.0492563,0.000172533,8.49836e-06,1.37558e-05,6.77558e-07
0.0494258,0.000175911,8.69455e-06,1.40733e-05,6.95586e-07
0.0495959,0.000179728,8.91376e-06,1.44281e-05,7.15577e-07
0.0497667,0.000183236,9.11905e-06,1.47604e-05,7.34578e-07
0.049938,0.000184311,9.20413e-06,1.48982e-05,7.43984e-07
0.0501099,0.000178865,8.96293e-06,1.45077e-05,7.26981e-07
0.0502824,0.000183736,9.2387e-06,1.49541e-05,7.51928e-07
0.0504554,0.000184809,9.32461e-06,1.50932e-05,7.61532e-07
0.0506291,0.000189331,9.58564e-06,1.55157e-05,7.85545e-07
0.0508034,0.000188062,9.55421e-06,1.54648e-05,7.85665e-07
0.0509783,0.00019079,9.72616e-06,1.57431e-05,8.02558e-07
0.0511538,0.000191374,9.78952e-06,1.58457e-05,8.10567e-07
0.0513298,0.000197103,1.01172e-05,1.63762e-05,8.40585e-07
0.0515065,0.00019467,1.00268e-05,1.62297e-05,8.35934e-07
0.0516838,0.000193849,1.00188e-05,1.62169e-05,8.3815e-07
0.0518617,0.000197383,1.02366e-05,1.65693e-05,8.59314e-07
0.0520403,0.000204435,1.06389e-05,1.72205e-05,8.96157e-07
0.0522194,0.000202191,1.05583e-05,1.70901e-05,8.92434e-07
0.0523991,0.000201764,1.05723e-05,1.71127e-05,8.96688e-07
0.0525795,0.000202153,1.06291e-05,1.72047e-05,9.04612e-07
0.0527605,0.000198929,1.04956e-05,1.69885e-05,8.96323e-07
0.0529421,0.000202793,1.07363e-05,1.73781e-05,9.20035e-07
0.0531244,0.000204644,1.08716e-05,1.75972e-05,9.34841e-07
0.0533072,0.000205651,1.09627e-05,1.77447e-05,9.45918e-07
0.0534907,0.000206312,1.10358e-05,1.78629e-05,9.55501e-07
0.0536748,0.000209988,1.1271e-05,1.82437e-05,9.79229e-07
0.0538596,0.000213458,1.14967e-05,1.86091e-05,1.00228e-06
0.054045,0.000211007,1.14039e-05,1.84587e-05,9.97603e-07
0.054231,0.000211554,1.14728e-05,1.85703e-05,1.00709e-06
0.0544177,0.000213921,1.16411e-05,1.88427e-05,1.02538e-06
0.054605,0.000218891,1.19525e-05,1.93468e-05,1.05643e-06
0.054793,0.000217784,1.1933e-05,1.93153e-05,1.05834e-06
0.0549816,0.000216682,1.19135e-05,1.92837e-05,1.06025e-06
0.0551709,0.000216988,1.19714e-05,1.93774e-05,1.06907e-06
0.0553608,0.000219059,1.21273e-05,1.96297e-05,1.08671e-06
0.0555513,0.000220933,1.22731e-05,1.98657e-05,1.10357e-06
0.0557426,0.000224025,1.24878e-05,2.02132e-05,1.12673e-06
0.0559344,0.000223103,1.24791e-05,2.01992e-05,1.12983e-06
0.056127,0.000223607,1.25504e-05,2.03145e-05,1.14019e-06
0.0563202,0.000228572,1.28732e-05,2.08371e-05,1.17355e-06
0.056514,0.000226334,1.27911e-05,2.07041e-05,1.17007e-06
0.0567086,0.000229135,1.29939e-05,2.10325e-05,1.19272e-06
0.0569038,0.00023389,1.33092e-05,2.15428e-05,1.22587e-06
0.0570997,0.000231352,1.32102e-05,2.13825e-05,1.22093e-06
0.0572962,0.000231355,1.32558e-05,2.14563e-05,1.22936e-06
0.0574934,0.000235471,1.3538e-05,2.19131e-05,1.25986e-06
0.0576913,0.000235852,1.36066e-05,2.20242e-05,1.2706e-06
0.0578899,0.000237777,1.37649e-05,2.22804e-05,1.28981e-06
0.0580892,0.000234271,1.36086e-05,2.20274e-05,1.27955e-06
0.0582892,0.000239692,1.39715e-05,2.26147e-05,1.3182e-06
0.0584898,0.000236567,1.38367e-05,2.23967e-05,1.30998e-06
0.0586911,0.000236815,1.38989e-05,2.24973e-05,1.32039e-06
0.0588932,0.000244694,1.44108e-05,2.33259e-05,1.37374e-06
0.0590959,0.000240888,1.42355e-05,2.30421e-05,1.3617e-06
0.0592993,0.000239642,1.42106e-05,2.30018e-05,1.36399e-06
0.0595034,0.000249099,1.48223e-05,2.39919e-05,1.4276e-06
0.0597083,0.000245353,1.46496e-05,2.37124e-05,1.41583e-06
0.0599138,0.000247552,1.48318e-05,2.40072e-05,1.43837e-06
0.06012,0.000243264,1.46251e-05,2.36727e-05,1.4232e-06
0.060327,0.000253073,1.52671e-05,2.4712e-05,1.4908e-06
0.0605346,0.000250244,1.51484e-05,2.45198e-05,1.4843e-06
0.060743,0.000266159,1.61673e-05,2.6169e-05,1.58958e-06
0.0609521,0.000253149,1.543e-05,2.49755e-05,1.52231e-06
0.0611619,0.000259686,1.58829e-05,2.57087e-05,1.57239e-06
0.0613724,0.000257115,1.57798e-05,2.55418e-05,1.56756e-06
0.0615837,0.000255444,1.57312e-05,2.54631e-05,1.56811e-06
0.0617957,0.000258777,1.59913e-05,2.58841e-05,1.59953e-06
0.0620084,0.000255415,1.58379e-05,2.56358e-05,1.58963e-06
0.0622218,0.000262161,1.63122e-05,2.64035e-05,1.64287e-06
0.062436,0.000258899,1.61646e-05,2.61647e-05,1.63362e-06
0.0626509,0.000262965,1.6475e-05,2.6667e-05,1.67071e-06
0.0628666,0.000258611,1.6258e-05,2.63158e-05,1.65439e-06
0.063083,0.000263468,1.66204e-05,2.69024e-05,1.69708e-06
0.0633001,0.000277543,1.75685e-05,2.84371e-05,1.80007e-06
0.063518,0.000269032,1.70884e-05,2.76599e-05,1.7569e-06
0.0637367,0.000265882,1.69464e-05,2.74301e-05,1.74831e-06
0.0639561,0.000268692,1.71845e-05,2.78155e-05,1.77897e-06
0.0641762,0.000267739,1.71825e-05,2.78122e-05,1.78488e-06
0.0643971,0.000264062,1.70048e-05,2.75246e-05,1.77251e-06
0.0646188,0.000275162,1.77807e-05,2.87805e-05,1.85976e-06
0.0648412,0.000280673,1.81991e-05,2.94578e-05,1.91008e-06
0.0650644,0.000278374,1.81122e-05,2.93172e-05,1.9075e-06
0.0652884,0.000286335,1.86944e-05,3.02594e-05,1.97559e-06
0.0655131,0.000275141,1.80254e-05,2.91765e-05,1.91144e-06
0.0657387,0.000278275,1.82934e-05,2.96104e-05,1.94655e-06
0.0659649,0.000276776,1.82575e-05,2.95523e-05,1.94941e-06
0.066192,0.000272871,1.80619e-05,2.92357e-05,1.93517e-06
0.0664199,0.000280473,1.8629e-05,3.01536e-05,2.0028e-06
0.0666485,0.000284765,1.89792e-05,3.07204e-05,2.04747e-06
0.0668779,0.000284727,1.9042e-05,3.0822e-05,2.06131e-06
0.0671081,0.00028661,1.92338e-05,3.11326e-05,2.08925e-06
0.0673391,0.000299776,2.01867e-05,3.26749e-05,2.2003e-06
0.0675709,0.000292066,1.97352e-05,3.19441e-05,2.15849e-06
0.0678035,0.000285736,1.93739e-05,3.13594e-05,2.12627e-06
0.0680369,0.00029213,1.98756e-05,3.21715e-05,2.18885e-06
0.0682711,0.000291491,1.99004e-05,3.22115e-05,2.19912e-06
0.0685061,0.000292343,2.00273e-05,3.24169e-05,2.22076e-06
0.0687419,0.000298939,2.05496e-05,3.32624e-05,2.28652e-06
0.0689785,0.00030318,2.09129e-05,3.38504e-05,2.33495e-06
0.069216,0.000294483,2.03829e-05,3.29926e-05,2.28361e-06
0.0694542,0.000300315,2.08581e-05,3.37618e-05,2.3449e-06
0.0696933,0.000303793,2.11724e-05,3.42704e-05,2.38842e-06
0.0699332,0.000297548,2.08085e-05,3.36814e-05,2.35545e-06
0.0701739,0.000307488,2.15776e-05,3.49264e-05,2.45092e-06
0.0704155,0.000304305,2.14278e-05,3.46838e-05,2.44228e-06
0.0706579,0.000306363,2.16469e-05,3.50385e-05,2.47575e-06
0.0709011,0.000305984,2.16946e-05,3.51158e-05,2.48975e-06
0.0711452,0.000301496,2.145e-05,3.47198e-05,2.47015e-06
0.0713901,0.000308131,2.19975e-05,3.5606e-05,2.54192e-06
0.0716358,0.000307961,2.2061e-05,3.57088e-05,2.55803e-06
0.0718824,0.000312084,2.24333e-05,3.63115e-05,2.61015e-06
0.0721298,0.000312132,2.2514e-05,3.64421e-05,2.62856e-06
0.0723781,0.00031323,2.2671e-05,3.66961e-05,2.656e-06
0.0726273,0.000321206,2.33284e-05,3.77602e-05,2.74242e-06
0.0728773,0.000314348,2.29088e-05,3.70811e-05,2.70237e-06
0.0731281,0.000316583,2.31511e-05,3.74733e-05,2.74035e-06
0.0733798,0.000316731,2.32417e-05,3.76198e-05,2.76054e-06
0.0736324,0.000319832,2.355e-05,3.81189e-05,2.80679e-06
0.0738859,0.000320669,2.36929e-05,3.83503e-05,2.83354e-06
0.0741402,0.000326282,2.41906e-05,3.91558e-05,2.90302e-06
0.0743954,0.000325413,2.42092e-05,3.9186e-05,2.91525e-06
0.0746515,0.000321013,2.39641e-05,3.87892e-05,2.89567e-06
0.0749085,0.00032582,2.44067e-05,3.95056e-05,2.95931e-06
0.0751663,0.000328839,2.47176e-05,4.00089e-05,3.00732e-06
0.0754251,0.000330963,2.49629e-05,4.04059e-05,3.04762e-06
0.0756847,0.000337677,2.5557e-05,4.13675e-05,3.13089e-06
0.0759452,0.000336398,2.55478e-05,4.13527e-05,3.14054e-06
0.0762067,0.000330201,2.51636e-05,4.07307e-05,3.10395e-06
0.076469,0.000331552,2.53534e-05,4.1038e-05,3.13814e-06
0.0767322,0.000330375,2.53504e-05,4.10332e-05,3.14857e-06
0.0769963,0.000342195,2.63477e-05,4.26475e-05,3.2837e-06
0.0772614,0.000342739,2.64805e-05,4.28623e-05,3.3116e-06
0.0775273,0.000340296,2.63822e-05,4.27033e-05,3.31067e-06
0.0777942,0.000342804,2.66681e-05,4.31661e-05,3.35807e-06
0.078062,0.000339464,2.64992e-05,4.28926e-05,3.34828e-06
0.0783307,0.000349525,2.73785e-05,4.43159e-05,3.4713e-06
0.0786003,0.000350333,2.75363e-05,4.45712e-05,3.50331e-06
0.0788709,0.000349412,2.75585e-05,4.46072e-05,3.51821e-06
0.0791424,0.000348837,2.76078e-05,4.46871e-05,3.53664e-06
0.0794148,0.000346534,2.75199e-05,4.45448e-05,3.53752e-06
0.0796882,0.000348157,2.7744e-05,4.49075e-05,3.5786e-06
0.0799625,0.000356667,2.852e-05,4.61635e-05,3.69135e-06
0.0802377,0.000356668,2.86182e-05,4.63225e-05,3.71681e-06
0.0805139,0.000356611,2.87122e-05,4.64746e-05,3.74185e-06
0.080791,0.000360566,2.91305e-05,4.71517e-05,3.80943e-06
0.0810692,0.000361246,2.9286e-05,4.74034e-05,3.84295e-06
0.0813482,0.000365686,2.97479e-05,4.81511e-05,3.91701e-06
0.0816282,0.000361742,2.95284e-05,4.77957e-05,3.90148e-06
0.0819092,0.000373219,3.057e-05,4.94818e-05,4.05302e-06
0.0821912,0.000369712,3.03871e-05,4.91857e-05,4.04263e-06
0.0824741,0.000367034,3.02708e-05,4.89975e-05,4.04103e-06
0.082758,0.000372376,3.08171e-05,4.98818e-05,4.12811e-06
0.0830428,0.000377871,3.13795e-05,5.07921e-05,4.21791e-06
0.0833287,0.000376815,3.13995e-05,5.08244e-05,4.23513e-06
0.0836155,0.000375285,3.13797e-05,5.07923e-05,4.24702e-06
0.0839034,0.000377218,3.16499e-05,5.12297e-05,4.29835e-06
0.0841922,0.000378559,3.18717e-05,5.15888e-05,4.34337e-06
0.084482,0.00037898,3.2017e-05,5.18239e-05,4.37819e-06
0.0847728,0.00038942,3.30123e-05,5.34349e-05,4.52983e-06
0.0850646,0.000386755,3.28991e-05,5.32518e-05,4.52984e-06
0.0853574,0.000387806,3.31021e-05,5.35804e-05,4.57348e-06
0.0856512,0.000394228,3.37661e-05,5.46551e-05,4.68127e-06
0.0859461,0.000388825,3.3418e-05,5.40916e-05,4.64896e-06
0.0862419,0.000394114,3.39892e-05,5.50161e-05,4.7447e-06
0.0865388,0.000394463,3.41364e-05,5.52544e-05,4.78165e-06
0.0868367,0.000404593,3.51335e-05,5.68684e-05,4.93827e-06
0.0871356,0.00039972,3.48298e-05,5.63769e-05,4.91244e-06
0.0874355,0.000399984,3.49728e-05,5.66083e-05,4.94958e-06
0.0877365,0.00040124,3.52034e-05,5.69816e-05,4.99936e-06
0.0880385,0.000404042,3.55712e-05,5.75769e-05,5.06899e-06
0.0883415,0.000408418,3.60802e-05,5.84008e-05,5.15922e-06
0.0886456,0.000411883,3.65116e-05,5.90991e-05,5.23887e-06
0.0889508,0.000415963,3.70003e-05,5.98901e-05,5.32727e-06
0.089257,0.000418495,3.73536e-05,6.04619e-05,5.39665e-06
0.0895642,0.000414342,3.71102e-05,6.0068e-05,5.37994e-06
0.0898725,0.000415449,3.73375e-05,6.04358e-05,5.43152e-06
0.0901819,0.000415959,3.7512e-05,6.07183e-05,5.47569e-06
0.0904923,0.000427286,3.86661e-05,6.25864e-05,5.66359e-06
0.0908038,0.000424238,3.85224e-05,6.23538e-05,5.66196e-06
0.0911164,0.000423907,3.86249e-05,6.25197e-05,5.69657e-06
0.09143,0.000427194,3.90583e-05,6.32213e-05,5.78032e-06
0.0917447,0.000427243,3.91973e-05,6.34462e-05,5.82085e-06
0.0920605,0.000432591,3.98245e-05,6.44615e-05,5.93436e-06
0.0923774,0.000431686,3.9878e-05,6.45481e-05,5.96279e-06
0.0926954,0.000440794,4.08596e-05,6.61368e-05,6.13058e-06
0.0930145,0.000434665,4.04301e-05,6.54417e-05,6.08703e-06
0.0933347,0.000444145,4.14541e-05,6.70992e-05,6.26269e-06
0.0936559,0.000444021,4.15852e-05,6.73113e-05,6.3041e-06
0.0939783,0.00044202,4.15403e-05,6.72387e-05,6.31898e-06
0.0943018,0.00044864,4.23075e-05,6.84806e-05,6.45784e-06
0.0946264,0.000445787,4.21832e-05,6.82794e-05,6.46103e-06
0.0949522,0.000452564,4.2972e-05,6.95561e-05,6.6045e-06
0.095279,0.000449508,4.28287e-05,6.93242e-05,6.60514e-06
0.095607,0.000455873,4.35847e-05,7.05478e-05,6.74486e-06
0.0959361,0.000453343,4.3492e-05,7.03978e-05,6.75369e-06
0.0962663,0.000455788,4.3877e-05,7.1021e-05,6.83693e-06
0.0965977,0.000464945,4.49126e-05,7.26972e-05,7.02238e-06
0.0969302,0.000467537,4.53184e-05,7.33541e-05,7.11023e-06
0.0972638,0.000465146,4.52419e-05,7.32303e-05,7.12265e-06
0.0975986,0.000464744,4.53584e-05,7.34188e-05,7.16557e-06
0.0979346,0.000464922,4.5532e-05,7.36998e-05,7.21776e-06
0.0982717,0.000473853,4.65663e-05,7.5374e-05,7.40713e-06
0.09861,0.000478209,4.71562e-05,7.63288e-05,7.52678e-06
0.0989494,0.000471779,4.66823e-05,7.55617e-05,7.47679e-06
0.09929,0.000480084,4.76675e-05,7.71565e-05,7.66087e-06
0.0996318,0.000478167,4.76406e-05,7.71129e-05,7.6829e-06
0.0999748,0.000484747,4.84624e-05,7.84431e-05,7.84234e-06
0.100319,0.000485687,4.87236e-05,7.88659e-05,7.91175e-06
0.100664,0.000487882,4.91122e-05,7.94949e-05,8.00227e-06
0.101011,0.000487356,4.92284e-05,7.96829e-05,8.04885e-06
0.101358,0.000491847,4.98526e-05,8.06933e-05,8.17891e-06
0.101707,0.000489625,4.97983e-05,8.06054e-05,8.19813e-06
0.102057,0.000499083,5.09349e-05,8.24452e-05,8.41411e-06
0.102409,0.000499133,5.11158e-05,8.27379e-05,8.47311e-06
0.102761,0.000499545,5.13337e-05,8.30907e-05,8.53849e-06
0.103115,0.000499038,5.14583e-05,8.32923e-05,8.58869e-06
0.10347,0.00050387,5.21354e-05,8.43884e-05,8.73167e-06
0.103826,0.000510571,5.30105e-05,8.58048e-05,8.90877e-06
0.104183,0.000513877,5.35372e-05,8.66573e-05,9.02822e-06
0.104542,0.000513787,5.37123e-05,8.69408e-05,9.08896e-06
0.104902,0.00051425,5.39458e-05,8.73188e-05,9.15991e-06
0.105263,0.000520167,5.47543e-05,8.86274e-05,9.32919e-06
0.105625,0.00051691,5.45986e-05,8.83754e-05,9.33465e-06
0.105989,0.000530239,5.61995e-05,9.09666e-05,9.64146e-06
0.106354,0.000517662,5.50554e-05,8.91147e-05,9.47771e-06
0.10672,0.000529846,5.65452e-05,9.15262e-05,9.76767e-06
0.107087,0.000531474,5.69139e-05,9.2123e-05,9.86518e-06
0.107456,0.000531709,5.71354e-05,9.24815e-05,9.93769e-06
0.107826,0.000537793,5.7988e-05,9.38616e-05,1.01207e-05
0.108197,0.000539279,5.83484e-05,9.44449e-05,1.02187e-05
0.108569,0.000541338,5.87725e-05,9.51315e-05,1.03283e-05
0.108943,0.000534502,5.82302e-05,9.42536e-05,1.02683e-05
0.109318,0.000549093,6.00258e-05,9.716e-05,1.06213e-05
0.109694,0.000545231,5.98086e-05,9.68085e-05,1.06193e-05
0.110072,0.000547038,6.02136e-05,9.74641e-05,1.07281e-05
0.110451,0.000551634,6.09285e-05,9.86212e-05,1.08928e-05
0.110831,0.000556521,6.16798e-05,9.98372e-05,1.10651e-05
0.111213,0.000554913,6.17135e-05,9.98918e-05,1.11093e-05
0.111595,0.000555523,6.19936e-05,0.000100345,1.1198e-05
0.11198,0.000562373,6.29746e-05,0.000101933,1.14145e-05
0.112365,0.000567684,6.37878e-05,0.000103249,1.16016e-05
0.112752,0.000566498,6.38737e-05,0.000103388,1.16573e-05
0.11314,0.000561203,6.34945e-05,0.000102775,1.16279e-05
0.113529,0.000574376,6.52083e-05,0.000105549,1.19828e-05
0.11392,0.000574526,6.545e-05,0.00010594,1.20687e-05
0.114312,0.000580448,6.63522e-05,0.0001074,1.22771e-05
0.114706,0.000583523,6.69336e-05,0.000108341,1.24274e-05
0.115101,0.000577975,6.65255e-05,0.000107681,1.23941e-05
0.115497,0.000586217,6.77063e-05,0.000109592,1.26576e-05
0.115894,0.000588877,6.82473e-05,0.000110468,1.28025e-05
0.116293,0.000585534,6.80935e-05,0.000110219,1.28177e-05
0.116694,0.000585664,6.83435e-05,0.000110623,1.29091e-05
0.117095,0.000596183,6.98101e-05,0.000112997,1.32314e-05
0.117498,0.000601226,7.06428e-05,0.000114345,1.34353e-05
0.117903,0.000602569,7.10447e-05,0.000114996,1.35583e-05
0.118309,0.000601395,7.11505e-05,0.000115167,1.36253e-05
0.118716,0.000608132,7.2195e-05,0.000116857,1.38729e-05
0.119125,0.000609096,7.25585e-05,0.000117446,1.39908e-05
0.119535,0.000607403,7.26059e-05,0.000117523,1.40481e-05
0.119946,0.000610916,7.32769e-05,0.000118609,1.42266e-05
0.120359,0.000617711,7.43471e-05,0.000120341,1.44841e-05
0.120773,0.0006194,7.48068e-05,0.000121085,1.46238e-05
0.121189,0.000624497,7.56822e-05,0.000122502,1.48459e-05
0.121606,0.000621412,7.55674e-05,0.000122316,1.48744e-05
0.122025,0.0006293,7.67903e-05,0.000124296,1.51672e-05
0.122445,0.000636684,7.79588e-05,0.000126187,1.5451e-05
0.122866,0.000636778,7.82384e-05,0.00012664,1.55597e-05
0.123289,0.000637304,7.85726e-05,0.000127181,1.568e-05
0.123714,0.00064484,7.97757e-05,0.000129128,1.59749e-05
0.124139,0.000639861,7.94317e-05,0.000128571,1.59607e-05
0.124567,0.000647259,8.06271e-05,0.000130506,1.62567e-05
0.124996,0.000651539,8.14398e-05,0.000131822,1.64772e-05
0.125426,0.000652515,8.18423e-05,0.000132473,1.66156e-05
0.125858,0.000650242,8.18381e-05,0.000132466,1.66719e-05
0.126291,0.000651529,8.22823e-05,0.000133185,1.68201e-05
0.126726,0.000662382,8.3941e-05,0.00013587,1.72183e-05
0.127162,0.000661233,8.40837e-05,0.000136101,1.73069e-05
0.127599,0.000662972,8.45945e-05,0.000136928,1.74719e-05
0.128039,0.000669837,8.57652e-05,0.000138823,1.77747e-05
0.128479,0.000673872,8.65784e-05,0.000140139,1.80049e-05
0.128922,0.000687502,8.86342e-05,0.000143467,1.8496e-05
0.129365,0.000686058,8.87519e-05,0.000143657,1.85842e-05
0.129811,0.000679361,8.81885e-05,0.000142745,1.85299e-05
0.130258,0.000687661,8.95733e-05,0.000144987,1.88857e-05
0.130706,0.000682471,8.9203e-05,0.000144387,1.88723e-05
0.131156,0.00069566,9.124e-05,0.000147685,1.93697e-05
0.131607,0.000695699,9.15589e-05,0.000148201,1.95043e-05
0.13206,0.000701995,9.27055e-05,0.000150057,1.98165e-05
0.132515,0.000698959,9.26226e-05,0.000149922,1.9867e-05
0.132971,0.000702401,9.33989e-05,0.000151179,2.01024e-05
0.133429,0.0007078,9.4441e-05,0.000152866,2.03967e-05
0.133888,0.000704667,9.43464e-05,0.000152713,2.04464e-05
0.134349,0.000709072,9.52631e-05,0.000154196,2.07161e-05
0.134811,0.000717048,9.66659e-05,0.000156467,2.10935e-05
0.135276,0.000710826,9.61577e-05,0.000155645,2.1055e-05
0.135741,0.00072555,9.84868e-05,0.000159415,2.16391e-05
0.136208,0.000732681,9.9797e-05,0.000161535,2.20024e-05
0.136677,0.000723542,9.88916e-05,0.00016007,2.18778e-05
0.137148,0.000728699,9.99396e-05,0.000161766,2.21859e-05
0.13762,0.00073391,0.000101001,0.000163483,2.24986e-05
0.138094,0.000734153,0.000101382,0.000164101,2.26614e-05
0.138569,0.000738381,0.000102317,0.000165614,2.29489e-05
0.139046,0.000749434,0.000104206,0.000168672,2.34531e-05
0.139525,0.000745099,0.00010396,0.000168273,2.34783e-05
0.140005,0.000746651,0.000104535,0.000169204,2.36894e-05
0.140487,0.000750073,0.000105375,0.000170565,2.39621e-05
0.14097,0.00076633,0.00010803,0.000174861,2.46501e-05
0.141456,0.00076128,0.000107688,0.000174307,2.46568e-05
0.141943,0.00077024,0.00010933,0.000176966,2.51191e-05
0.142431,0.000780686,0.000111194,0.000179983,2.56351e-05
0.142921,0.000763097,0.000109063,0.000176533,2.52302e-05
0.143413,0.000768364,0.000110193,0.000178363,2.55796e-05
0.143907,0.000793251,0.000114154,0.000184775,2.65903e-05
0.144402,0.000786509,0.000113573,0.000183834,2.6546e-05
0.144899,0.000786192,0.000113918,0.000184393,2.67183e-05
0.145398,0.000787826,0.000114548,0.000185412,2.69586e-05
0.145899,0.000789301,0.000115158,0.000186399,2.71955e-05
0.146401,0.000795471,0.000116458,0.000188503,2.7597e-05
0.146905,0.000802061,0.000117827,0.000190719,2.80175e-05
0.147411,0.000798707,0.000117738,0.000190576,2.80929e-05
0.147918,0.000807454,0.000119437,0.000193325,2.85963e-05
0.148427,0.000806881,0.000119763,0.000193853,2.8773e-05
0.148938,0.000819885,0.000122112,0.000197655,2.94384e-05
0.149451,0.00081908,0.000122412,0.000198141,2.96124e-05
0.149965,0.000817928,0.000122661,0.000198543,2.97745e-05
0.150481,0.000817086,0.000122956,0.000199021,2.99489e-05
0.150999,0.000831259,0.000125519,0.00020317,3.06785e-05
0.151519,0.000835227,0.000126553,0.000204843,3.10376e-05
0.152041,0.000833976,0.000126799,0.000205241,3.12051e-05
0.152564,0.000844994,0.000128916,0.000208668,3.18352e-05
0.153089,0.000849565,0.000130059,0.000210519,3.22281e-05
0.153616,0.000838368,0.000128787,0.000208459,3.20226e-05
0.154145,0.000851128,0.000131197,0.000212361,3.27343e-05
0.154676,0.000845528,0.000130783,0.00021169,3.27434e-05
0.155208,0.000860483,0.000133554,0.000216175,3.35522e-05
0.155742,0.000858356,0.000133682,0.000216383,3.36999e-05
0.156278,0.000866419,0.000135402,0.000219167,3.4251e-05
0.156816,0.000865878,0.000135783,0.000219784,3.44657e-05
0.157356,0.000871584,0.000137149,0.000221995,3.49322e-05
0.157898,0.000879155,0.000138817,0.000224694,3.54788e-05
0.158441,0.000881289,0.000139632,0.000226014,3.58099e-05
0.158987,0.00088288,0.000140366,0.000227202,3.61222e-05
0.159534,0.000883597,0.000140964,0.000228169,3.64008e-05
0.160083,0.000899918,0.000144062,0.000233184,3.73287e-05
0.160634,0.000898921,0.000144397,0.000233727,3.75445e-05
0.161187,0.000896561,0.000144514,0.000233916,3.77042e-05
0.161742,0.000901913,0.000145877,0.000236122,3.81909e-05
0.162299,0.000905547,0.000146969,0.00023789,3.86093e-05
0.162857,0.000903913,0.000147209,0.000238277,3.88051e-05
0.163418,0.000908554,0.000148474,0.000240326,3.92735e-05
0.163981,0.000913756,0.000149839,0.000242534,3.9771e-05
0.164545,0.000921244,0.000151586,0.000245363,4.03733e-05
0.165111,0.000923561,0.00015249,0.000246826,4.07537e-05
0.16568,0.000930133,0.000154104,0.000249439,4.13271e-05
0.16625,0.000925656,0.00015389,0.000249093,4.14117e-05
0.166822,0.00093636,0.000156205,0.00025284,4.21793e-05
0.167397,0.000940295,0.000157403,0.000254778,4.2649e-05
0.167973,0.000945582,0.000158832,0.000257092,4.31845e-05
0.168551,0.000949356,0.000160015,0.000259006,4.36557e-05
0.169131,0.000959835,0.000162338,0.000262766,4.44419e-05
0.169713,0.000957474,0.000162496,0.000263022,4.46382e-05
0.170298,0.00096415,0.000164193,0.000265769,4.52599e-05
0.170884,0.000961139,0.000164243,0.000265851,4.54296e-05
0.171472,0.00096409,0.000165314,0.000267584,4.58832e-05
0.172062,0.000973062,0.000167427,0.000271004,4.66294e-05
0.172654,0.000974246,0.000168208,0.000272267,4.7008e-05
0.173249,0.000989813,0.000171484,0.000277571,4.80889e-05
0.173845,0.00098317,0.000170919,0.000276656,4.80953e-05
0.174444,0.000994273,0.000173445,0.000280745,4.89742e-05
0.175044,0.000995181,0.0001742,0.000281967,4.93567e-05
0.175647,0.00100012,0.000175668,0.000284343,4.99439e-05
0.176251,0.00099063,0.000174599,0.000282613,4.98109e-05
0.176858,0.00100097,0.00017703,0.000286548,5.06783e-05
0.177467,0.00101415,0.000179978,0.00029132,5.16996e-05
0.178078,0.0010018,0.000178398,0.000288762,5.14221e-05
0.178691,0.00101428,0.000181244,0.000293368,5.24222e-05
0.179306,0.00102223,0.000183292,0.000296684,5.31972e-05
0.179923,0.00102166,0.000183821,0.000297539,5.35341e-05
0.180542,0.00103517,0.000186891,0.000302509,5.46155e-05
0.181164,0.00103931,0.000188286,0.000304766,5.52127e-05
0.181787,0.00103612,0.000188353,0.000304875,5.54224e-05
0.182413,0.0010394,0.0001896,0.000306894,5.59815e-05
0.183041,0.00104316,0.000190942,0.000309065,5.65716e-05
0.183671,0.0010519,0.000193203,0.000312726,5.74388e-05
0.184303,0.001049,0.000193333,0.000312936,5.76751e-05
0.184938,0.00105397,0.00019492,0.000315504,5.83487e-05
0.185574,0.0010604,0.000196783,0.000318521,5.91093e-05
0.186213,0.00105757,0.000196934,0.000318764,5.93581e-05
0.186854,0.00106335,0.000198691,0.000321608,6.00938e-05
0.187497,0.00108452,0.000203345,0.000329141,6.1713e-05
0.188143,0.00107416,0.000202096,0.000327121,6.15454e-05
0.18879,0.00108604,0.000205034,0.000331876,6.26549e-05
0.18944,0.00108625,0.00020578,0.000333083,6.30992e-05
0.190092,0.00109742,0.000208611,0.000337665,6.41874e-05
0.190747,0.00108911,0.000207744,0.000336263,6.41411e-05
0.191403,0.00109375,0.000209348,0.000338858,6.48585e-05
0.192062,0.00110159,0.000211574,0.000342461,6.57738e-05
0.192723,0.00110614,0.000213178,0.000345058,6.65005e-05
0.193387,0.00110097,0.000212914,0.000344631,6.66471e-05
0.194052,0.00111343,0.000216063,0.000349728,6.78655e-05
0.19472,0.00112296,0.000218663,0.000353936,6.89184e-05
0.19539,0.00111511,0.000217881,0.00035267,6.89082e-05
0.196063,0.00113064,0.000221676,0.000358813,7.035e-05
0.196738,0.00113426,0.000223151,0.000361201,7.1062e-05
0.197415,0.00112917,0.000222916,0.00036082,7.12314e-05
0.198095,0.00113036,0.000223918,0.000362442,7.17979e-05
0.198777,0.00114136,0.000226876,0.000367231,7.2997e-05
0.199461,0.00114275,0.000227933,0.000368942,7.35895e-05
0.200147,0.00114419,0.000229006,0.000370677,7.419e-05
0.200836,0.00115082,0.000231125,0.000374108,7.51345e-05
0.201528,0.00117355,0.000236503,0.000382813,7.71475e-05
0.202221,0.0011564,0.000233849,0.000378517,7.65441e-05
0.202917,0.00116882,0.000237174,0.000383899,7.78995e-05
0.203616,0.00116822,0.000237868,0.000385022,7.83966e-05
0.204317,0.00117415,0.000239898,0.000388308,7.93379e-05
0.20502,0.00117399,0.000240692,0.000389592,7.98742e-05
0.205726,0.00118341,0.000243458,0.00039407,8.10705e-05
0.206434,0.00118089,0.000243776,0.000394586,8.14559e-05
0.207145,0.00120164,0.000248914,0.000402902,8.34592e-05
0.207858,0.00119612,0.000248624,0.000402432,8.36486e-05
0.208573,0.00120667,0.000251679,0.000407377,8.49678e-05
0.209291,0.00120038,0.00025123,0.00040665,8.51081e-05
0.210012,0.0012202,0.000256257,0.000414788,8.71105e-05
0.210734,0.00121741,0.00025655,0.000415261,8.75096e-05
0.21146,0.0012194,0.000257854,0.000417373,8.82577e-05
0.212188,0.0012247,0.000259868,0.000420631,8.92529e-05
0.212918,0.00122838,0.000261545,0.000423347,9.01382e-05
0.213651,0.00123573,0.000264014,0.000427344,9.13024e-05
0.214386,0.00124068,0.000265984,0.000430533,9.23002e-05
0.215124,0.00124761,0.000268392,0.000434429,9.34562e-05
0.215865,0.00124392,0.00026852,0.000434636,9.38228e-05
0.216608,0.00125163,0.000271114,0.000438835,9.50552e-05
0.217354,0.00124464,0.000270527,0.000437885,9.51761e-05
0.218102,0.00127104,0.000277215,0.000448711,9.78648e-05
0.218853,0.00126396,0.000276622,0.000447751,9.79917e-05
0.219606,0.00126159,0.000277053,0.000448448,9.84819e-05
0.220362,0.00127015,0.000279892,0.000453045,9.98338e-05
0.22112,0.00127378,0.000281658,0.000455902,0.000100809
0.221882,0.00127011,0.000281814,0.000456155,0.000101213
0.222645,0.00127829,0.000284606,0.000460673,0.000102567
0.223412,0.00128939,0.000288065,0.000466274,0.000104171
0.224181,0.00129308,0.000289885,0.000469219,0.00010519
0.224952,0.00129777,0.000291935,0.000472538,0.000106298
0.225727,0.00130833,0.000295325,0.000478024,0.000107903
0.226504,0.00129638,0.000293635,0.000475289,0.000107655
0.227283,0.00130595,0.000296819,0.000480443,0.000109196
0.228066,0.00130531,0.000297697,0.000481864,0.000109897
0.228851,0.00131798,0.000301621,0.000488215,0.000111729
0.229639,0.00131299,0.000301514,0.000488042,0.000112073
0.230429,0.00131076,0.000302038,0.00048889,0.000112655
0.231222,0.00133192,0.000307969,0.000498491,0.000115262
0.232018,0.00132496,0.000307416,0.000497595,0.000115451
0.232817,0.00135507,0.000315484,0.000510655,0.000118889
0.233618,0.00133528,0.000311946,0.000504928,0.00011796
0.234422,0.00134499,0.000315294,0.000510348,0.000119637
0.235229,0.00134629,0.000316686,0.0005126,0.000120578
0.236039,0.00135093,0.000318872,0.000516138,0.000121829
0.236852,0.00135573,0.000321108,0.000519758,0.000123106
0.237667,0.00135241,0.000321422,0.000520267,0.00012365
0.238485,0.00135416,0.000322946,0.000522732,0.000124664
0.239306,0.0013753,0.000329117,0.000532722,0.000127484
0.24013,0.00137723,0.000330714,0.000535306,0.000128543
0.240956,0.00136983,0.000330068,0.000534261,0.000128733
0.241786,0.00138455,0.000334765,0.000541864,0.000131015
0.242618,0.00139721,0.000338989,0.0005487,0.000133125
0.243453,0.00138703,0.000337677,0.000546577,0.000133066
0.244291,0.0013866,0.000338733,0.000548286,0.000133941
0.245132,0.00140203,0.000343683,0.000556298,0.000136366
0.245976,0.00140397,0.000345343,0.000558985,0.000137497
0.246822,0.00141055,0.000348154,0.000563535,0.000139093
0.247672,0.00140532,0.000348057,0.000563379,0.000139533
0.248525,0.00142577,0.000354339,0.000573547,0.000142541
0.24938,0.00142019,0.000354168,0.000573269,0.000142962
0.250239,0.00142332,0.000356169,0.000576509,0.000144265
0.2511,0.00142564,0.000357977,0.000579435,0.000145496
0.251964,0.00142277,0.000358487,0.00058026,0.000146205
0.252832,0.00143664,0.000363227,0.000587934,0.000148648
0.253702,0.0014463,0.000366928,0.000593924,0.00015068
0.254575,0.00144623,0.000368175,0.000595941,0.000151712
0.255452,0.00143281,0.000366015,0.000592446,0.000151341
0.256331,0.00144496,0.000370389,0.000599525,0.000153677
0.257213,0.00144696,0.000372176,0.000602418,0.00015495
0.258099,0.00146164,0.000377248,0.000610627,0.000157602
0.258987,0.00146646,0.000379795,0.000614751,0.000159212
0.259878,0.00147209,0.000382563,0.000619231,0.000160925
0.260773,0.00147268,0.000384036,0.000621615,0.0001621
0.261671,0.0014622,0.000382616,0.000619317,0.000162057
0.262571,0.00148029,0.000388681,0.000629134,0.000165192
0.263475,0.00148391,0.000390973,0.000632843,0.000166738
0.264382,0.00149144,0.00039431,0.000638245,0.00016874
0.265292,0.00149238,0.000395917,0.000640846,0.000170011
0.266205,0.00148878,0.000396321,0.0006415,0.000170771
0.267122,0.00149978,0.000400625,0.000648467,0.00017322
0.268041,0.00149049,0.000399513,0.000646667,0.000173333
0.268964,0.00150086,0.000403678,0.000653409,0.000175743
0.26989,0.00150018,0.000404883,0.000655359,0.000176875
0.270819,0.00151126,0.000409279,0.000662474,0.000179411
0.271751,0.00151573,0.000411901,0.000666718,0.000181181
0.272686,0.00150584,0.00041062,0.000664646,0.00018124
0.273625,0.00152751,0.000417966,0.000676535,0.000185117
0.274567,0.00153012,0.000420121,0.000680023,0.000186712
0.275512,0.00152969,0.000421449,0.000682173,0.000187947
0.27646,0.00152549,0.000421738,0.000682641,0.000188723
0.277412,0.00152267,0.000422406,0.000683723,0.000189673
0.278367,0.00154956,0.000431347,0.000698195,0.000194355
0.279325,0.00154757,0.000432276,0.000699699,0.000195443
0.280287,0.00154601,0.000433326,0.000701398,0.000196593
0.281252,0.00155344,0.000436907,0.000707195,0.0001989
0.28222,0.00154511,0.000436062,0.000705826,0.000199198
0.283191,0.00155177,0.000439448,0.000711307,0.000201436
0.284166,0.00156391,0.00044441,0.000719339,0.000204412
0.285144,0.00156023,0.000444889,0.000720114,0.000205336
0.286126,0.00155042,0.000443616,0.000718054,0.000205454
0.287111,0.00156828,0.00045027,0.000728824,0.000209253
0.288099,0.00156264,0.000450196,0.000728704,0.000209939
0.289091,0.00157855,0.000456344,0.000738656,0.000213539
0.290086,0.00157016,0.000455482,0.00073726,0.000213869
0.291084,0.0015883,0.000462328,0.000748341,0.00021783
0.292086,0.00158388,0.00046263,0.00074883,0.000218723
0.293092,0.00157794,0.00046248,0.000748588,0.000219405
0.294101,0.00159497,0.000469083,0.000759275,0.000223304
0.295113,0.00159118,0.000469579,0.000760078,0.000224309
0.296129,0.00160112,0.000474137,0.000767456,0.000227266
0.297148,0.00159564,0.000474142,0.000767464,0.00022805
0.298171,0.0016042,0.000478326,0.000774236,0.000230855
0.299197,0.00160187,0.000479276,0.000775775,0.000232109
0.300227,0.00159467,0.000478764,0.000774945,0.000232659
0.301261,0.00161314,0.000485975,0.000786618,0.000236977
0.302298,0.00160288,0.000484548,0.000784308,0.000237095
0.303338,0.00160824,0.000487841,0.000789638,0.000239527
0.304382,0.00161331,0.000491061,0.000794851,0.000241938
0.30543,0.00161233,0.000492453,0.000797103,0.000243459
0.306482,0.00160987,0.000493395,0.000798629,0.000244765
0.307536,0.00161669,0.000497192,0.000804773,0.000247497
0.308595,0.0016257,0.000501684,0.000812044,0.000250593
0.309657,0.00162623,0.000503572,0.000815101,0.000252402
0.310723,0.00162359,0.000504487,0.000816581,0.000253731
0.311793,0.00162712,0.000507324,0.000821174,0.000256036
0.312866,0.00163545,0.000511677,0.000828219,0.000259122
0.313943,0.00163982,0.00051481,0.00083329,0.000261606
0.315024,0.00165226,0.000520502,0.000842504,0.000265409
0.316108,0.0016492,0.000521324,0.000843835,0.000266743
0.317196,0.00163944,0.000520025,0.000841732,0.000266994
0.318288,0.00163127,0.000519214,0.00084042,0.000267496
0.319384,0.0016426,0.000524621,0.000849171,0.000271212
0.320483,0.00164719,0.000527895,0.000854471,0.000273843
0.321586,0.00166342,0.000534934,0.000865864,0.00027845
0.322693,0.00165295,0.000533395,0.000863373,0.000278604
0.323804,0.00165672,0.000536452,0.000868322,0.000281166
0.324919,0.00165837,0.000538836,0.00087218,0.000283388
0.326037,0.00165304,0.000538951,0.000872367,0.000284424
0.327159,0.00166235,0.000543853,0.000880302,0.000287999
0.328286,0.00166698,0.000547248,0.000885796,0.000290794
0.329416,0.00166688,0.000549098,0.000888791,0.000292782
0.330549,0.00165636,0.000547507,0.000886216,0.000292938
0.331687,0.00167623,0.000555984,0.000899937,0.000298497
0.332829,0.00165988,0.000552457,0.000894227,0.000297625
0.333975,0.00167463,0.000559285,0.000905279,0.000302341
0.335124,0.00166142,0.000556783,0.00090123,0.000302024
0.336278,0.00166939,0.000561379,0.000908669,0.000305565
0.337435,0.0016648,0.000561761,0.000909288,0.000306826
0.338597,0.00169525,0.000574008,0.000929112,0.000314594
0.339763,0.00168452,0.000572337,0.000926406,0.000314759
0.340932,0.00167125,0.000569783,0.000922273,0.000314432
0.342106,0.00168836,0.000577598,0.000934922,0.000319843
0.343283,0.00168401,0.000578092,0.000935722,0.000321217
0.344465,0.00168203,0.000579399,0.000937837,0.000323052
0.345651,0.00167806,0.000580021,0.000938845,0.000324513
0.34684,0.00169305,0.000587217,0.000950492,0.000329669
0.348034,0.00170125,0.000592092,0.000958382,0.000333549
0.349232,0.00168304,0.000587773,0.000951391,0.000332256
0.350434,0.00168821,0.000591608,0.000957599,0.000335575
0.351641,0.00168646,0.000593027,0.000959896,0.000337539
0.352851,0.00169157,0.000596871,0.000966119,0.000340896
0.354066,0.00168999,0.000598367,0.00096854,0.000342927
0.355285,0.0016807,0.000597129,0.000966536,0.000343396
0.356508,0.00168163,0.000599516,0.0009704,0.000345955
0.357735,0.00169466,0.000606239,0.000981282,0.000351039
0.358966,0.00169694,0.000609145,0.000985986,0.000353935
0.360202,0.00169875,0.000611893,0.000990434,0.000356756
0.361442,0.00169709,0.000613401,0.000992874,0.000358866
0.362686,0.00167881,0.00060888,0.000985557,0.000357448
0.363934,0.00168042,0.000611563,0.000989899,0.000360258
0.365187,0.00170125,0.000621274,0.00100562,0.000367238
0.366444,0.00168158,0.000616203,0.00099741,0.000365495
0.367705,0.00167614,0.000616323,0.000997605,0.000366824
0.368971,0.00168943,0.000623351,0.00100898,0.000372284
0.370241,0.00168104,0.000622389,0.00100742,0.000372989
0.371516,0.00169146,0.000628405,0.00101716,0.000377891
0.372795,0.00168564,0.0006284,0.00101715,0.000379189
0.374078,0.00169662,0.000634668,0.0010273,0.00038429
0.375365,0.00168181,0.000631293,0.00102183,0.000383561
0.376658,0.00169031,0.00063667,0.00103054,0.00038816
0.377954,0.00168468,0.000636732,0.00103064,0.000389534
0.379255,0.00169115,0.000641377,0.00103816,0.000393726
0.380561,0.00169056,0.000643363,0.00104137,0.000396305
0.381871,0.00169411,0.000646933,0.00104715,0.000399877
0.383185,0.00168902,0.000647208,0.00104759,0.000401423
0.384504,0.00170116,0.000654102,0.00105875,0.000407095
0.385828,0.00168178,0.000648876,0.0010503,0.000405234
0.387156,0.00168224,0.000651289,0.0010542,0.00040814
0.388488,0.00170259,0.000661437,0.00107063,0.000415926
0.389826,0.00169315,0.000660034,0.00106836,0.000416473
0.391168,0.0016952,0.000663107,0.00107333,0.000419853
0.392514,0.00168514,0.000661443,0.00107064,0.00042024
0.393865,0.00168416,0.000663333,0.0010737,0.000422891
0.395221,0.00169031,0.000668046,0.00108132,0.000427362
0.396581,0.00168796,0.000669415,0.00108354,0.000429711
0.397946,0.0016716,0.000665208,0.00107673,0.000428481
0.399316,0.001664,0.000664463,0.00107553,0.000429475
0.400691,0.00169131,0.000677692,0.00109694,0.000439533
0.40207,0.00168493,0.000677459,0.00109656,0.000440894
0.403454,0.00166931,0.000673489,0.00109014,0.000439819
0.404843,0.00166003,0.000672051,0.00108781,0.000440391
0.406236,0.00167141,0.000678988,0.00109904,0.000446468
0.407635,0.00166501,0.000678718,0.0010986,0.000447827
0.409038,0.00166983,0.000683026,0.00110557,0.000452221
0.410446,0.00167027,0.000685554,0.00110966,0.000455457
0.411859,0.00166451,0.000685543,0.00110965,0.000457018
0.413277,0.00167449,0.000692027,0.00112014,0.000462929
0.414699,0.00166324,0.000689742,0.00111644,0.000462988
0.416127,0.00165685,0.000689459,0.00111598,0.000464391
0.417559,0.00165959,0.000692978,0.00112168,0.000468368
0.418996,0.00165885,0.000695053,0.00112504,0.000471387
0.420439,0.00166298,0.00069918,0.00113172,0.000475819
0.421886,0.0016523,0.00069708,0.00112832,0.000476023
0.423338,0.00163538,0.000692317,0.00112061,0.000474397
0.424795,0.00165065,0.00070119,0.00113497,0.000482131
0.426258,0.00164478,0.0007011,0.00113483,0.000483729
0.427725,0.00164707,0.000704491,0.00114032,0.000487742
0.429197,0.00166055,0.000712704,0.00115361,0.000495126
0.430675,0.00163593,0.000704556,0.00114042,0.000491151
0.432157,0.00162758,0.000703368,0.0011385,0.00049201
0.433645,0.00162416,0.000704309,0.00114002,0.000494365
0.435137,0.00163665,0.000712169,0.00115274,0.000501601
0.436635,0.00163976,0.000715977,0.00115891,0.000506019
0.438138,0.00162379,0.000711446,0.00115157,0.000504548
0.439646,0.00163876,0.000720474,0.00116619,0.000512709
0.44116,0.00163025,0.000719202,0.00116413,0.000513566
0.442678,0.00162203,0.000718039,0.00116224,0.0005145
0.444202,0.00162248,0.000720708,0.00116656,0.00051819
0.445731,0.00162937,0.000726261,0.00117555,0.00052398
0.447265,0.00161465,0.000722176,0.00116894,0.000522826
0.448805,0.00160168,0.000718841,0.00116354,0.000522204
0.45035,0.0016074,0.000723891,0.00117172,0.000527683
0.4519,0.00160564,0.000725588,0.00117446,0.000530741
0.453456,0.00160198,0.000726428,0.00117582,0.000533184
0.455017,0.00159747,0.000726876,0.00117655,0.00053535
0.456583,0.00159354,0.000727585,0.0011777,0.000537716
0.458155,0.00159604,0.000731232,0.0011836,0.000542272
0.459732,0.00158936,0.00073068,0.00118271,0.000543728
0.461314,0.00158903,0.000733042,0.00118653,0.000547363
0.462902,0.00157527,0.000729196,0.0011803,0.000546365
0.464495,0.00157185,0.000730117,0.00118179,0.000548938
0.466094,0.00157504,0.000734116,0.00118827,0.000553844
0.467699,0.00157843,0.000738229,0.00119492,0.000558865
0.469309,0.00157444,0.000738898,0.00119601,0.000561297
0.470924,0.00155742,0.000733427,0.00118715,0.000559059
0.472545,0.00156569,0.00073986,0.00119757,0.000565903
0.474172,0.00155704,0.000738303,0.00119505,0.000566657
0.475804,0.00153966,0.000732576,0.00118578,0.000564197
0.477442,0.00154225,0.000736335,0.00119186,0.000569044
0.479085,0.0015443,0.00073985,0.00119755,0.000573728
0.480734,0.00153431,0.000737597,0.0011939,0.000573949
0.482389,0.00153934,0.000742559,0.00120193,0.0005798
0.48405,0.00152594,0.000738632,0.00119558,0.000578719
0.485716,0.00151978,0.000738182,0.00119485,0.000580358
0.487388,0.00152809,0.000744771,0.00120551,0.000587553
0.489066,0.00151342,0.000740164,0.00119806,0.000585929
0.490749,0.00152024,0.000746055,0.00120759,0.000592625
0.492438,0.00151118,0.000744163,0.00120453,0.000593157
0.494133,0.00151816,0.000750174,0.00121426,0.000600006
0.495834,0.00150522,0.000746339,0.00120805,0.000598993
0.497541,0.00150728,0.000749933,0.00121387,0.00060395
0.499254,0.00148084,0.000739317,0.00119669,0.000597451
0.500972,0.00148452,0.000743703,0.00120379,0.000603063
0.502697,0.0014817,0.000744847,0.00120564,0.00060607
0.504427,0.00148171,0.000747415,0.00120979,0.000610253
0.506164,0.00147323,0.000745697,0.00120701,0.000610947
0.507906,0.00146474,0.000743949,0.00120418,0.000611612
0.509654,0.00147224,0.000750331,0.00121451,0.000618982
0.511409,0.00146905,0.000751286,0.00121606,0.000621904
0.513169,0.00145769,0.000748042,0.00121081,0.000621349
0.514935,0.00145834,0.000750949,0.00121551,0.000625911
0.516708,0.0014478,0.00074809,0.00121089,0.000625675
0.518486,0.00144549,0.000749464,0.00121311,0.000628981
0.520271,0.00144122,0.000749825,0.00121369,0.00063145
0.522062,0.00143543,0.000749381,0.00121298,0.000633249
0.523859,0.00142837,0.000748267,0.00121117,0.000634484
0.525662,0.00143183,0.000752658,0.00121828,0.000640404
0.527472,0.00140226,0.000739652,0.00119723,0.000631505
0.529288,0.00142142,0.000752342,0.00121777,0.000644551
0.531109,0.00140266,0.000744968,0.00120583,0.000640429
0.532938,0.00140264,0.000747522,0.00120997,0.000644837
0.534772,0.00140327,0.000750427,0.00121467,0.000649571
0.536613,0.00138157,0.000741369,0.00120001,0.00064394
0.53846,0.00137854,0.000742288,0.0012015,0.000646957
0.540314,0.00138376,0.000747664,0.0012102,0.000653886
0.542174,0.0013846,0.000750695,0.0012151,0.000658798
0.54404,0.00138116,0.000751406,0.00121625,0.000661691
0.545913,0.00135542,0.000739944,0.0011977,0.000653841
0.547792,0.00136913,0.000749999,0.00121398,0.000665007
0.549677,0.00135267,0.00074353,0.00120351,0.00066154
0.551569,0.0013315,0.000734415,0.00118875,0.000655679
0.553468,0.0013418,0.000742644,0.00120207,0.000665309
0.555373,0.00133987,0.000744128,0.00120447,0.000668932
0.557285,0.00133638,0.000744743,0.00120547,0.00067179
0.559203,0.00133214,0.000744938,0.00120578,0.000674279
0.561128,0.0013357,0.000749501,0.00121317,0.000680744
0.56306,0.00132147,0.000744069,0.00120438,0.000678137
0.564998,0.00130822,0.000739141,0.0011964,0.000675965
0.566943,0.00130774,0.000741412,0.00120008,0.000680376
0.568894,0.00129323,0.000735713,0.00119085,0.000677469
0.570853,0.00129618,0.000739928,0.00119768,0.000683697
0.572818,0.00128782,0.000737689,0.00119405,0.000683974
0.574789,0.00129203,0.000742644,0.00120207,0.000690938
0.576768,0.00127908,0.000737733,0.00119412,0.000688731
0.578753,0.00127631,0.000738666,0.00119563,0.000691977
0.580745,0.00125916,0.000731251,0.00118363,0.000687388
0.582744,0.00126258,0.000735762,0.00119093,0.000694009
0.58475,0.00125365,0.00073307,0.00118657,0.000693849
0.586763,0.00125555,0.000736713,0.00119247,0.000699698
0.588783,0.00125526,0.000739078,0.0011963,0.000704361
0.59081,0.00124157,0.000733531,0.00118732,0.000701481
0.592843,0.00122447,0.000725919,0.001175,0.00069659
0.594884,0.00123106,0.000732339,0.00118539,0.000705171
0.596932,0.00122135,0.000729062,0.00118009,0.000704432
0.598987,0.00121815,0.000729657,0.00118105,0.000707434
0.601049,0.00121532,0.000730468,0.00118236,0.000710658
0.603117,0.0012016,0.000724708,0.00117304,0.000707481
0.605194,0.00119644,0.000724077,0.00117202,0.000709299
0.607277,0.0011962,0.000726422,0.00117581,0.000714045
0.609367,0.00117527,0.000716168,0.00115922,0.000706389
0.611465,0.00117535,0.000718684,0.00116329,0.000711311
0.61357,0.00117732,0.00072237,0.00116926,0.00071742
0.615682,0.0011641,0.000716715,0.0011601,0.000714254
0.617801,0.00116508,0.000719788,0.00116508,0.000719786
0.619927,0.00115593,0.000716593,0.0011599,0.000719056
0.622061,0.00114909,0.000714806,0.00115701,0.000719732
0.624203,0.00114474,0.000714553,0.0011566,0.000721954
0.626351,0.00114013,0.000714124,0.00115591,0.000724004
0.628507,0.00113486,0.000713267,0.00115452,0.000725624
0.630671,0.00112217,0.000707719,0.00114554,0.000722459
0.632842,0.00110618,0.000700035,0.0011331,0.000717076
0.63502,0.00112698,0.000715654,0.00115838,0.000735597
0.637206,0.00111466,0.000710267,0.00114966,0.000732573
0.639399,0.00110855,0.000708808,0.0011473,0.000733584
0.6416,0.00109381,0.000701786,0.00113594,0.000728817
0.643809,0.00108893,0.00070106,0.00113476,0.00073057
0.646025,0.00108787,0.000702788,0.00113756,0.000734892
0.648249,0.00108729,0.000704833,0.00114087,0.000739567
0.65048,0.00107683,0.000700455,0.00113378,0.000737503
0.652719,0.0010604,0.000692144,0.00112033,0.000731261
0.654966,0.00105816,0.000693059,0.00112181,0.000734749
0.657221,0.00105703,0.000694702,0.00112447,0.000739026
0.659483,0.00105206,0.000693813,0.00112303,0.000740621
0.661753,0.00104977,0.000694689,0.00112445,0.000744108
0.664031,0.00104013,0.000690682,0.00111796,0.000742363
0.666317,0.00103102,0.000686989,0.00111199,0.000740936
0.66861,0.00103046,0.000688973,0.0011152,0.000745632
0.670912,0.00102084,0.000684893,0.00110859,0.000743769
0.673221,0.00102514,0.000690148,0.0011171,0.000752055
0.675539,0.00101131,0.000683178,0.00110582,0.000747023
0.677864,0.00100193,0.000679172,0.00109933,0.000745199
0.680197,0.000997559,0.000678536,0.0010983,0.000747064
0.682539,0.00100175,0.000683736,0.00110672,0.00075538
0.684888,0.00098215,0.000672663,0.0010888,0.000745704
0.687246,0.000984505,0.000676597,0.00109517,0.000752648
0.689611,0.000973726,0.000671492,0.0010869,0.00074954
0.691985,0.000982039,0.000679556,0.00109996,0.000761153
0.694367,0.000965202,0.000670205,0.00108482,0.000753262
0.696757,0.000958368,0.00066775,0.00108085,0.000753087
0.699156,0.00095514,0.000667792,0.00108091,0.000755727
0.701562,0.000948554,0.00066547,0.00107715,0.000755691
0.703977,0.000938701,0.000660824,0.00106964,0.000752999
0.706401,0.000938876,0.000663223,0.00107352,0.000758334
0.708832,0.000928581,0.000658208,0.0010654,0.00075519
0.711272,0.000928675,0.000660541,0.00106918,0.000760475
0.713721,0.000925177,0.000660318,0.00106882,0.000762837
0.716177,0.000921765,0.000660147,0.00106854,0.000765263
0.718643,0.000916302,0.000658494,0.00106586,0.000765975
0.721116,0.000904972,0.00065259,0.00105631,0.00076172
0.723599,0.000893957,0.000646867,0.00104704,0.000757639
0.726089,0.000894301,0.000649342,0.00105105,0.000763156
0.728589,0.000892029,0.000649923,0.00105199,0.000766468
0.731097,0.000884179,0.00064642,0.00104632,0.000764962
0.733613,0.000879947,0.000645541,0.0010449,0.00076655
0.736139,0.000873142,0.000642754,0.00104039,0.000765868
0.738673,0.000863006,0.000637479,0.00103185,0.000762198
0.741215,0.00101273,0.000750651,0.00121503,0.0009006
0.743767,0.0008603,0.000639863,0.00103571,0.000770324
0.746327,0.000852065,0.000635919,0.00102932,0.000768211
0.748896,0.000842272,0.000630774,0.001021,0.000764619
0.751474,0.000831338,0.000624729,0.00101121,0.000759898
0.754061,0.000830278,0.000626081,0.0010134,0.000764164
0.756656,0.000828597,0.000626963,0.00101483,0.000767874
0.759261,0.000820223,0.000622763,0.00100803,0.000765356
0.761874,0.00088213,0.000672072,0.00108784,0.000828798
0.764497,0.000823128,0.000629279,0.00101857,0.000778697
0.767128,0.000803268,0.00061621,0.00099742,0.000765149
0.769769,0.000807484,0.000621576,0.00100611,0.00077447
0.772419,0.000803695,0.000620789,0.00100483,0.000776152
0.775078,0.000793806,0.000615262,0.000995886,0.000771889
0.777746,0.000794289,0.000617755,0.000999922,0.000777686
0.780423,0.000778384,0.000607469,0.000983272,0.000767368
0.783109,0.000775559,0.000607347,0.000983075,0.000769855
0.785805,0.000776797,0.000610411,0.000988035,0.000776402
0.78851,0.000771789,0.000608563,0.000985044,0.000776717
0.791224,0.000761631,0.000602621,0.000975425,0.00077178
0.793948,0.000767052,0.000608999,0.000985749,0.000782633
0.79668,0.000759557,0.000605124,0.000979477,0.00078033
0.799423,0.000746575,0.000596829,0.00096605,0.000772283
0.802175,0.000752269,0.000603452,0.00097677,0.00078354
0.804936,0.000733154,0.000590142,0.000955226,0.000768896
0.807707,0.000742833,0.000599992,0.000971169,0.00078442
0.810487,0.000735659,0.000596242,0.0009651,0.000782201
0.813277,0.000728466,0.000592445,0.000958954,0.000779895
0.816076,0.00072521,0.000591827,0.000957953,0.000781763
0.818885,0.0007174,0.000587468,0.000950898,0.000778676
0.821704,0.000714903,0.000587439,0.00095085,0.000781318
0.824533,0.000706247,0.000582324,0.000942571,0.000777181
0.827371,0.000711747,0.000588879,0.000953182,0.000788635
0.830219,0.000701681,0.000582549,0.000942935,0.000782843
0.833077,0.000701555,0.000584449,0.000946011,0.0007881
0.835944,0.000684606,0.000572292,0.000926334,0.000774363
0.838822,0.00069786,0.00058538,0.000947518,0.000794799
0.841709,0.000690067,0.000580835,0.000940162,0.000791343
0.844607,0.000681353,0.000575475,0.000931486,0.00078674
0.847514,0.000674214,0.000571406,0.0009249,0.000783865
0.850431,0.000677526,0.000576189,0.000932642,0.000793148
0.853359,0.000669405,0.000571243,0.000924636,0.000789046
0.856296,0.000664028,0.000568604,0.000920365,0.000788105
0.859244,0.000660443,0.000567481,0.000918547,0.000789256
0.862201,0.000659713,0.000568805,0.00092069,0.000793819
0.865169,0.000659494,0.000570574,0.000923552,0.000799029
0.868147,0.000651211,0.000565347,0.000915092,0.000794434
0.871136,0.000653463,0.000569255,0.000921417,0.00080268
0.874135,0.000646711,0.000565313,0.000915037,0.000799866
0.877143,0.000642098,0.000563211,0.000911635,0.000799634
0.880163,0.000625255,0.000550326,0.000890779,0.00078403
0.883193,0.000625505,0.000552442,0.000894203,0.000789754
0.886233,0.00062758,0.000556182,0.000900257,0.000797838
0.889283,0.000630014,0.00056026,0.000906859,0.000806454
0.892344,0.000627401,0.000559857,0.000906206,0.000808647
0.895416,0.000618988,0.000554252,0.000897133,0.000803307
0.898498,0.000620136,0.000557191,0.000901891,0.000810347
0.901591,0.000611291,0.000551134,0.000892087,0.000804298
0.904695,0.000612232,0.000553884,0.000896537,0.000811093
0.907809,0.000599156,0.000543919,0.000880408,0.000799242
0.910934,0.000603063,0.00054935,0.0008892,0.000810002
0.914069,0.000606106,0.000554022,0.000896762,0.000819702
0.917216,0.000604663,0.000554606,0.000897707,0.000823391
0.920373,0.000589324,0.000542398,0.000877946,0.000808038
0.923541,0.000591325,0.000546113,0.000883959,0.000816372
0.92672,0.000589333,0.000546147,0.000884014,0.000819234
0.92991,0.000582217,0.000541409,0.000876346,0.000814923
0.933111,0.000582006,0.000543076,0.000879044,0.000820245
0.936323,0.000594936,0.000557053,0.000901667,0.000844251
0.939546,0.000574051,0.000539347,0.000873008,0.000820231
0.94278,0.000574153,0.0005413,0.000876169,0.000826035
0.946026,0.000575029,0.000543992,0.000880527,0.000833001
0.949282,0.000572092,0.000543077,0.000879045,0.000834462
0.95255,0.000571748,0.000544619,0.000881541,0.000839712
0.955829,0.000565534,0.000540554,0.000874961,0.000836313
0.959119,0.00057057,0.000547245,0.000885791,0.000849579
0.96242,0.0005542,0.000533374,0.000863339,0.000830894
0.965733,0.000564368,0.000545029,0.000882205,0.000851975
0.969057,0.000558665,0.000541378,0.000876296,0.00084918
0.972393,0.00055414,0.000538842,0.00087219,0.000848111
0.97574,0.000553211,0.00053979,0.000873725,0.000852529
0.979099,0.000551354,0.00053983,0.000873789,0.000855526
0.982469,0.000549118,0.000539492,0.000873242,0.000857933
0.985851,0.000543487,0.000535797,0.000867262,0.000854991
0.989245,0.000550897,0.000544972,0.000882113,0.000872625
0.99265,0.000543814,0.000539817,0.000873768,0.000867346
0.996067,0.000540984,0.000538856,0.000872212,0.000868782
0.999495,0.000537306,0.000537035,0.000869265,0.000868826
1.00294,0.000542008,0.000543602,0.000879895,0.000882482
1.00639,0.000533143,0.000536549,0.000868479,0.000874029
1.00985,0.000536629,0.000541915,0.000877164,0.000885804
1.01333,0.000535865,0.000543008,0.000878934,0.00089065
1.01682,0.000536712,0.00054574,0.000883355,0.000898213
1.02032,0.000527426,0.000538143,0.000871059,0.000888759
1.02383,0.000522462,0.000534912,0.000865829,0.000886461
1.02735,0.000519899,0.000534119,0.000864545,0.00088819
1.03089,0.000522564,0.000538706,0.000871969,0.000898904
1.03444,0.000521145,0.000539093,0.000872597,0.000902649
1.038,0.000520677,0.000540463,0.000874814,0.000908056
1.04157,0.000519259,0.000540844,0.000875431,0.000911823
1.04516,0.000517915,0.000541304,0.000876176,0.000915744
1.04876,0.000520964,0.000546366,0.000884368,0.00092749
1.05237,0.000515981,0.000543003,0.000878926,0.000924955
1.05599,0.000515502,0.000544365,0.000881129,0.000930464
1.05962,0.000522145,0.000553275,0.000895552,0.000948945
1.06327,0.000511603,0.000543972,0.000880494,0.000936203
1.06693,0.000512328,0.000546618,0.000884777,0.000943995
1.0706,0.000507282,0.000543096,0.000879076,0.000941139
1.07429,0.000509479,0.000547328,0.000885925,0.000951741
1.07799,0.00050531,0.000544719,0.000881703,0.000950467
1.0817,0.000510211,0.000551895,0.000893318,0.000966302
1.08542,0.000505147,0.000548297,0.000887495,0.000963304
1.08916,0.000504991,0.000550016,0.000890276,0.000969653
1.09291,0.000506152,0.000553179,0.000895397,0.000978588
1.09667,0.000502198,0.000550746,0.000891458,0.000977636
1.10044,0.000501484,0.000551853,0.000893249,0.000982967
1.10423,0.000494656,0.000546214,0.000884122,0.000976274
1.10803,0.000498211,0.000552032,0.00089354,0.000990069
1.11185,0.00049618,0.000551677,0.000892966,0.000992844
1.11567,0.000500688,0.000558602,0.000904175,0.00100876
1.11951,0.000498298,0.00055785,0.000902957,0.00101087
1.12337,0.00049345,0.000554327,0.000897255,0.00100795
1.12723,0.000500683,0.000564385,0.000913534,0.00102976
1.13111,0.000489924,0.000554157,0.00089698,0.00101458
1.13501,0.000491446,0.000557797,0.000902871,0.00102477
1.13891,0.000491617,0.000559907,0.000906287,0.00103218
1.14283,0.000493355,0.000563821,0.000912622,0.00104297
1.14677,0.000485182,0.000556392,0.000900598,0.00103278
1.15072,0.000486753,0.000560116,0.000906625,0.00104327
1.15468,0.0004863,0.000561521,0.000908899,0.00104949
1.15865,0.000483726,0.000560469,0.000907196,0.00105112
1.16264,0.000481202,0.000559465,0.000905572,0.00105285
1.16664,0.000482352,0.000562732,0.000910859,0.00106264
1.17066,0.000485071,0.000567853,0.000919149,0.00107601
1.17469,0.000481347,0.000565434,0.000915233,0.00107511
1.17873,0.000479285,0.000564947,0.000914445,0.00107788
1.18279,0.000479192,0.000566783,0.000917417,0.00108511
1.18686,0.000476607,0.000565666,0.000915608,0.0010867
1.19095,0.000475633,0.000566455,0.000916885,0.00109196
1.19505,0.000479349,0.000572845,0.000927229,0.00110809
1.19916,0.000474368,0.000568844,0.000920752,0.00110413
1.20329,0.000477299,0.000574329,0.000929631,0.00111862
1.20743,0.000473904,0.000572205,0.000926193,0.00111831
1.21158,0.000469643,0.00056901,0.000921021,0.00111589
1.21576,0.000470746,0.000572314,0.000926369,0.00112624
1.21994,0.000472653,0.000576608,0.00093332,0.00113859
1.22414,0.000472571,0.000578493,0.00093637,0.00114625
1.22835,0.00046418,0.000570176,0.000922908,0.00113365
1.23258,0.000468527,0.000577497,0.000934759,0.00115216
1.23682,0.000468479,0.000579424,0.000937877,0.00115999
1.24108,0.000469151,0.000582254,0.000942459,0.00116967
1.24535,0.000469932,0.00058523,0.000947276,0.00117969
1.24964,0.000466818,0.000583355,0.000944241,0.00117996
1.25394,0.000468074,0.000586936,0.000950037,0.00119129
1.25826,0.000463107,0.000582709,0.000943196,0.00118679
1.26259,0.000467114,0.000589774,0.00095463,0.00120531
1.26694,0.000458614,0.000581036,0.000940487,0.00119154
1.2713,0.000466844,0.000593499,0.000960659,0.00122129
1.27567,0.0004638,0.000591656,0.000957677,0.00122168
1.28006,0.000462955,0.00059261,0.000959221,0.00122786
1.28447,0.000459067,0.000589658,0.000954443,0.00122595
1.28889,0.000455585,0.000587199,0.000950462,0.00122504
1.29333,0.000454903,0.000588339,0.000952309,0.00123165
1.29778,0.000451215,0.000585578,0.000947839,0.00123009
1.30225,0.000459,0.000597732,0.000967512,0.00125994
1.30673,0.000455887,0.000595721,0.000964256,0.00126002
1.31123,0.000454832,0.00059639,0.000965339,0.00126578
1.31574,0.000454399,0.000597871,0.000967737,0.00127329
1.32027,0.000452563,0.000597506,0.000967146,0.00127689
1.32482,0.000449233,0.000595153,0.000963336,0.00127625
1.32938,0.000445886,0.000592752,0.000959451,0.00127547
1.33395,0.000450309,0.00060069,0.0009723,0.001297
1.33854,0.000450586,0.000603128,0.000976245,0.00130674
1.34315,0.000443119,0.000595175,0.000963373,0.00129395
1.34777,0.000447068,0.000602544,0.000975301,0.00131448
1.35241,0.000446217,0.000603469,0.000976797,0.00132103
1.35707,0.000445628,0.000604748,0.000978868,0.00132839
1.36174,0.00044631,0.000607758,0.00098374,0.0013396
1.36643,0.000439329,0.000600312,0.000971689,0.00132774
1.37113,0.000438125,0.000600727,0.00097236,0.00133323
1.37585,0.000436748,0.0006009,0.00097264,0.00133821
1.38059,0.000441145,0.00060904,0.000985816,0.00136101
1.38534,0.00044233,0.000612777,0.000991864,0.00137407
1.39011,0.000433036,0.000601968,0.000974368,0.00135448
1.39489,0.000433828,0.000605142,0.000979506,0.0013663
1.3997,0.000432994,0.000606061,0.000980994,0.0013731
1.40451,0.000432783,0.000607848,0.000983887,0.00138188
1.40935,0.000428579,0.000604018,0.000977687,0.0013779
1.4142,0.000424697,0.000600606,0.000972164,0.00137483
1.41907,0.000429145,0.000608987,0.000985729,0.00139882
1.42395,0.000414789,0.000590639,0.000956031,0.00136134
1.42885,0.000422638,0.000603886,0.000977473,0.00139666
1.43377,0.000424018,0.000607945,0.000984043,0.00141089
1.43871,0.000429118,0.000617376,0.000999308,0.00143771
1.44366,0.000421908,0.000609092,0.0009859,0.0014233
1.44863,0.000418471,0.00060621,0.000981234,0.00142144
1.45362,0.000422447,0.000614078,0.00099397,0.00144485
1.45862,0.000413627,0.000603325,0.000976565,0.00142444
1.46364,0.000420313,0.000615187,0.000995766,0.00145744
1.46868,0.00041083,0.000603378,0.00097665,0.00143439
1.47373,0.000413163,0.000608891,0.000985574,0.00145247
1.47881,0.000412094,0.000609409,0.000986412,0.00145872
1.4839,0.000408488,0.000606155,0.000981145,0.00145592
1.48901,0.000411456,0.000612661,0.000991677,0.00147662
1.49413,0.0004033,0.000602582,0.000975363,0.00145732
1.49927,0.000409401,0.000613802,0.000993524,0.00148956
1.50443,0.000408108,0.00061397,0.000993795,0.0014951
1.50961,0.000401237,0.000605711,0.000980427,0.00148006
1.51481,0.000397375,0.000601947,0.000974335,0.00147593
1.52002,0.000402547,0.00061188,0.000990412,0.00150545
1.52526,0.000400534,0.000610919,0.000988856,0.00150826
1.53051,0.0003985,0.000609908,0.00098722,0.00151095
1.53577,0.000402088,0.000617515,0.000999533,0.00153505
1.54106,0.000398035,0.000613395,0.000992865,0.00153006
1.54637,0.000391592,0.000605546,0.00098016,0.00151569
1.55169,0.000394423,0.000612022,0.000990641,0.00153717
1.55703,0.000398239,0.000620069,0.00100367,0.00156274
1.56239,0.000392279,0.000612892,0.00099205,0.00154997
1.56777,0.000387218,0.000607068,0.000982624,0.00154053
1.57316,0.000388024,0.000610424,0.000988056,0.00155437
1.57858,0.000383949,0.000606094,0.000981047,0.00154866
1.58401,0.000386869,0.000612805,0.000991909,0.00157119
1.58947,0.000383167,0.000609032,0.000985803,0.0015669
1.59494,0.000380533,0.000606928,0.000982396,0.00156686
1.60043,0.000378901,0.000606405,0.00098155,0.0015709
1.60594,0.000378159,0.0006073,0.000982999,0.00157864
1.61146,0.0003761,0.000606071,0.000981009,0.00158086
1.61701,0.000370642,0.000599332,0.000970101,0.00156866
1.62258,0.000375667,0.00060955,0.00098664,0.0016009
1.62816,0.000373324,0.000607832,0.00098386,0.00160188
1.63377,0.000373293,0.000609875,0.000987166,0.0016128
1.63939,0.000368373,0.000603906,0.000977506,0.00160251
1.64503,0.000367976,0.000605332,0.000979813,0.00161182
1.6507,0.000364294,0.00060134,0.000973352,0.00160671
1.65638,0.000362533,0.000600492,0.00097198,0.00160997
1.66208,0.000362975,0.000603293,0.000976513,0.00162304
1.6678,0.000359986,0.000600385,0.000971806,0.00162078
1.67354,0.000359253,0.000601224,0.000973165,0.00162863
1.6793,0.000361013,0.000606249,0.000981297,0.00164789
1.68508,0.00036344,0.000612426,0.000991296,0.00167041
1.69088,0.000355141,0.000600501,0.000971993,0.00164352
1.69671,0.000351978,0.000597204,0.000966658,0.00164014
1.70255,0.000354574,0.00060368,0.000977139,0.00166363
1.70841,0.000348554,0.000595473,0.000963856,0.00164666
1.71429,0.000351645,0.000602822,0.000975751,0.00167272
1.72019,0.000349854,0.000601816,0.000974122,0.00167568
1.72611,0.000345706,0.000596727,0.000965885,0.00166722
1.73205,0.000346155,0.000599557,0.000970466,0.0016809
1.73801,0.000339858,0.000590677,0.000956092,0.0016617
1.744,0.000338601,0.00059052,0.000955838,0.00166698
1.75,0.000340989,0.00059673,0.00096589,0.00169031
1.75602,0.000343711,0.000603563,0.000976949,0.00171554
1.76207,0.000334099,0.000588706,0.000952902,0.00167908
1.76813,0.000340469,0.000601993,0.000974409,0.00172288
1.77422,0.000335405,0.000595083,0.000963223,0.00170897
1.78033,0.000329482,0.000586587,0.000949472,0.00169037
1.78645,0.000327567,0.000585182,0.000947198,0.00169212
1.7926,0.00033162,0.000594463,0.00096222,0.00172488
1.79877,0.000328234,0.000590418,0.000955673,0.00171904
1.80497,0.0003256,0.000587698,0.000951271,0.00171701
1.81118,0.000324701,0.000588092,0.000951908,0.00172408
1.81741,0.000324119,0.000589056,0.000953469,0.00173284
1.82367,0.000320803,0.000585039,0.000946966,0.00172695
1.82995,0.000327856,0.00059996,0.000971119,0.0017771
1.83625,0.000317078,0.000582234,0.000942426,0.00173053
1.84257,0.000320584,0.000590698,0.000956126,0.00176173
1.84891,0.000317656,0.000587318,0.000950656,0.00175768
1.85527,0.000320583,0.000594768,0.000962714,0.00178609
1.86166,0.00031728,0.000590667,0.000956077,0.00177989
1.86807,0.00031289,0.0005845,0.000946094,0.00176737
1.8745,0.00031051,0.00058205,0.000942129,0.00176602
1.88095,0.000312784,0.00058833,0.000952294,0.00179122
1.88743,0.000316471,0.000597317,0.000966841,0.00182484
1.89392,0.000309365,0.000585913,0.000948381,0.00179616
1.90044,0.000312258,0.000593428,0.000960545,0.00182546
1.90698,0.000302105,0.000576108,0.000932511,0.00177828
1.91355,0.000308653,0.000590622,0.000956003,0.00182936
1.92014,0.000303684,0.000583115,0.000943852,0.00181233
1.92674,0.000300644,0.000579263,0.000937618,0.00180655
1.93338,0.000304531,0.000588774,0.000953012,0.00184253
1.94003,0.000298655,0.000579399,0.000937837,0.00181943
1.94671,0.000296096,0.000576414,0.000933005,0.00181629
1.95341,0.000294135,0.000574566,0.000930014,0.0018167
1.96014,0.000297736,0.000583605,0.000944645,0.00185164
1.96688,0.000292159,0.000574642,0.000930138,0.00182947
1.97365,0.00029127,0.000574865,0.000930499,0.00183648
1.98045,0.000291438,0.000577179,0.000934244,0.00185022
1.98726,0.000288431,0.000573188,0.000927783,0.00184375
1.9941,0.000293212,0.000584694,0.000946408,0.00188723
2.00097,0.000288101,0.000576481,0.000933114,0.00186713
2.00786,0.000283193,0.000568613,0.000920378,0.00184799
2.01477,0.000283697,0.000571585,0.000925188,0.00186404
2.0217,0.000283242,0.000572631,0.000926882,0.00187388
2.02866,0.000280229,0.00056849,0.000920179,0.00186673
2.03565,0.000277366,0.000564619,0.000913914,0.00186041
2.04265,0.000279948,0.000571836,0.000925596,0.00189067
2.04968,0.000277476,0.000568737,0.000920579,0.00188689
2.05674,0.000278604,0.000573016,0.000927506,0.00190764
2.06382,0.000277561,0.000572835,0.000927213,0.0019136
2.07092,0.00027554,0.000570621,0.000923629,0.00191276
2.07805,0.000271636,0.000564472,0.000913677,0.00189867
2.08521,0.000272689,0.000568613,0.000920379,0.00191918
2.09238,0.000272146,0.000569434,0.000921707,0.00192856
2.09959,0.00027095,0.000568884,0.000920818,0.00193334
2.10681,0.000265714,0.000559808,0.000906127,0.00190904
2.11406,0.000268957,0.000568591,0.000920342,0.00194566
2.12134,0.000263381,0.00055872,0.000904365,0.00191847
2.12864,0.000268016,0.000570509,0.000923447,0.00196569
2.13597,0.000268239,0.00057295,0.000927399,0.0019809
2.14332,0.00026295,0.000563585,0.00091224,0.00195522
2.1507,0.000263118,0.000565887,0.000915967,0.00196997
2.1581,0.000262637,0.000566797,0.000917439,0.00197992
2.16553,0.000258165,0.000559065,0.000904924,0.00195964
2.17299,0.000256108,0.000556519,0.000900803,0.00195744
2.18047,0.000260462,0.00056793,0.000919273,0.00200445
2.18797,0.000255119,0.000558193,0.000903513,0.00197686
2.19551,0.000257061,0.000564381,0.000913529,0.00200566
2.20306,0.000252899,0.000557152,0.000901828,0.00198678
2.21065,0.000253885,0.000561251,0.000908462,0.00200829
2.21826,0.000250594,0.000555883,0.000899773,0.00199593
2.22589,0.000247462,0.000550824,0.000891584,0.00198457
2.23355,0.000246599,0.000550791,0.000891532,0.00199128
2.24124,0.000248217,0.000556315,0.000900472,0.00201817
2.24896,0.000248831,0.000559612,0.000905809,0.00203713
2.2567,0.000238862,0.000539041,0.000872511,0.001969
2.26447,0.000242708,0.000549606,0.000889613,0.0020145
2.27226,0.000241405,0.000548535,0.00088788,0.00201749
2.28008,0.000242116,0.000552044,0.00089356,0.00203739
2.28793,0.000239843,0.000548743,0.000888216,0.00203218
2.29581,0.000237724,0.000545769,0.000883403,0.00202813
2.30371,0.000236494,0.000544814,0.000881857,0.00203154
2.31164,0.000237503,0.000549022,0.000888667,0.00205428
2.3196,0.000239039,0.000554474,0.000897493,0.00208182
2.32758,0.000232358,0.000540831,0.00087541,0.00203759
2.33559,0.000229301,0.000535553,0.000866867,0.00202465
2.34363,0.000233923,0.000548228,0.000887383,0.0020797
2.3517,0.000232293,0.000546283,0.000884234,0.00207945
2.3598,0.000227895,0.000537786,0.00087048,0.00205416
2.36792,0.000231845,0.000548991,0.000888617,0.00210417
2.37607,0.000229192,0.000544575,0.00088147,0.00209443
2.38425,0.000233209,0.00055603,0.000900011,0.00214585
2.39245,0.000222813,0.00053307,0.000862848,0.00206432
2.40069,0.000224809,0.000539698,0.000873575,0.00209718
2.40895,0.0002232,0.000537678,0.000870307,0.00209653
2.41725,0.000220419,0.000532809,0.000862425,0.0020847
2.42557,0.000223352,0.000541755,0.000876905,0.00212699
2.43392,0.000223178,0.000543197,0.000879239,0.00214
2.44229,0.000217476,0.000531139,0.000859722,0.00209969
2.4507,0.000215164,0.000527303,0.000853512,0.0020917
2.45914,0.000218024,0.000536152,0.000867837,0.00213413
2.4676,0.00022023,0.00054344,0.000879632,0.00217058
2.4761,0.000216422,0.000535882,0.0008674,0.00214777
2.48462,0.00021876,0.000543536,0.000879788,0.00218594
2.49317,0.000214205,0.000534049,0.000864432,0.00215518
2.50175,0.000215722,0.000539684,0.000873552,0.00218541
2.51037,0.000208743,0.000524023,0.000848204,0.00212931
2.51901,0.000212101,0.000534284,0.000864812,0.00217847
2.52768,0.000211458,0.000534497,0.000865158,0.00218684
2.53638,0.000211477,0.000536386,0.000868215,0.00220212
2.54511,0.000208989,0.000531901,0.000860955,0.00219123
2.55387,0.000207918,0.000530996,0.000859491,0.00219503
2.56266,0.000208889,0.000535312,0.000866477,0.00222049
2.57148,0.000205778,0.000529153,0.000856507,0.00220249
2.58033,0.000203775,0.000525807,0.000851091,0.0021961
2.58922,0.000203271,0.000526314,0.000851912,0.00220579
2.59813,0.000202085,0.000525042,0.000849854,0.00220803
2.60707,0.000200919,0.00052381,0.000847858,0.00221043
2.61605,0.000201396,0.000526862,0.000852799,0.00223096
2.62505,0.00020122,0.000528212,0.000854985,0.00224438
2.63409,0.00019864,0.000523235,0.000846927,0.00223088
2.64315,0.000197342,0.000521605,0.000844289,0.00223158
2.65225,0.000198862,0.000527432,0.000853721,0.00226428
2.66138,0.000201246,0.000535592,0.00086693,0.00230723
2.67054,0.000195316,0.0005216,0.000844281,0.00225469
2.67974,0.000194952,0.000522421,0.000845611,0.00226602
2.68896,0.000193372,0.000519971,0.000841644,0.00226315
2.69822,0.000195198,0.000526687,0.000852516,0.00230027
2.7075,0.000192939,0.000522381,0.000845546,0.00228932
2.71682,0.000192407,0.000522735,0.000846119,0.00229875
2.72618,0.000189177,0.00051573,0.000834781,0.00227576
2.73556,0.000189229,0.000517648,0.000837885,0.00229208
2.74498,0.000187019,0.000513365,0.000830951,0.00228095
2.75443,0.000189646,0.000522366,0.000845521,0.00232893
2.76391,0.000187063,0.000517026,0.000836879,0.00231306
2.77342,0.000185034,0.000513178,0.000830649,0.00230374
2.78297,0.000186204,0.000518201,0.00083878,0.0023343
2.79255,0.000184474,0.000515154,0.000833847,0.00232856
2.80216,0.000181936,0.000509814,0.000825205,0.00231236
2.81181,0.000178127,0.000500859,0.00081071,0.00227956
2.82148,0.000180949,0.000510543,0.000826385,0.00233163
2.8312,0.000183419,0.000519297,0.000840553,0.00237977
2.84094,0.000178779,0.000507901,0.000822108,0.00233556
2.85072,0.000182612,0.000520575,0.000842622,0.00240208
2.86053,0.000180108,0.000515204,0.000833929,0.00238548
2.87038,0.000177163,0.000508524,0.000823117,0.00236266
2.88026,0.000172053,0.000495559,0.00080213,0.00231034
2.89018,0.000176337,0.000509645,0.000824931,0.0023842
2.90012,0.000175587,0.000509223,0.000824247,0.00239042
2.91011,0.000174428,0.000507606,0.00082163,0.00239103
2.92013,0.000171867,0.000501874,0.000812352,0.00237217
2.93018,0.000173998,0.000509845,0.000825255,0.00241815
2.94026,0.000175389,0.000515689,0.000834713,0.00245427
2.95038,0.000169708,0.000500702,0.000810455,0.00239115
2.96054,0.000171915,0.000508961,0.000823823,0.00243896
2.97073,0.000170716,0.000507151,0.000820893,0.00243865
2.98096,0.0001705,0.000508253,0.000822678,0.00245237
2.99122,0.0001697,0.000507611,0.000821639,0.0024577
3.00151,0.000167212,0.000501888,0.000812375,0.00243835
3.01185,0.000166024,0.000500039,0.000809383,0.00243774
3.02221,0.000163754,0.0004949,0.000801065,0.00242099
3.03262,0.000164654,0.000499332,0.000808238,0.00245108
3.04306,0.000162961,0.000495901,0.000802685,0.00244262
3.05353,0.000163724,0.000499935,0.000809213,0.00247096
3.06404,0.000165956,0.000508495,0.000823069,0.00252192
3.07459,0.000160403,0.000493173,0.000798269,0.00245435
3.08517,0.000161604,0.000498577,0.000807016,0.00248978
3.09579,0.000159848,0.000494856,0.000800992,0.0024797
3.10645,0.000159746,0.000496244,0.000803239,0.00249522
3.11714,0.000160308,0.000499703,0.000808839,0.00252126
3.12787,0.000161543,0.000505284,0.000817872,0.0025582
3.13864,0.000157861,0.000495469,0.000801985,0.00251714
3.14944,0.000159045,0.000500903,0.000810781,0.00255351
3.16028,0.000155603,0.000491748,0.000795961,0.00251546
3.17116,0.000156256,0.000495512,0.000802054,0.00254344
3.18208,0.000154131,0.000490457,0.000793872,0.00252616
3.19303,0.000156026,0.000498194,0.000806396,0.00257485
3.20402,0.000151883,0.000486637,0.00078769,0.00252377
3.21505,0.00015341,0.000493222,0.000798348,0.00256673
3.22612,0.00015029,0.000484855,0.000784804,0.00253187
3.23722,0.000151127,0.000489231,0.000791888,0.00256351
3.24837,0.000151874,0.000493344,0.000798545,0.00259397
3.25955,0.000148738,0.000484819,0.000784747,0.00255792
3.27077,0.000148912,0.000487057,0.000788369,0.00257857
3.28203,0.000148399,0.000487049,0.000788356,0.00258741
3.29332,0.000147277,0.000485031,0.00078509,0.00258555
3.30466,0.000147998,0.000489084,0.000791649,0.00261613
3.31604,0.000144682,0.000479772,0.000776577,0.00257516
3.32745,0.000143216,0.000476545,0.000771354,0.00256664
3.3389,0.000145176,0.000484727,0.000784598,0.00261969
3.3504,0.000145782,0.00048843,0.000790591,0.00264879
3.36193,0.000144225,0.000484873,0.000784834,0.00263856
3.3735,0.000143104,0.00048276,0.000781414,0.0026361
3.38512,0.00014194,0.000480485,0.000777731,0.00263271
3.39677,0.000143371,0.000486999,0.000788275,0.00267759
3.40846,0.000144812,0.000493586,0.000798937,0.00272314
3.42019,0.000137374,0.000469845,0.000760508,0.00260108
3.43197,0.000141827,0.000486747,0.000787867,0.00270394
3.44378,0.000139939,0.000481919,0.000780052,0.00268633
3.45563,0.000135405,0.000467908,0.000757374,0.0026172
3.46753,0.000138069,0.000478757,0.000774934,0.00268711
3.47947,0.000136683,0.000475586,0.000769801,0.0026785
3.49144,0.000137398,0.000479717,0.000776488,0.00271106
3.50346,0.000136815,0.000479327,0.000775858,0.00271819
3.51552,0.000135583,0.000476644,0.000771515,0.00271227
3.52762,0.000133588,0.000471248,0.00076278,0.0026908
3.53976,0.000134044,0.000474484,0.000768017,0.0027186
3.55195,0.000135475,0.0004812,0.000778889,0.00276658
3.56418,0.000133376,0.000475377,0.000769463,0.0027425
3.57644,0.000130745,0.000467601,0.000756877,0.00270692
3.58876,0.00013446,0.000482544,0.000781064,0.00280305
3.60111,0.00013207,0.000475598,0.00076982,0.00277221
3.6135,0.000130555,0.000471762,0.000763611,0.00275931
3.62594,0.000129044,0.000467907,0.000757371,0.00274618
3.63842,0.000129404,0.000470826,0.000762097,0.00277283
3.65095,0.000127616,0.000465921,0.000754157,0.00275339
3.66352,0.000129566,0.000474667,0.000768313,0.00281473
3.67613,0.000128453,0.000472208,0.000764335,0.00280979
3.68878,0.000127038,0.000468616,0.00075852,0.00279801
3.70148,0.000125618,0.000464973,0.000752624,0.00278582
3.71422,0.000126989,0.000471664,0.000763453,0.00283563
3.72701,0.00012528,0.000466921,0.000755775,0.00281678
3.73983,0.000124997,0.000467467,0.00075666,0.00282978
3.75271,0.000124404,0.000466852,0.000755665,0.00283579
3.76563,0.000123232,0.000464047,0.000751123,0.00282845
3.77859,0.000123446,0.000466451,0.000755015,0.00285289
3.79159,0.000122808,0.000465638,0.0007537,0.00285772
3.80465,0.000122827,0.000467315,0.000756414,0.00287789
3.81774,0.000122931,0.000469318,0.000759657,0.00290017
3.83088,0.000122241,0.000468292,0.000757996,0.00290379
3.84407,0.000121221,0.00046598,0.000754253,0.0028994
3.8573,0.000121844,0.000469989,0.000760743,0.00293441
3.87058,0.000117022,0.000452943,0.00073315,0.00283772
3.8839,0.000119495,0.000464105,0.000751218,0.00291766
3.89727,0.000118229,0.000460769,0.000745819,0.00290666
3.91069,0.000117661,0.000460135,0.000744792,0.00291265
3.92415,0.000118765,0.000466052,0.000754369,0.00296026
3.93766,0.000117984,0.000464582,0.00075199,0.00296108
3.95121,0.000116721,0.000461189,0.000746498,0.00294957
3.96481,0.000115065,0.00045621,0.000738439,0.00292777
3.97846,0.000114962,0.00045737,0.000740316,0.00294532
3.99216,0.000112301,0.000448322,0.000725671,0.00289699
4.0059,0.000114364,0.000458132,0.000741549,0.00297057
4.01969,0.000113757,0.000457267,0.000740149,0.00297517
4.03352,0.000110574,0.000446004,0.000721919,0.00291188
4.04741,0.000111541,0.000451452,0.000730738,0.00295759
4.06134,0.00011092,0.000450483,0.000729168,0.0029614
4.07532,0.000109759,0.000447302,0.00072402,0.00295061
4.08935,0.000109195,0.000446535,0.000722779,0.0029557
4.10342,0.000110275,0.000452504,0.00073244,0.00300551
4.11755,0.0001085,0.000446755,0.000723134,0.00297754
4.13172,0.000107652,0.000444786,0.000719948,0.00297462
4.14595,0.000107792,0.000446898,0.000723366,0.00299904
4.16022,0.000108789,0.000452587,0.000732574,0.00304767
4.17454,0.000108974,0.000454915,0.000736343,0.0030739
4.18891,0.000106736,0.000447105,0.000723702,0.00303152
4.20333,0.000107485,0.000451796,0.000731294,0.00307387
4.21779,0.00010609,0.000447466,0.000724285,0.00305488
4.23231,0.000106915,0.000452498,0.00073243,0.00309987
4.24688,0.000104506,0.000443825,0.000718392,0.00305092
4.2615,0.000105157,0.000448125,0.000725351,0.00309109
4.27617,0.000105012,0.000449048,0.000726847,0.00310812
4.29089,0.000103058,0.000442209,0.000715776,0.00307132
4.30566,0.000102064,0.000439454,0.000711317,0.00306269
4.32048,0.000103208,0.000445906,0.000721761,0.00311835
4.33535,0.000101406,0.000439631,0.000711604,0.00308505
4.35028,0.000100594,0.000437612,0.000708335,0.00308145
4.36525,0.000101684,0.000443875,0.000718474,0.00313632
4.38028,0.000103316,0.000452553,0.000732519,0.00320864
4.39535,9.78476e-05,0.000430074,0.000696135,0.00305976
4.41048,0.000100479,0.000443162,0.000717319,0.00316372
4.42567,9.83263e-05,0.00043516,0.000704366,0.00311729
4.4409,9.76961e-05,0.000433859,0.00070226,0.00311867
4.45619,9.76967e-05,0.000435355,0.000704683,0.0031402
4.47153,9.75374e-05,0.000436141,0.000705955,0.0031567
4.48692,9.61676e-05,0.000431496,0.000698437,0.00313383
4.50236,9.87122e-05,0.000444438,0.000719384,0.00323893
4.51786,9.4773e-05,0.000428171,0.000693054,0.00313112
4.53341,9.57733e-05,0.00043418,0.00070278,0.00318599
4.54902,9.4643e-05,0.000430533,0.000696877,0.00317011
4.56468,9.53446e-05,0.000435218,0.00070446,0.00321563
4.58039,9.4533e-05,0.000432998,0.000700867,0.00321024
4.59616,9.32982e-05,0.000428814,0.000694094,0.00319017
4.61198,9.46624e-05,0.000436581,0.000706666,0.00325913
4.62785,9.15695e-05,0.00042377,0.00068593,0.00317438
4.64378,9.34446e-05,0.000433936,0.000702385,0.00326172
4.65977,9.29312e-05,0.000433038,0.000700931,0.00326618
4.67581,9.06992e-05,0.000424092,0.000686452,0.00320972
4.6919,9.39468e-05,0.000440789,0.000713478,0.00334757
4.70805,9.06518e-05,0.000426793,0.000690824,0.00325243
4.72426,9.20806e-05,0.000435013,0.000704128,0.00332649
4.74052,8.91367e-05,0.000422554,0.000683962,0.00324234
4.75684,8.99471e-05,0.000427864,0.000692557,0.00329438
4.77321,8.89323e-05,0.000424493,0.0006871,0.00327967
4.78964,8.89453e-05,0.000426016,0.000689565,0.00330277
4.80613,8.55412e-05,0.000411122,0.000665458,0.00319828
4.82268,8.72818e-05,0.000420932,0.000681337,0.00328587
4.83928,8.6752e-05,0.000419817,0.000679532,0.00328844
4.85593,8.83353e-05,0.00042895,0.000694315,0.00337154
4.87265,8.63984e-05,0.000420989,0.000681429,0.00332036
4.88942,8.49142e-05,0.000415181,0.000672028,0.00328583
4.90625,8.53138e-05,0.000418571,0.000677514,0.00332405
4.92314,8.43894e-05,0.000415461,0.00067248,0.00331072
4.94009,8.48917e-05,0.000419372,0.000678812,0.00335339
4.95709,8.35568e-05,0.000414198,0.000670437,0.00332342
4.97416,8.28197e-05,0.000411959,0.000666812,0.00331683
4.99128,8.15404e-05,0.000406991,0.000658771,0.00328811
5.00846,8.18883e-05,0.000410134,0.000663859,0.00332491
5.0257,8.08117e-05,0.000406135,0.000657386,0.00330382
5.043,8.20792e-05,0.000413926,0.000669996,0.00337879
5.06036,8.22806e-05,0.00041637,0.000673952,0.00341044
5.07778,8.10991e-05,0.000411803,0.000666561,0.00338465
5.09526,8.0469e-05,0.00041001,0.000663658,0.00338151
5.11279,7.95471e-05,0.000406707,0.000658312,0.00336581
5.13039,7.70683e-05,0.00039539,0.000639994,0.00328342
5.14805,8.01606e-05,0.000412671,0.000667964,0.00343871
5.16578,7.87114e-05,0.000406606,0.000658148,0.00339985
5.18356,7.76567e-05,0.000402538,0.000651564,0.00337742
5.2014,7.92815e-05,0.000412375,0.000667485,0.00347186
5.2193,7.89702e-05,0.000412169,0.000667153,0.00348207
5.23727,7.50063e-05,0.000392828,0.000635846,0.0033301
5.2553,7.68126e-05,0.000403673,0.000653401,0.00343382
5.27339,7.46312e-05,0.000393559,0.00063703,0.00335931
5.29154,7.7323e-05,0.000409158,0.000662279,0.00350447
5.30976,7.73476e-05,0.000410697,0.00066477,0.00352977
5.32803,7.67333e-05,0.000408837,0.000661759,0.00352587
5.34637,7.60113e-05,0.000406385,0.00065779,0.00351679
5.36478,7.49291e-05,0.000401978,0.000650657,0.00349063
5.38324,7.39624e-05,0.000398157,0.000644473,0.00346935
5.40177,7.36523e-05,0.000397853,0.00064398,0.00347863
5.42037,7.49514e-05,0.000406264,0.000657595,0.00356441
5.43903,7.36097e-05,0.000400365,0.000648046,0.00352474
5.45775,7.11297e-05,0.000388208,0.000628368,0.00342948
5.47653,7.25499e-05,0.000397322,0.00064312,0.00352206
5.49539,7.10186e-05,0.000390275,0.000631713,0.00347151
5.5143,7.193e-05,0.000396644,0.000642023,0.00354031
5.53328,7.22935e-05,0.00040002,0.000647488,0.00358273
5.55233,7.09859e-05,0.000394137,0.000637965,0.00354219
5.57144,6.91412e-05,0.000385216,0.000623525,0.00347393
5.59062,7.03124e-05,0.00039309,0.00063627,0.00355715
5.60987,6.85136e-05,0.000384352,0.000622127,0.00349005
5.62918,6.93991e-05,0.00039066,0.000632337,0.00355954
5.64855,6.88643e-05,0.000388984,0.000629624,0.00355646
5.668,6.88702e-05,0.000390356,0.000631846,0.0035813
5.68751,6.58615e-05,0.000374588,0.000606322,0.00344846
5.70708,6.78013e-05,0.000386947,0.000626328,0.0035745
5.72673,6.74297e-05,0.000386151,0.000625039,0.00357943
5.74644,6.67181e-05,0.000383391,0.000620572,0.00356608
5.76622,6.75006e-05,0.000389223,0.000630011,0.00363278
5.78607,6.55739e-05,0.000379415,0.000614135,0.00355343
5.80599,6.66686e-05,0.000387077,0.000626538,0.00363767
5.82597,6.32171e-05,0.000368301,0.000596146,0.00347313
5.84603,6.5292e-05,0.000381699,0.000617833,0.00361187
5.86615,6.49487e-05,0.000380999,0.0006167,0.00361765
5.88634,6.42649e-05,0.000378285,0.000612307,0.00360425
5.90661,6.34942e-05,0.000375035,0.000607046,0.00358559
5.92694,6.19322e-05,0.000367068,0.000594151,0.0035215
5.94734,6.3143e-05,0.000375533,0.000607852,0.0036151
5.96781,6.21901e-05,0.000371138,0.000600739,0.00358509
5.98836,6.32896e-05,0.000379001,0.000613465,0.00367365
6.00897,6.15372e-05,0.000369775,0.000598533,0.00359656
6.02965,6.15419e-05,0.000371076,0.000600638,0.00362164
6.05041,6.08463e-05,0.000368145,0.000595893,0.0036054
6.07124,5.94248e-05,0.000360782,0.000583976,0.00354546
6.09213,6.09495e-05,0.000371312,0.00060102,0.00366149
6.1131,6.02651e-05,0.000368406,0.000596317,0.00364534
6.13415,6.02107e-05,0.000369342,0.00059783,0.00366718
6.15526,5.86612e-05,0.000361075,0.00058445,0.00359744
6.17645,5.91155e-05,0.000365124,0.000591003,0.0036503
6.19771,5.88182e-05,0.000364538,0.000590055,0.00365699
6.21904,5.70247e-05,0.000354639,0.000574032,0.00356993
6.24045,5.59744e-05,0.000349306,0.000565399,0.00352835
6.26193,5.77429e-05,0.000361582,0.000585271,0.00366492
6.28349,5.71467e-05,0.000359081,0.000581221,0.0036521
6.30512,5.53957e-05,0.000349277,0.000565352,0.00356461
6.32682,5.66752e-05,0.000358574,0.000580401,0.0036721
6.3486,5.48214e-05,0.000348039,0.000563349,0.00357648
6.37045,5.60896e-05,0.000357316,0.000578365,0.00368444
6.39238,5.38744e-05,0.000344386,0.000557436,0.00356334
6.41439,5.56849e-05,0.000357184,0.000578152,0.00370849
6.43647,5.36614e-05,0.00034539,0.000559061,0.00359838
6.45862,5.36949e-05,0.000346795,0.000561335,0.00362545
6.48085,5.46829e-05,0.000354391,0.000573631,0.00371762
6.50316,5.20728e-05,0.000338638,0.000548132,0.00356459
6.52555,5.29398e-05,0.000345461,0.000559177,0.00364894
6.54801,5.22024e-05,0.000341822,0.000553286,0.00362292
6.57055,5.10446e-05,0.000335391,0.000542877,0.003567
6.59317,5.10239e-05,0.000336409,0.000544524,0.00359014
6.61586,5.03204e-05,0.000332913,0.000538866,0.00356506
6.63863,5.13419e-05,0.00034084,0.000551696,0.00366251
6.66149,4.95454e-05,0.000330046,0.000534225,0.00355873
6.68442,5.02897e-05,0.000336158,0.000544118,0.00363711
6.70743,5.05705e-05,0.000339198,0.000549038,0.00368264
6.73051,4.89418e-05,0.000329403,0.000533184,0.0035886
6.75368,4.93069e-05,0.000333003,0.000539011,0.00364031
6.77693,5.08889e-05,0.00034487,0.00055822,0.00378302
6.80026,4.89467e-05,0.00033285,0.000538764,0.00366373
6.82367,4.84421e-05,0.000330553,0.000535046,0.00365098
6.84715,4.78538e-05,0.000327662,0.000530367,0.0036315
6.87072,4.79575e-05,0.000329503,0.000533345,0.00366447
6.89437,4.7296e-05,0.000326076,0.000527799,0.00363884
6.91811,4.63868e-05,0.000320909,0.000519436,0.00359352
6.94192,4.74397e-05,0.000329322,0.000533054,0.00370042
6.96582,4.74742e-05,0.000330697,0.000535278,0.00372865
6.98979,4.57308e-05,0.000319649,0.000517395,0.00361648
7.01385,4.52677e-05,0.000317501,0.000513918,0.00360455
7.038,4.59547e-05,0.000323429,0.000523514,0.00368449
7.06222,4.50983e-05,0.000318494,0.000515526,0.00364076
7.08653,4.39977e-05,0.000311791,0.000504677,0.00357641
7.11093,4.47043e-05,0.000317889,0.000514548,0.00365891
7.13541,4.44392e-05,0.000317092,0.000513257,0.0036623
7.15997,4.38124e-05,0.000313695,0.000507759,0.00363554
7.18461,4.22389e-05,0.00030347,0.000491209,0.00352914
7.20934,4.36045e-05,0.00031436,0.000508835,0.00366836
7.23416,4.25563e-05,0.000307859,0.000498312,0.00360487
7.25906,4.31818e-05,0.00031346,0.000507378,0.00368308
7.28405,4.19257e-05,0.000305389,0.000494314,0.00360061
7.30912,4.03798e-05,0.000295141,0.000477726,0.00349176
7.33428,4.17054e-05,0.000305879,0.000495108,0.00363126
7.35953,4.07051e-05,0.00029957,0.000484896,0.00356861
7.38486,3.98675e-05,0.000294416,0.000476553,0.00351928
7.41028,4.07709e-05,0.000302123,0.000489028,0.00362384
7.43579,4.03577e-05,0.000300091,0.000485739,0.00361185
7.46139,3.7995e-05,0.000283496,0.000458877,0.00342386
7.48707,3.81083e-05,0.00028532,0.000461829,0.00345775
7.51284,3.79489e-05,0.000285104,0.00046148,0.00346702
7.5387,3.80972e-05,0.000287203,0.000464878,0.00350458
7.56465,3.75944e-05,0.000284389,0.000460322,0.00348218
7.59069,3.85459e-05,0.00029259,0.000473597,0.00359493
7.61682,3.8811e-05,0.000295617,0.000478496,0.00364462
7.64304,3.74444e-05,0.000286189,0.000463237,0.00354054
7.66935,3.64797e-05,0.000279775,0.000452855,0.0034731
7.69575,3.62849e-05,0.00027924,0.000451988,0.00347839
7.72224,3.59543e-05,0.000277647,0.000449411,0.00347046
7.74882,3.55898e-05,0.000275779,0.000446386,0.00345897
7.77549,3.55517e-05,0.000276432,0.000447443,0.00347909
7.80226,3.55796e-05,0.000277601,0.000449336,0.00350583
7.82912,3.46513e-05,0.000271289,0.000439119,0.00343791
7.85607,3.44872e-05,0.000270934,0.000438544,0.00344523
7.88311,3.36504e-05,0.00026527,0.000429376,0.00338482
7.91024,3.40852e-05,0.000269622,0.00043642,0.00345219
7.93747,3.21931e-05,0.000255532,0.000413614,0.00328305
7.96479,3.29199e-05,0.0002622,0.000424407,0.00338031
7.99221,3.27959e-05,0.000262112,0.000424264,0.0033908
8.01972,3.2314e-05,0.000259149,0.000419469,0.00336402
8.04733,3.16056e-05,0.000254341,0.000411685,0.00331297
8.07503,3.19569e-05,0.000258053,0.000417694,0.00337289
8.10283,3.13187e-05,0.00025377,0.000410762,0.00332834
8.13072,3.05844e-05,0.000248673,0.000402512,0.00327271
8.1587,3.08789e-05,0.000251931,0.000407786,0.003327
8.18679,3.0478e-05,0.000249517,0.000403877,0.00330646
8.21497,3.00398e-05,0.000246776,0.000399442,0.0032814
8.24325,2.92374e-05,0.000241011,0.00039011,0.00321577
8.27162,2.88031e-05,0.000238248,0.000385638,0.00318985
8.3001,2.80434e-05,0.000232763,0.000376758,0.00312713
8.32867,2.86018e-05,0.000238215,0.000385584,0.0032114
8.35734,2.83837e-05,0.000237212,0.00038396,0.00320889
8.3861,2.76206e-05,0.000231629,0.000374924,0.00314415
8.41497,2.6751e-05,0.000225108,0.000364369,0.00306616
8.44394,2.64656e-05,0.000223474,0.000361723,0.00305437
8.473,2.68013e-05,0.000227088,0.000367573,0.00311445
8.50217,2.56814e-05,0.000218348,0.000353426,0.00300489
8.53143,2.61218e-05,0.000222857,0.000360724,0.00307749
8.5608,2.4908e-05,0.000213232,0.000345145,0.00295472
8.59027,2.53539e-05,0.000217797,0.000352535,0.00302837
8.61984,2.54127e-05,0.000219054,0.000354569,0.00305632
8.64951,2.41266e-05,0.000208683,0.000337782,0.00292165
8.67928,2.48956e-05,0.000216076,0.000349749,0.00303557
8.70916,2.39303e-05,0.000208413,0.000337345,0.00293799
8.73914,2.36058e-05,0.000206294,0.000333916,0.00291814
8.76922,2.31888e-05,0.000203348,0.000329146,0.00288635
8.79941,2.29478e-05,0.000201927,0.000326847,0.00287606
8.8297,2.2063e-05,0.000194809,0.000315326,0.00278423
8.86009,2.32532e-05,0.000206025,0.00033348,0.00295467
8.89059,2.19986e-05,0.000195581,0.000316574,0.00281453
8.92119,2.22707e-05,0.000198681,0.000321592,0.00286899
8.9519,2.07854e-05,0.000186069,0.000301178,0.00269612
8.98272,2.10635e-05,0.000189207,0.000306258,0.00275103
9.01364,1.99773e-05,0.000180068,0.000291465,0.00262716
9.04466,2.07106e-05,0.00018732,0.000303204,0.00274238
9.0758,1.98457e-05,0.000180116,0.000291542,0.00264598
9.10704,1.90793e-05,0.000173756,0.000281247,0.00256133
9.13839,1.89299e-05,0.000172989,0.000280007,0.00255881
9.16984,1.89314e-05,0.000173598,0.000280993,0.00257666
9.20141,1.83607e-05,0.000168945,0.00027346,0.00251622
9.23308,1.84916e-05,0.000170734,0.000276357,0.00255163
9.26486,1.85642e-05,0.000171994,0.000278397,0.00257931
9.29676,1.86866e-05,0.000173725,0.000281197,0.00261422
9.32876,1.83867e-05,0.000171525,0.000277637,0.00259001
9.36087,1.73308e-05,0.000162231,0.000262594,0.00245811
9.39309,1.70063e-05,0.000159742,0.000258564,0.00242872
9.42542,1.63626e-05,0.000154225,0.000249634,0.00235291
9.45787,1.72172e-05,0.000162838,0.000263575,0.00249286
9.49042,1.61719e-05,0.000153478,0.000248426,0.00235767
9.52309,1.54362e-05,0.000147,0.00023794,0.00226592
9.55587,1.60718e-05,0.00015358,0.00024859,0.0023755
9.58877,1.59491e-05,0.000152933,0.000247543,0.00237363
9.62177,1.55134e-05,0.000149266,0.000241608,0.00232469
9.65489,1.44447e-05,0.000139462,0.000225739,0.00217949
9.68813,1.4819e-05,0.000143569,0.000232386,0.00225138
9.72148,1.40704e-05,0.000136785,0.000221405,0.00215239
9.75494,1.33396e-05,0.000130127,0.000210628,0.00205466
9.78852,1.42185e-05,0.000139178,0.000225278,0.00220514
9.82221,1.33979e-05,0.000131597,0.000213008,0.00209221
9.85602,1.35033e-05,0.000133089,0.000215422,0.00212321
9.88995,1.30621e-05,0.000129183,0.000209101,0.00206799
9.92399,1.33779e-05,0.000132762,0.000214894,0.00213261
9.95816,1.272e-05,0.000126667,0.000205029,0.00204171
9.99243,1.25418e-05,0.000125323,0.000202853,0.00202699
10.0268,1.17711e-05,0.000118026,0.000191042,0.00191554
10.0613,1.17795e-05,0.000118517,0.000191836,0.00193012
10.096,1.16195e-05,0.00011731,0.000189883,0.00191705
10.1307,1.17004e-05,0.000118533,0.000191862,0.00194369
10.1656,1.1251e-05,0.000114373,0.000185128,0.00188194
10.2006,1.13625e-05,0.000115905,0.000187608,0.00191371
10.2357,1.10092e-05,0.000112687,0.0001824,0.00186699
10.2709,1.05856e-05,0.000108724,0.000175984,0.00180752
10.3063,1.05362e-05,0.000108589,0.000175767,0.00181151
10.3418,9.82062e-06,0.000101563,0.000164394,0.00170013
10.3774,9.67184e-06,0.000100369,0.00016246,0.00168592
10.4131,8.97009e-06,9.34065e-05,0.000151191,0.00157437
10.4489,9.44166e-06,9.8655e-05,0.000159687,0.00166855
10.4849,9.53351e-06,9.99579e-05,0.000161796,0.00169641
10.521,8.70376e-06,9.15723e-05,0.000148222,0.00155945
10.5572,8.5884e-06,9.06695e-05,0.000146761,0.00154939
10.5936,8.86755e-06,9.39393e-05,0.000152054,0.0016108
10.63,9.02398e-06,9.59249e-05,0.000155268,0.0016505
10.6666,8.66115e-06,9.2385e-05,0.000149538,0.00159506
10.7033,8.75614e-06,9.37195e-05,0.000151698,0.00162367
10.7402,8.32903e-06,8.94555e-05,0.000144796,0.00155514
10.7771,8.1759e-06,8.81124e-05,0.000142622,0.00153705
10.8142,8.25053e-06,8.92229e-05,0.00014442,0.00156178
10.8515,7.91166e-06,8.58534e-05,0.000138966,0.00150799
10.8888,7.51619e-06,8.18422e-05,0.000132473,0.00144247
10.9263,7.61125e-06,8.31628e-05,0.00013461,0.00147079
10.9639,7.16563e-06,7.85633e-05,0.000127165,0.00139423
11.0016,7.32378e-06,8.05733e-05,0.000130419,0.00143482
11.0395,7.30994e-06,8.06981e-05,0.000130621,0.00144199
11.0775,6.761e-06,7.4895e-05,0.000121228,0.0013429
11.1156,6.78934e-06,7.54676e-05,0.000122155,0.00135782
11.1539,6.90855e-06,7.70573e-05,0.000124728,0.0013912
11.1923,6.22675e-06,6.96916e-05,0.000112806,0.00126255
11.2308,6.2472e-06,7.0161e-05,0.000113565,0.00127543
11.2695,5.95811e-06,6.7145e-05,0.000108683,0.00122481
11.3083,6.1618e-06,6.96794e-05,0.000112786,0.00127542
11.3472,6.16206e-06,6.99222e-05,0.000113179,0.00128426
11.3863,6.02921e-06,6.86503e-05,0.00011112,0.00126525
11.4255,5.34877e-06,6.11124e-05,9.89188e-05,0.0011302
11.4648,5.72017e-06,6.55807e-05,0.000106151,0.001217
11.5043,5.40018e-06,6.21253e-05,0.000100558,0.00115685
11.5439,4.88879e-06,5.64357e-05,9.13489e-05,0.00105452
11.5836,5.10141e-06,5.90927e-05,9.56496e-05,0.00110797
11.6235,4.93378e-06,5.73478e-05,9.28253e-05,0.00107895
11.6635,4.94884e-06,5.77208e-05,9.34291e-05,0.00108971
11.7036,4.83205e-06,5.65523e-05,9.15377e-05,0.00107132
11.7439,4.5914e-06,5.3921e-05,8.72785e-05,0.00102499
11.7843,4.58856e-06,5.4073e-05,8.75246e-05,0.00103142
11.8249,4.37604e-06,5.17463e-05,8.37585e-05,0.000990436
11.8656,4.31013e-06,5.11423e-05,8.27809e-05,0.000982245
11.9065,4.48734e-06,5.34286e-05,8.64815e-05,0.00102969
11.9474,4.4043e-06,5.26199e-05,8.51726e-05,0.00101759
11.9886,4.14664e-06,4.97124e-05,8.04663e-05,0.000964678
12.0298,3.95312e-06,4.75552e-05,7.69747e-05,0.00092599
12.0712,3.90067e-06,4.70857e-05,7.62147e-05,0.000920003
12.1128,3.98223e-06,4.8236e-05,7.80766e-05,0.000945726
12.1545,3.8687e-06,4.70222e-05,7.61119e-05,0.000925102
12.1963,3.88174e-06,4.73428e-05,7.66309e-05,0.000934613
12.2383,3.98156e-06,4.87275e-05,7.88722e-05,0.000965262
12.2804,3.76935e-06,4.62891e-05,7.49253e-05,0.000920113
12.3227,3.41186e-06,4.20434e-05,6.8053e-05,0.000838597
12.3651,3.86293e-06,4.77655e-05,7.73151e-05,0.000956009
12.4077,3.81093e-06,4.72849e-05,7.65372e-05,0.00094965
12.4504,3.65898e-06,4.55557e-05,7.37383e-05,0.000918071
12.4933,3.39656e-06,4.24342e-05,6.86857e-05,0.000858111
12.5363,3.31422e-06,4.15481e-05,6.72514e-05,0.000843083
12.5794,3.14881e-06,3.96102e-05,6.41145e-05,0.000806522
12.6227,3.06553e-06,3.86953e-05,6.26337e-05,0.000790606
12.6662,2.74793e-06,3.48058e-05,5.6338e-05,0.000713588
12.7098,2.86659e-06,3.64337e-05,5.8973e-05,0.000749535
12.7535,2.70191e-06,3.44588e-05,5.57763e-05,0.000711343
12.7974,3.04008e-06,3.89051e-05,6.29732e-05,0.000805893
12.8415,2.96865e-06,3.8122e-05,6.17056e-05,0.000792393
12.8857,2.83961e-06,3.65903e-05,5.92265e-05,0.000763175
12.93,2.58823e-06,3.34658e-05,5.4169e-05,0.000700405
12.9745,2.68694e-06,3.48617e-05,5.64285e-05,0.000732132
13.0192,2.54235e-06,3.30993e-05,5.35758e-05,0.000697514
13.064,2.3964e-06,3.13066e-05,5.0674e-05,0.000662006
13.109,2.46877e-06,3.23631e-05,5.23842e-05,0.000686704
13.1541,2.46732e-06,3.24553e-05,5.25334e-05,0.00069103
13.1994,2.39693e-06,3.1638e-05,5.12105e-05,0.000675948
13.2448,2.28537e-06,3.02693e-05,4.89951e-05,0.00064893
13.2904,2.31826e-06,3.08106e-05,4.98712e-05,0.000662808
13.3362,2.28941e-06,3.0532e-05,4.94203e-05,0.000659079
13.3821,2.26339e-06,3.02889e-05,4.90268e-05,0.000656082
13.4281,2.28374e-06,3.06663e-05,4.96377e-05,0.000666539
13.4743,2.06558e-06,2.78322e-05,4.50503e-05,0.000607021
13.5207,2.10354e-06,2.84414e-05,4.60363e-05,0.000622443
13.5673,2.19785e-06,2.9819e-05,4.82661e-05,0.000654841
13.614,1.9908e-06,2.71028e-05,4.38696e-05,0.000597241
13.6608,2.14411e-06,2.92902e-05,4.74102e-05,0.000647662
13.7079,2.00974e-06,2.75494e-05,4.45925e-05,0.000611269
13.755,2.08269e-06,2.86473e-05,4.63697e-05,0.000637815
13.8024,2.02308e-06,2.79233e-05,4.51977e-05,0.000623837
13.8499,1.67517e-06,2.3201e-05,3.7554e-05,0.00052012
13.8976,1.82777e-06,2.54016e-05,4.1116e-05,0.000571413
13.9454,1.69403e-06,2.36239e-05,3.82385e-05,0.000533252
13.9934,1.71855e-06,2.40484e-05,3.89257e-05,0.000544703
14.0416,1.69932e-06,2.38611e-05,3.86225e-05,0.000542322
14.0899,1.70096e-06,2.39664e-05,3.87929e-05,0.000546589
14.1384,1.67977e-06,2.37493e-05,3.84415e-05,0.000543501
14.1871,1.65554e-06,2.34873e-05,3.80174e-05,0.000539357
14.2359,1.40689e-06,2.00284e-05,3.24187e-05,0.000461509
14.2849,1.74447e-06,2.49196e-05,4.03358e-05,0.000576193
14.3341,1.49153e-06,2.13797e-05,3.4606e-05,0.000496046
14.3834,1.5968e-06,2.29675e-05,3.7176e-05,0.000534718
14.433,1.52825e-06,2.20572e-05,3.57026e-05,0.000515296
14.4826,1.45944e-06,2.11365e-05,3.42123e-05,0.000495483
14.5325,1.58365e-06,2.30144e-05,3.72519e-05,0.000541364
14.5825,1.48658e-06,2.1678e-05,3.50889e-05,0.000511683
14.6327,1.36414e-06,1.9961e-05,3.23097e-05,0.000472778
14.6831,1.48519e-06,2.18071e-05,3.52979e-05,0.000518282
14.7336,1.297e-06,1.91094e-05,3.09313e-05,0.000455729
14.7843,1.35687e-06,2.00603e-05,3.24704e-05,0.000480052
14.8352,1.44999e-06,2.15108e-05,3.48183e-05,0.000516536
14.8863,1.25843e-06,1.87333e-05,3.03225e-05,0.000451389
14.9375,1.20096e-06,1.79393e-05,2.90373e-05,0.000433744
14.989,1.3382e-06,2.00582e-05,3.2467e-05,0.000486648
15.0406,1.30353e-06,1.96059e-05,3.17348e-05,0.000477311
15.0923,1.22711e-06,1.85199e-05,2.99769e-05,0.000452421
15.1443,1.36921e-06,2.07357e-05,3.35636e-05,0.000508298
15.1964,1.17982e-06,1.7929e-05,2.90206e-05,0.000441008
15.2487,1.14563e-06,1.74694e-05,2.82766e-05,0.000431182
15.3012,1.19615e-06,1.83026e-05,2.96252e-05,0.000453301
15.3539,1.27735e-06,1.96123e-05,3.17452e-05,0.000487413
15.4067,1.12646e-06,1.7355e-05,2.80914e-05,0.000432796
15.4598,1.25126e-06,1.93443e-05,3.13114e-05,0.000484068
15.513,1.19604e-06,1.85542e-05,3.00325e-05,0.000465894
15.5664,1.03244e-06,1.60714e-05,2.60138e-05,0.000404941
15.62,1.09725e-06,1.7139e-05,2.77418e-05,0.000433327
15.6737,1.11208e-06,1.74304e-05,2.82135e-05,0.000442209
15.7277,1.11276e-06,1.75011e-05,2.8328e-05,0.000445534
15.7818,1.07024e-06,1.68903e-05,2.73393e-05,0.000431464
15.8361,1.10803e-06,1.75469e-05,2.84021e-05,0.000449778
15.8907,1.09122e-06,1.73403e-05,2.80676e-05,0.000446014
15.9454,9.76837e-07,1.55761e-05,2.5212e-05,0.000402016
16.0002,1.00606e-06,1.60972e-05,2.60555e-05,0.000416893
16.0553,9.57459e-07,1.53723e-05,2.48822e-05,0.000399491
16.1106,8.76421e-07,1.41197e-05,2.28546e-05,0.000368202
16.166,9.96276e-07,1.61058e-05,2.60695e-05,0.000421439
16.2217,9.88959e-07,1.60426e-05,2.59672e-05,0.000421231
16.2775,8.68397e-07,1.41353e-05,2.288e-05,0.000372429
16.3336,9.72922e-07,1.58913e-05,2.57223e-05,0.000420138
16.3898,9.34376e-07,1.53142e-05,2.47882e-05,0.000406274
16.4462,9.256e-07,1.52226e-05,2.46399e-05,0.000405232
16.5028,8.2086e-07,1.35465e-05,2.19269e-05,0.000361855
16.5596,8.58157e-07,1.42107e-05,2.3002e-05,0.000380904
16.6166,8.94081e-07,1.48566e-05,2.40474e-05,0.000399586
16.6738,8.42043e-07,1.40401e-05,2.27258e-05,0.000378925
16.7312,8.85032e-07,1.48076e-05,2.39682e-05,0.000401017
16.7888,8.82326e-07,1.48132e-05,2.39772e-05,0.000402548
16.8466,9.38451e-07,1.58097e-05,2.55902e-05,0.000431108
16.9046,8.45097e-07,1.4286e-05,2.31239e-05,0.0003909
16.9628,7.76197e-07,1.31665e-05,2.13117e-05,0.000361507
17.0212,8.38987e-07,1.42806e-05,2.31151e-05,0.000393446
17.0798,7.89835e-07,1.34902e-05,2.18358e-05,0.000372951
17.1385,7.48361e-07,1.28258e-05,2.07603e-05,0.0003558
17.1975,7.77981e-07,1.33793e-05,2.16563e-05,0.000372434
17.2567,7.59456e-07,1.31057e-05,2.12134e-05,0.000366073
17.3161,7.75008e-07,1.34201e-05,2.17223e-05,0.000376146
17.3757,7.52926e-07,1.30826e-05,2.1176e-05,0.000367948
17.4356,7.144e-07,1.2456e-05,2.01618e-05,0.000351532
17.4956,7.43125e-07,1.30014e-05,2.10446e-05,0.000368188
17.5558,7.28387e-07,1.27874e-05,2.06982e-05,0.000363374
17.6162,7.37647e-07,1.29945e-05,2.10334e-05,0.000370529
17.6769,7.10303e-07,1.2556e-05,2.03236e-05,0.000359257
17.7377,7.21052e-07,1.27898e-05,2.07021e-05,0.000367207
17.7988,7.04008e-07,1.25305e-05,2.02823e-05,0.000361001
17.86,6.9107e-07,1.23425e-05,1.99781e-05,0.000356808
17.9215,6.71264e-07,1.20301e-05,1.94723e-05,0.000348973
17.9832,6.70464e-07,1.20571e-05,1.95161e-05,0.000350961
18.0451,6.83992e-07,1.23427e-05,1.99784e-05,0.000360512
18.1072,6.82176e-07,1.23523e-05,1.99939e-05,0.000362033
18.1696,6.64641e-07,1.20763e-05,1.95471e-05,0.000355163
18.2321,6.52399e-07,1.18946e-05,1.92531e-05,0.000351024
18.2949,6.4852e-07,1.18646e-05,1.92045e-05,0.000351345
18.3578,6.59376e-07,1.21047e-05,1.95931e-05,0.000359687
18.421,6.4177e-07,1.1822e-05,1.91356e-05,0.000352497
18.4844,6.46098e-07,1.19427e-05,1.9331e-05,0.000357321
18.5481,6.46017e-07,1.19824e-05,1.93952e-05,0.000359743
18.6119,6.49034e-07,1.20798e-05,1.95527e-05,0.000363914
18.676,6.12887e-07,1.14463e-05,1.85274e-05,0.000346017
18.7403,6.14758e-07,1.15208e-05,1.86479e-05,0.000349468
18.8048,6.08538e-07,1.14434e-05,1.85228e-05,0.000348317
18.8695,6.04899e-07,1.14141e-05,1.84754e-05,0.000348621
18.9345,5.97158e-07,1.13069e-05,1.83018e-05,0.000346535
18.9996,5.89289e-07,1.11963e-05,1.81227e-05,0.000344324
19.065,5.75905e-07,1.09796e-05,1.77721e-05,0.000338824
19.1307,6.49385e-07,1.24232e-05,2.01087e-05,0.000384693
19.1965,5.64933e-07,1.08447e-05,1.75537e-05,0.000336969
19.2626,5.66908e-07,1.09201e-05,1.76757e-05,0.00034048
19.3289,5.83935e-07,1.12868e-05,1.82693e-05,0.000353125
19.3954,5.65185e-07,1.0962e-05,1.77435e-05,0.000344142
19.4622,5.50866e-07,1.07211e-05,1.73535e-05,0.000337738
19.5292,5.5147e-07,1.07698e-05,1.74323e-05,0.00034044
19.5964,5.58066e-07,1.09361e-05,1.77016e-05,0.000346887
19.6639,5.48318e-07,1.07821e-05,1.74523e-05,0.00034318
19.7316,5.43028e-07,1.07148e-05,1.73434e-05,0.000342213
19.7995,5.28276e-07,1.04596e-05,1.69303e-05,0.000335211
19.8676,5.2952e-07,1.05203e-05,1.70285e-05,0.000338316
19.936,5.25813e-07,1.04826e-05,1.69675e-05,0.000338265
20.0046,5.48764e-07,1.09778e-05,1.77691e-05,0.000355464
20.0735,5.24044e-07,1.05194e-05,1.70271e-05,0.000341793
20.1426,5.30177e-07,1.06791e-05,1.72857e-05,0.000348178
20.2119,5.08335e-07,1.02744e-05,1.66306e-05,0.000336135
20.2815,4.99806e-07,1.01368e-05,1.64078e-05,0.000332775
20.3513,5.0368e-07,1.02506e-05,1.65919e-05,0.000337667
20.4214,4.93693e-07,1.00819e-05,1.63189e-05,0.000333256
20.4917,4.95923e-07,1.01623e-05,1.64491e-05,0.00033707
20.5622,5.13017e-07,1.05488e-05,1.70746e-05,0.000351092
20.633,4.79066e-07,9.88456e-06,1.59995e-05,0.000330118
20.704,4.82515e-07,9.98999e-06,1.61702e-05,0.000334787
20.7753,4.75149e-07,9.87137e-06,1.59782e-05,0.000331951
20.8468,4.75066e-07,9.90361e-06,1.60304e-05,0.000334182
20.9186,4.67594e-07,9.78141e-06,1.58326e-05,0.000331195
20.9906,4.64735e-07,9.75506e-06,1.57899e-05,0.00033144
21.0628,4.61533e-07,9.72117e-06,1.57351e-05,0.000331424
21.1353,4.57681e-07,9.67323e-06,1.56575e-05,0.000330925
21.2081,4.70305e-07,9.97427e-06,1.61447e-05,0.000342399
21.2811,4.66983e-07,9.93792e-06,1.60859e-05,0.000342325
21.3543,4.46491e-07,9.5345e-06,1.54329e-05,0.000329559
21.4278,4.55898e-07,9.76888e-06,1.58123e-05,0.000338822
21.5016,4.41186e-07,9.48621e-06,1.53547e-05,0.000330151
21.5756,4.38358e-07,9.45784e-06,1.53088e-05,0.000330297
21.6499,4.33216e-07,9.37907e-06,1.51813e-05,0.000328674
21.7244,4.31633e-07,9.37696e-06,1.51779e-05,0.000329731
21.7992,4.31569e-07,9.40785e-06,1.52279e-05,0.000331956
21.8742,4.23235e-07,9.25793e-06,1.49852e-05,0.00032779
21.9495,4.19512e-07,9.20809e-06,1.49046e-05,0.000327148
22.0251,4.18705e-07,9.22202e-06,1.49271e-05,0.000328771
22.1009,4.14281e-07,9.15598e-06,1.48202e-05,0.00032754
22.177,4.12917e-07,9.15726e-06,1.48223e-05,0.000328714
22.2533,4.09304e-07,9.10836e-06,1.47431e-05,0.000328084
22.3299,4.05429e-07,9.05319e-06,1.46538e-05,0.000327219
22.4068,4.03353e-07,9.03784e-06,1.4629e-05,0.000327789
22.4839,3.99342e-07,8.97875e-06,1.45334e-05,0.000326766
22.5613,3.97951e-07,8.97829e-06,1.45326e-05,0.000327874
22.6389,3.92161e-07,8.87809e-06,1.43704e-05,0.00032533
22.7169,3.91415e-07,8.89174e-06,1.43925e-05,0.000326953
22.7951,3.88559e-07,8.85725e-06,1.43367e-05,0.000326806
22.8735,3.84268e-07,8.78956e-06,1.42271e-05,0.000325424
22.9523,3.79248e-07,8.70462e-06,1.40896e-05,0.000323389
23.0313,3.75678e-07,8.65236e-06,1.4005e-05,0.000322554
23.1106,3.76889e-07,8.71013e-06,1.40985e-05,0.000325826
23.1901,3.73877e-07,8.67024e-06,1.4034e-05,0.00032545
23.2699,3.70489e-07,8.62124e-06,1.39547e-05,0.000324724
23.35,3.68372e-07,8.60148e-06,1.39227e-05,0.000325095
23.4304,3.64175e-07,8.53275e-06,1.38114e-05,0.000323608
23.5111,3.63253e-07,8.54049e-06,1.3824e-05,0.000325016
23.592,3.62328e-07,8.54804e-06,1.38362e-05,0.000326423
23.6732,3.55987e-07,8.42735e-06,1.36408e-05,0.000322922
23.7547,3.53463e-07,8.3964e-06,1.35907e-05,0.000322844
23.8365,3.50247e-07,8.34866e-06,1.35135e-05,0.000322113
23.9185,3.48723e-07,8.34094e-06,1.3501e-05,0.000322923
24.0008,3.45955e-07,8.30319e-06,1.34399e-05,0.000322567
24.0835,3.44038e-07,8.28563e-06,1.34114e-05,0.000322994
24.1664,3.39791e-07,8.21153e-06,1.32915e-05,0.000321208
24.2496,3.38186e-07,8.20088e-06,1.32743e-05,0.000321895
24.333,3.34549e-07,8.14058e-06,1.31767e-05,0.000320627
24.4168,3.31635e-07,8.09746e-06,1.31069e-05,0.000320027
24.5008,3.2888e-07,8.05781e-06,1.30427e-05,0.000319556
24.5852,3.27224e-07,8.04486e-06,1.30217e-05,0.000320141
24.6698,3.2395e-07,7.99179e-06,1.29358e-05,0.000319124
24.7547,3.22722e-07,7.98888e-06,1.29311e-05,0.000320105
24.8399,3.17271e-07,7.88098e-06,1.27565e-05,0.000316869
24.9254,3.17088e-07,7.90354e-06,1.2793e-05,0.00031887
25.0112,3.14052e-07,7.85483e-06,1.27141e-05,0.000317996
25.0973,3.11678e-07,7.82229e-06,1.26615e-05,0.000317768
25.1837,3.1404e-07,7.90869e-06,1.28013e-05,0.000322384
25.2704,3.06851e-07,7.75425e-06,1.25513e-05,0.000317177
25.3574,3.06582e-07,7.77413e-06,1.25835e-05,0.000319085
25.4447,3.01657e-07,7.67557e-06,1.2424e-05,0.000316124
25.5323,3.00025e-07,7.66032e-06,1.23993e-05,0.000316582
25.6202,2.98822e-07,7.65587e-06,1.23921e-05,0.000317488
25.7083,2.92783e-07,7.52696e-06,1.21834e-05,0.000313215
25.7968,2.95693e-07,7.62794e-06,1.23469e-05,0.00031851
25.8856,2.92839e-07,7.58032e-06,1.22698e-05,0.000317611
25.9747,2.89129e-07,7.51003e-06,1.2156e-05,0.000315749
26.0641,2.85637e-07,7.44487e-06,1.20506e-05,0.000314087
26.1539,2.8495e-07,7.45255e-06,1.2063e-05,0.000315494
26.2439,2.81235e-07,7.38069e-06,1.19467e-05,0.000313527
26.3342,2.80687e-07,7.39166e-06,1.19644e-05,0.000315073
26.4249,2.7897e-07,7.37176e-06,1.19322e-05,0.000315308
26.5158,2.76239e-07,7.3247e-06,1.1856e-05,0.000314372
26.6071,2.73246e-07,7.27027e-06,1.17679e-05,0.000313111
26.6987,2.71067e-07,7.23715e-06,1.17143e-05,0.000312757
26.7906,2.7041e-07,7.24445e-06,1.17261e-05,0.00031415
26.8828,2.67537e-07,7.19215e-06,1.16415e-05,0.000312956
26.9754,2.6419e-07,7.12663e-06,1.15354e-05,0.000311173
27.0682,2.62532e-07,7.10628e-06,1.15025e-05,0.000311352
27.1614,2.60039e-07,7.06302e-06,1.14325e-05,0.000310522
27.2549,2.57857e-07,7.02788e-06,1.13756e-05,0.000310041
27.3487,2.55982e-07,7.00077e-06,1.13317e-05,0.000309907
27.4428,2.55418e-07,7.00937e-06,1.13456e-05,0.000311356
27.5373,2.53101e-07,6.96971e-06,1.12814e-05,0.00031066
27.6321,2.52065e-07,6.96509e-06,1.1274e-05,0.000311523
27.7272,2.50213e-07,6.9377e-06,1.12296e-05,0.000311366
27.8227,2.47103e-07,6.87507e-06,1.11283e-05,0.000309618
27.9184,2.44474e-07,6.82533e-06,1.10477e-05,0.000308435
28.0145,2.44095e-07,6.83819e-06,1.10685e-05,0.00031008
28.111,2.40178e-07,6.75164e-06,1.09285e-05,0.00030721
28.2077,2.38757e-07,6.73478e-06,1.09012e-05,0.000307497
28.3048,2.36783e-07,6.70208e-06,1.08482e-05,0.000307057
28.4023,2.35493e-07,6.68854e-06,1.08263e-05,0.000307493
28.5,2.31535e-07,6.59874e-06,1.0681e-05,0.000304408
28.5981,2.31585e-07,6.6229e-06,1.07201e-05,0.000306574
28.6966,2.29604e-07,6.58886e-06,1.0665e-05,0.000306049
28.7954,2.28274e-07,6.57323e-06,1.06397e-05,0.000306374
28.8945,2.22608e-07,6.43215e-06,1.04113e-05,0.00030083
28.9939,2.2251e-07,6.45144e-06,1.04425e-05,0.00030277
29.0937,2.23008e-07,6.48814e-06,1.05019e-05,0.000305541
29.1939,2.2051e-07,6.43754e-06,1.042e-05,0.000304202
29.2944,2.1887e-07,6.41168e-06,1.03782e-05,0.000304023
29.3952,2.16787e-07,6.3725e-06,1.03148e-05,0.000303205
29.4964,2.12666e-07,6.27288e-06,1.01535e-05,0.000299492
29.5979,2.11862e-07,6.27066e-06,1.01499e-05,0.000300416
29.6998,2.10998e-07,6.2666e-06,1.01434e-05,0.000301255
29.802,2.11192e-07,6.29393e-06,1.01876e-05,0.000303611
29.9046,2.09833e-07,6.27498e-06,1.01569e-05,0.000303738
30.0076,2.07503e-07,6.22668e-06,1.00787e-05,0.000302439
30.1109,2.05858e-07,6.19856e-06,1.00332e-05,0.00030211
30.2145,2.03744e-07,6.15602e-06,9.96436e-06,0.000301068
30.3185,1.9958e-07,6.05097e-06,9.79432e-06,0.000296949
30.4229,1.99471e-07,6.06849e-06,9.82268e-06,0.000298835
30.5276,1.98963e-07,6.07387e-06,9.83139e-06,0.000300129
30.6327,1.97164e-07,6.03966e-06,9.77602e-06,0.000299466
30.7381,1.96051e-07,6.02624e-06,9.75429e-06,0.000299828
30.8439,1.93017e-07,5.95341e-06,9.63641e-06,0.000297225
30.9501,1.91786e-07,5.9358e-06,9.6079e-06,0.000297366
31.0566,1.8981e-07,5.89485e-06,9.54163e-06,0.000296331
31.1636,1.9052e-07,5.93729e-06,9.61032e-06,0.000299492
31.2708,1.86769e-07,5.84043e-06,9.45353e-06,0.00029562
31.3785,1.85789e-07,5.82978e-06,9.4363e-06,0.000296097
31.4865,1.83054e-07,5.76372e-06,9.32938e-06,0.000293749
31.5949,1.85258e-07,5.85322e-06,9.47425e-06,0.000299338
31.7036,1.8036e-07,5.71806e-06,9.25547e-06,0.000293432
31.8128,1.79789e-07,5.7196e-06,9.25796e-06,0.000294522
31.9223,1.79292e-07,5.7234e-06,9.26411e-06,0.000295732
32.0321,1.7648e-07,5.65303e-06,9.15021e-06,0.0002931
32.1424,1.77775e-07,5.71411e-06,9.24907e-06,0.000297287
32.253,1.73474e-07,5.59505e-06,9.05636e-06,0.000292095
32.3641,1.74048e-07,5.63292e-06,9.11766e-06,0.000295085
32.4755,1.73059e-07,5.62018e-06,9.09703e-06,0.000295431
32.5873,1.69976e-07,5.53905e-06,8.96572e-06,0.000292169
32.6994,1.68241e-07,5.50138e-06,8.90474e-06,0.00029118
32.812,1.67795e-07,5.50569e-06,8.91172e-06,0.000292411
32.9249,1.64433e-07,5.41394e-06,8.76321e-06,0.000288528
33.0383,1.64684e-07,5.44089e-06,8.80683e-06,0.000290963
33.152,1.63306e-07,5.41392e-06,8.76317e-06,0.000290517
33.2661,1.62688e-07,5.41199e-06,8.76005e-06,0.000291413
33.3806,1.59712e-07,5.33127e-06,8.62939e-06,0.000288054
33.4955,1.6014e-07,5.36397e-06,8.68233e-06,0.000290819
33.6108,1.59312e-07,5.35459e-06,8.66714e-06,0.00029131
33.7265,1.56902e-07,5.29175e-06,8.56543e-06,0.000288882
33.8426,1.55411e-07,5.2595e-06,8.51323e-06,0.00028811
33.9591,1.55298e-07,5.27377e-06,8.53632e-06,0.000289886
34.076,1.52747e-07,5.20502e-06,8.42504e-06,0.000287092
34.1933,1.53171e-07,5.23741e-06,8.47747e-06,0.000289873
34.311,1.49864e-07,5.14199e-06,8.32302e-06,0.000285571
34.4291,1.50999e-07,5.19876e-06,8.41492e-06,0.000289718
34.5476,1.48992e-07,5.14732e-06,8.33165e-06,0.000287839
34.6665,1.47507e-07,5.11355e-06,8.27699e-06,0.000286934
34.7859,1.44961e-07,5.0426e-06,8.16215e-06,0.000283928
34.9056,1.43024e-07,4.99234e-06,8.08079e-06,0.000282065
35.0258,1.42936e-07,5.00646e-06,8.10365e-06,0.000283837
35.1463,1.40821e-07,4.94933e-06,8.01118e-06,0.000281563
35.2673,1.40627e-07,4.95955e-06,8.02772e-06,0.000283116
35.3887,1.38681e-07,4.90773e-06,7.94384e-06,0.000281122
35.5105,1.38721e-07,4.92605e-06,7.97349e-06,0.000283143
35.6328,1.37823e-07,4.91103e-06,7.94919e-06,0.000283252
35.7554,1.36133e-07,4.86749e-06,7.8787e-06,0.000281706
35.8785,1.35671e-07,4.86766e-06,7.87898e-06,0.000282686
36.002,1.34133e-07,4.82905e-06,7.81649e-06,0.000281409
36.1259,1.32707e-07,4.79417e-06,7.76003e-06,0.000280338
36.2503,1.32355e-07,4.7979e-06,7.76607e-06,0.000281522
36.3751,1.31627e-07,4.78794e-06,7.74993e-06,0.000281905
36.5003,1.3105e-07,4.78335e-06,7.74251e-06,0.000282604
36.6259,1.29857e-07,4.75615e-06,7.69848e-06,0.000281964
36.752,1.26281e-07,4.64109e-06,7.51224e-06,0.00027609
36.8785,1.28771e-07,4.74887e-06,7.6867e-06,0.000283474
37.0054,1.26099e-07,4.66634e-06,7.55312e-06,0.000279506
37.1328,1.25881e-07,4.67433e-06,7.56605e-06,0.000280949
37.2606,1.23705e-07,4.60931e-06,7.46081e-06,0.000277994
37.3889,1.23587e-07,4.62077e-06,7.47935e-06,0.000279645
37.5176,1.22268e-07,4.58719e-06,7.425e-06,0.000278568
37.6468,1.19737e-07,4.50773e-06,7.29639e-06,0.000274686
37.7763,1.20168e-07,4.53949e-06,7.3478e-06,0.000277573
37.9064,1.18788e-07,4.50283e-06,7.28846e-06,0.000276279
38.0369,1.17872e-07,4.48349e-06,7.25714e-06,0.000276039
38.1678,1.18306e-07,4.5155e-06,7.30896e-06,0.000278967
38.2992,1.16832e-07,4.47458e-06,7.24272e-06,0.000277391
38.431,1.1415e-07,4.38688e-06,7.10078e-06,0.00027289
38.5633,1.14485e-07,4.41491e-06,7.14614e-06,0.000275579
38.696,1.13393e-07,4.38786e-06,7.10235e-06,0.000274833
38.8292,1.13596e-07,4.41085e-06,7.13957e-06,0.000277224
38.9629,1.10264e-07,4.2962e-06,6.95399e-06,0.000270948
39.097,1.09733e-07,4.29022e-06,6.94432e-06,0.000271502
39.2316,1.1014e-07,4.32098e-06,6.9941e-06,0.00027439
39.3666,1.09474e-07,4.30961e-06,6.9757e-06,0.00027461
39.5022,1.08163e-07,4.27269e-06,6.91593e-06,0.000273194
39.6381,1.0701e-07,4.24169e-06,6.86575e-06,0.000272145
39.7746,1.06177e-07,4.22316e-06,6.83577e-06,0.00027189
39.9115,1.0617e-07,4.23742e-06,6.85884e-06,0.000273747
40.0489,1.05154e-07,4.21131e-06,6.81658e-06,0.000272997
40.1867,1.05506e-07,4.23992e-06,6.86289e-06,0.000275797
40.3251,1.03662e-07,4.18017e-06,6.76618e-06,0.000272847
40.4639,1.00747e-07,4.07663e-06,6.59859e-06,0.000267005
40.6032,1.01096e-07,4.10481e-06,6.64419e-06,0.000269776
40.7429,1.00576e-07,4.09774e-06,6.63276e-06,0.000270238
40.8832,1.00256e-07,4.09879e-06,6.63446e-06,0.000271238
41.0239,9.90615e-08,4.06389e-06,6.57797e-06,0.000269854
41.1651,9.8512e-08,4.05526e-06,6.564e-06,0.000270208
41.3068,9.73184e-08,4.01991e-06,6.50678e-06,0.000268774
41.449,9.73939e-08,4.03688e-06,6.53425e-06,0.000270838
41.5917,9.47604e-08,3.94125e-06,6.37945e-06,0.000265332
41.7348,9.58963e-08,4.00221e-06,6.47814e-06,0.000270364
41.8785,9.50686e-08,3.98133e-06,6.44433e-06,0.000269879
42.0227,9.4639e-08,3.97698e-06,6.4373e-06,0.000270513
42.1673,9.2623e-08,3.90566e-06,6.32185e-06,0.000266575
42.3125,9.23524e-08,3.90766e-06,6.32509e-06,0.00026763
42.4581,9.14016e-08,3.88074e-06,6.28151e-06,0.000266701
42.6043,9.08703e-08,3.87147e-06,6.2665e-06,0.00026698
42.7509,9.00472e-08,3.8496e-06,6.23111e-06,0.000266385
42.8981,8.83515e-08,3.79011e-06,6.13482e-06,0.000263172
43.0457,8.87271e-08,3.81932e-06,6.1821e-06,0.000266113
43.1939,8.79369e-08,3.79834e-06,6.14813e-06,0.000265562
43.3426,8.77485e-08,3.80325e-06,6.15608e-06,0.00026682
43.4918,8.6876e-08,3.7784e-06,6.11585e-06,0.00026599
43.6415,8.65334e-08,3.77645e-06,6.1127e-06,0.000266767
43.7917,8.64537e-08,3.78595e-06,6.12809e-06,0.000268359
43.9425,8.38284e-08,3.68363e-06,5.96247e-06,0.000262006
44.0937,8.2634e-08,3.64364e-06,5.89773e-06,0.000260053
44.2455,8.3949e-08,3.71437e-06,6.01222e-06,0.000266013
44.3978,8.25828e-08,3.6665e-06,5.93473e-06,0.000263489
44.5506,8.19892e-08,3.65267e-06,5.91235e-06,0.000263399
44.704,8.15391e-08,3.64512e-06,5.90014e-06,0.00026376
44.8579,8.08389e-08,3.62626e-06,5.86961e-06,0.000263298
45.0123,8.02554e-08,3.61248e-06,5.8473e-06,0.0002632
45.1672,7.96813e-08,3.59898e-06,5.82545e-06,0.000263119
45.3227,7.89858e-08,3.57985e-06,5.79448e-06,0.000262621
45.4787,7.83352e-08,3.56258e-06,5.76653e-06,0.000262254
45.6353,7.83503e-08,3.57554e-06,5.78751e-06,0.000264115
45.7923,7.79179e-08,3.56804e-06,5.77537e-06,0.000264467
45.95,7.59412e-08,3.4895e-06,5.64824e-06,0.000259537
46.1081,7.59855e-08,3.50355e-06,5.67097e-06,0.000261478
46.2669,7.52675e-08,3.48239e-06,5.63674e-06,0.000260794
46.4261,7.49445e-08,3.47938e-06,5.63185e-06,0.000261465
46.5859,7.44022e-08,3.46609e-06,5.61035e-06,0.000261363
46.7463,7.51653e-08,3.5137e-06,5.68741e-06,0.000265865
46.9072,7.3013e-08,3.42484e-06,5.54357e-06,0.000260033
47.0687,7.20169e-08,3.38974e-06,5.48676e-06,0.000258255
47.2307,7.26658e-08,3.43206e-06,5.55526e-06,0.000262379
47.3933,7.0783e-08,3.35464e-06,5.42995e-06,0.000257343
47.5564,7.0945e-08,3.37389e-06,5.46111e-06,0.000259711
47.7201,7.09454e-08,3.38552e-06,5.47993e-06,0.000261503
47.8844,7.05968e-08,3.38048e-06,5.47178e-06,0.000262013
48.0492,7.09085e-08,3.4071e-06,5.51485e-06,0.000264984
48.2146,6.94551e-08,3.34875e-06,5.42042e-06,0.000261343
48.3806,6.75727e-08,3.26921e-06,5.29166e-06,0.000256014
48.5471,6.71851e-08,3.26164e-06,5.27942e-06,0.0002563
48.7142,6.65047e-08,3.23972e-06,5.24394e-06,0.000255454
48.8819,6.6985e-08,3.27435e-06,5.29999e-06,0.000259074
49.0501,6.65717e-08,3.26535e-06,5.28542e-06,0.00025925
49.219,6.59307e-08,3.24504e-06,5.25255e-06,0.000258525
49.3884,6.60062e-08,3.25994e-06,5.27667e-06,0.000260606
49.5584,6.47265e-08,3.20774e-06,5.19218e-06,0.000257316
49.729,6.33068e-08,3.14819e-06,5.09577e-06,0.000253408
49.9002,6.39549e-08,3.19136e-06,5.16566e-06,0.000257768
50.072,6.32562e-08,3.16736e-06,5.12682e-06,0.00025671
50.2443,6.33581e-08,3.18338e-06,5.15274e-06,0.000258896
50.4173,6.28751e-08,3.16999e-06,5.13107e-06,0.000258695
50.5908,6.25828e-08,3.16611e-06,5.12479e-06,0.000259267
50.765,6.24584e-08,3.1707e-06,5.13221e-06,0.000260537
50.9397,6.17867e-08,3.1474e-06,5.0945e-06,0.000259512
51.1151,6.10051e-08,3.11828e-06,5.04737e-06,0.000257997
51.291,6.05663e-08,3.10651e-06,5.02831e-06,0.000257907
51.4676,6.02118e-08,3.09896e-06,5.01609e-06,0.000258166
51.6447,5.94831e-08,3.07199e-06,4.97243e-06,0.0002568
51.8225,5.97761e-08,3.09775e-06,5.01413e-06,0.000259845
52.0009,5.94014e-08,3.08893e-06,4.99985e-06,0.000259997
52.1799,5.83407e-08,3.04421e-06,4.92748e-06,0.000257115
52.3595,5.7432e-08,3.00711e-06,4.86743e-06,0.000254856
52.5397,5.798e-08,3.04625e-06,4.93078e-06,0.000259062
52.7206,5.75972e-08,3.03656e-06,4.91509e-06,0.000259126
52.9021,5.59655e-08,2.96069e-06,4.79229e-06,0.000253522
53.0842,5.58994e-08,2.96738e-06,4.80311e-06,0.000254969
53.2669,5.62263e-08,2.995e-06,4.84783e-06,0.000258229
53.4502,5.52082e-08,2.95089e-06,4.77642e-06,0.000255301
53.6342,5.55882e-08,2.98143e-06,4.82585e-06,0.000258831
53.8188,5.44067e-08,2.92811e-06,4.73954e-06,0.000255076
54.0041,5.45849e-08,2.94781e-06,4.77143e-06,0.000257677
54.19,5.47817e-08,2.96862e-06,4.80512e-06,0.00026039
54.3765,5.38173e-08,2.92639e-06,4.73677e-06,0.000257569
54.5637,5.26584e-08,2.87324e-06,4.65073e-06,0.000253761
54.7515,5.22542e-08,2.861e-06,4.63092e-06,0.00025355
54.94,5.19768e-08,2.85561e-06,4.6222e-06,0.000253943
55.1291,5.30051e-08,2.92212e-06,4.72986e-06,0.000260753
55.3189,5.09085e-08,2.8162e-06,4.55841e-06,0.000252166
55.5093,5.13607e-08,2.851e-06,4.61473e-06,0.00025616
55.7004,5.06529e-08,2.82139e-06,4.5668e-06,0.000254373
55.8921,5.13396e-08,2.86948e-06,4.64464e-06,0.000259599
56.0845,5.09956e-08,2.86007e-06,4.62941e-06,0.000259638
56.2776,4.98532e-08,2.80562e-06,4.54128e-06,0.000255572
56.4713,4.96849e-08,2.80577e-06,4.54153e-06,0.000256466
56.6657,4.94392e-08,2.80151e-06,4.53462e-06,0.000256958
56.8607,4.94312e-08,2.81069e-06,4.54949e-06,0.000258687
57.0565,4.79296e-08,2.73469e-06,4.42648e-06,0.000252559
57.2529,4.83203e-08,2.76648e-06,4.47792e-06,0.000256374
57.4499,4.89192e-08,2.8104e-06,4.54902e-06,0.000261341
57.6477,4.76288e-08,2.74569e-06,4.44428e-06,0.000256203
57.8461,4.67152e-08,2.70229e-06,4.37403e-06,0.000253021
58.0452,4.69466e-08,2.72502e-06,4.41083e-06,0.000256027
58.245,4.57717e-08,2.66597e-06,4.31524e-06,0.000251341
58.4455,4.58471e-08,2.67956e-06,4.33723e-06,0.000253492
58.6467,4.54475e-08,2.66535e-06,4.31423e-06,0.000253015
58.8486,4.58686e-08,2.6993e-06,4.36919e-06,0.000257121
59.0512,4.57185e-08,2.69973e-06,4.36989e-06,0.000258047
59.2544,4.53654e-08,2.6881e-06,4.35106e-06,0.000257819
59.4584,4.39411e-08,2.61267e-06,4.22897e-06,0.000251448
59.6631,4.40872e-08,2.63038e-06,4.25763e-06,0.000254024
59.8684,4.37289e-08,2.61798e-06,4.23756e-06,0.000253696
60.0745,4.31502e-08,2.59222e-06,4.19587e-06,0.000252065
60.2813,4.28363e-08,2.58223e-06,4.17969e-06,0.000251957
60.4888,4.21933e-08,2.55222e-06,4.13112e-06,0.000249887
60.697,4.22108e-08,2.56207e-06,4.14707e-06,0.000251714
60.906,4.2287e-08,2.57553e-06,4.16885e-06,0.000253908
61.1156,4.0885e-08,2.49871e-06,4.04451e-06,0.000247183
61.326,4.11501e-08,2.52357e-06,4.08475e-06,0.000250501
61.5371,4.07832e-08,2.50968e-06,4.06226e-06,0.00024998
61.7489,3.99083e-08,2.46429e-06,3.9888e-06,0.000246304
61.9615,4.02892e-08,2.49638e-06,4.04073e-06,0.00025037
62.1748,4.01752e-08,2.49789e-06,4.04317e-06,0.000251383
62.3888,3.94478e-08,2.4611e-06,3.98363e-06,0.000248534
62.6035,3.96612e-08,2.48293e-06,4.01896e-06,0.000251601
62.819,3.85746e-08,2.42321e-06,3.92231e-06,0.000246395
63.0353,3.84821e-08,2.42573e-06,3.92638e-06,0.000247501
63.2522,3.85231e-08,2.43667e-06,3.94409e-06,0.000249472
63.47,3.85621e-08,2.44754e-06,3.96167e-06,0.000251447
63.6885,3.75276e-08,2.39008e-06,3.86867e-06,0.00024639
63.9077,3.63881e-08,2.32548e-06,3.76411e-06,0.000240555
64.1277,3.7361e-08,2.39588e-06,3.87806e-06,0.000248691
64.3484,3.67579e-08,2.36531e-06,3.82859e-06,0.000246364
64.5699,3.62737e-08,2.34219e-06,3.79116e-06,0.000244795
64.7922,3.63393e-08,2.3545e-06,3.81109e-06,0.000246929
65.0152,3.52629e-08,2.29262e-06,3.71093e-06,0.000241267
65.239,3.53715e-08,2.3076e-06,3.73517e-06,0.000243679
65.4636,3.48481e-08,2.28128e-06,3.69257e-06,0.000241729
65.6889,3.52527e-08,2.31571e-06,3.74829e-06,0.000246221
65.915,3.46583e-08,2.2845e-06,3.69778e-06,0.000243739
66.1419,3.5013e-08,2.31583e-06,3.74849e-06,0.000247932
66.3696,3.39381e-08,2.25246e-06,3.64592e-06,0.000241978
66.5981,3.36484e-08,2.24092e-06,3.62723e-06,0.000241567
66.8273,3.33989e-08,2.23196e-06,3.61273e-06,0.000241429
67.0573,3.33887e-08,2.23896e-06,3.62406e-06,0.00024302
67.2882,3.26906e-08,2.19969e-06,3.5605e-06,0.00023958
67.5198,3.30521e-08,2.23167e-06,3.61227e-06,0.0002439
67.7522,3.17641e-08,2.15209e-06,3.48345e-06,0.000236012
67.9854,3.16538e-08,2.152e-06,3.48331e-06,0.000236814
68.2194,3.26244e-08,2.22562e-06,3.60247e-06,0.000245759
68.4543,3.19632e-08,2.18802e-06,3.54161e-06,0.000242439
68.6899,3.11878e-08,2.14229e-06,3.46759e-06,0.000238188
68.9264,3.12161e-08,2.15161e-06,3.48268e-06,0.000240048
69.1636,3.13934e-08,2.17128e-06,3.51452e-06,0.000243077
69.4017,3.11655e-08,2.16294e-06,3.50102e-06,0.000242977
69.6406,3.0656e-08,2.1349e-06,3.45563e-06,0.000240652
69.8803,3.09789e-08,2.16481e-06,3.50405e-06,0.000244864
70.1209,2.93026e-08,2.05472e-06,3.32585e-06,0.000233212
70.3622,2.99916e-08,2.11028e-06,3.41577e-06,0.000240341
70.6044,2.9445e-08,2.07894e-06,3.36506e-06,0.000237588
70.8475,2.92246e-08,2.07049e-06,3.35137e-06,0.000237436
71.0913,2.9753e-08,2.11518e-06,3.42371e-06,0.000243396
71.336,2.8778e-08,2.0529e-06,3.32291e-06,0.000237043
71.5816,2.89338e-08,2.07113e-06,3.35241e-06,0.000239971
71.828,2.87789e-08,2.06713e-06,3.34594e-06,0.000240332
72.0753,2.82779e-08,2.03814e-06,3.29901e-06,0.000237777
72.3234,2.78527e-08,2.0144e-06,3.26059e-06,0.000235817
72.5723,2.84093e-08,2.06173e-06,3.33719e-06,0.000242188
72.8221,2.81927e-08,2.05305e-06,3.32314e-06,0.000241998
73.0728,2.75135e-08,2.01049e-06,3.25425e-06,0.000237797
73.3243,2.75754e-08,2.02195e-06,3.2728e-06,0.000239976
73.5767,2.72076e-08,2.00185e-06,3.24026e-06,0.000238408
73.83,2.73487e-08,2.01916e-06,3.26828e-06,0.000241297
74.0841,2.67761e-08,1.98368e-06,3.21087e-06,0.000237874
74.3391,2.70907e-08,2.0139e-06,3.25977e-06,0.000242328
74.595,2.60016e-08,1.93959e-06,3.13949e-06,0.000234191
74.8518,2.61269e-08,1.95564e-06,3.16548e-06,0.000236942
75.1095,2.58587e-08,1.94223e-06,3.14377e-06,0.000236127
75.368,2.64716e-08,1.99511e-06,3.22936e-06,0.000243391
75.6274,2.55535e-08,1.93255e-06,3.1281e-06,0.00023657
75.8878,2.56172e-08,1.94404e-06,3.14669e-06,0.000238795
76.149,2.65267e-08,2.01998e-06,3.26961e-06,0.000248978
76.4111,2.49234e-08,1.90443e-06,3.08258e-06,0.000235543
76.6741,2.48121e-08,1.90244e-06,3.07937e-06,0.000236108
76.9381,2.47155e-08,1.90156e-06,3.07794e-06,0.000236811
77.2029,2.4599e-08,1.89911e-06,3.07398e-06,0.00023732
77.4687,2.42369e-08,1.8776e-06,3.03915e-06,0.000235439
77.7353,2.40149e-08,1.86681e-06,3.02168e-06,0.000234891
78.0029,2.48584e-08,1.93903e-06,3.13859e-06,0.000244819
78.2714,2.38731e-08,1.86858e-06,3.02456e-06,0.000236736
78.5408,2.33918e-08,1.83721e-06,2.97378e-06,0.000233563
78.8112,2.40985e-08,1.89923e-06,3.07417e-06,0.000242279
79.0825,2.42008e-08,1.91386e-06,3.09785e-06,0.000244986
79.3547,2.40466e-08,1.90821e-06,3.08871e-06,0.000245103
79.6279,2.31555e-08,1.84383e-06,2.98449e-06,0.000237649
79.902,2.35029e-08,1.87793e-06,3.03968e-06,0.000242877
80.177,2.27046e-08,1.82038e-06,2.94654e-06,0.000236245
80.453,2.33122e-08,1.87553e-06,3.03581e-06,0.00024424
80.7299,2.23822e-08,1.80691e-06,2.92474e-06,0.000236114
81.0078,2.21951e-08,1.79798e-06,2.91027e-06,0.000235755
81.2867,2.19161e-08,1.78149e-06,2.88358e-06,0.000234397
81.5665,2.18411e-08,1.78151e-06,2.88361e-06,0.000235206
81.8472,2.16468e-08,1.77173e-06,2.86779e-06,0.00023472
82.129,2.14659e-08,1.76298e-06,2.85362e-06,0.000234365
82.4117,2.14462e-08,1.76742e-06,2.86081e-06,0.000235764
82.6954,2.1399e-08,1.7696e-06,2.86434e-06,0.000236868
82.98,2.12402e-08,1.76251e-06,2.85286e-06,0.000236731
83.2656,2.1148e-08,1.7609e-06,2.85027e-06,0.000237329
83.5523,2.11859e-08,1.77013e-06,2.8652e-06,0.000239394
83.8399,2.13505e-08,1.79002e-06,2.8974e-06,0.000242918
84.1285,2.07881e-08,1.74887e-06,2.83079e-06,0.00023815
84.4181,2.06772e-08,1.74553e-06,2.82538e-06,0.000238513
84.7086,2.00626e-08,1.69947e-06,2.75083e-06,0.000233019
85.0002,2.04934e-08,1.74194e-06,2.81957e-06,0.000239664
85.2928,1.97568e-08,1.68511e-06,2.72759e-06,0.000232643
85.5864,2.02838e-08,1.73601e-06,2.80998e-06,0.000240496
85.881,1.99784e-08,1.71576e-06,2.7772e-06,0.000238508
86.1767,1.94202e-08,1.67357e-06,2.7089e-06,0.000233444
86.4733,1.95907e-08,1.69408e-06,2.74209e-06,0.000237118
86.771,1.9393e-08,1.68275e-06,2.72376e-06,0.000236344
87.0696,1.93969e-08,1.68888e-06,2.73369e-06,0.000238021
87.3693,1.91098e-08,1.66961e-06,2.7025e-06,0.000236115
87.6701,1.89106e-08,1.65789e-06,2.68353e-06,0.000235265
87.9719,1.8751e-08,1.64956e-06,2.67004e-06,0.000234888
88.2747,1.8778e-08,1.65762e-06,2.68309e-06,0.000236849
88.5786,1.84922e-08,1.63801e-06,2.65135e-06,0.000234853
88.8835,1.80091e-08,1.60071e-06,2.59098e-06,0.000230295
89.1894,1.80147e-08,1.60672e-06,2.60071e-06,0.000231955
89.4964,1.797e-08,1.60825e-06,2.60317e-06,0.000232975
89.8045,1.79759e-08,1.61431e-06,2.61299e-06,0.000234658
90.1136,1.75319e-08,1.57986e-06,2.55722e-06,0.000230441
90.4238,1.78712e-08,1.61598e-06,2.61569e-06,0.000236521
90.7351,1.74894e-08,1.58691e-06,2.56863e-06,0.000233065
91.0474,1.76933e-08,1.61093e-06,2.60752e-06,0.000237408
91.3608,1.74431e-08,1.59362e-06,2.57949e-06,0.000235665
91.6753,1.71334e-08,1.57071e-06,2.54241e-06,0.000233076
91.9909,1.77151e-08,1.62963e-06,2.63778e-06,0.000242652
92.3075,1.61155e-08,1.48758e-06,2.40785e-06,0.000222263
92.6253,1.68626e-08,1.5619e-06,2.52815e-06,0.000234171
92.9441,1.59694e-08,1.48426e-06,2.40248e-06,0.000223296
93.264,1.68253e-08,1.5692e-06,2.53996e-06,0.000236887
93.5851,1.63321e-08,1.52844e-06,2.47399e-06,0.000231528
93.9072,1.62068e-08,1.52193e-06,2.46346e-06,0.000231336
94.2305,1.5479e-08,1.45859e-06,2.36093e-06,0.000222472
94.5548,1.60658e-08,1.5191e-06,2.45888e-06,0.000232499
94.8803,1.54577e-08,1.46663e-06,2.37394e-06,0.00022524
95.2069,1.52823e-08,1.45498e-06,2.35509e-06,0.000224221
95.5346,1.53002e-08,1.4617e-06,2.36596e-06,0.000226031
95.8635,1.5062e-08,1.44389e-06,2.33714e-06,0.000224046
96.1935,1.50975e-08,1.45228e-06,2.35072e-06,0.000226124
96.5246,1.48613e-08,1.43448e-06,2.3219e-06,0.000224121
96.8568,1.48195e-08,1.43537e-06,2.32334e-06,0.000225031
97.1902,1.45394e-08,1.41309e-06,2.28727e-06,0.000222301
97.5248,1.43565e-08,1.40012e-06,2.26628e-06,0.000221019
97.8605,1.41228e-08,1.38206e-06,2.23706e-06,0.00021892
98.1974,1.42944e-08,1.40368e-06,2.27204e-06,0.000223109
98.5354,1.42907e-08,1.40814e-06,2.27927e-06,0.000224589
98.8746,1.36482e-08,1.34946e-06,2.18429e-06,0.000215971
99.2149,1.39883e-08,1.38785e-06,2.24643e-06,0.000222879
99.5564,1.37339e-08,1.3673e-06,2.21316e-06,0.000220334
99.8991,1.35738e-08,1.35601e-06,2.19488e-06,0.000219267
100.243,1.33743e-08,1.34068e-06,2.17007e-06,0.000217535
100.588,1.33239e-08,1.34023e-06,2.16934e-06,0.00021821
100.934,1.29276e-08,1.30483e-06,2.11205e-06,0.000213178
101.282,1.24681e-08,1.2628e-06,2.04401e-06,0.000207021
101.63,1.26198e-08,1.28255e-06,2.07598e-06,0.000210982
101.98,1.22705e-08,1.25135e-06,2.02548e-06,0.000206558
102.331,1.22825e-08,1.25689e-06,2.03444e-06,0.000208187
102.684,1.21842e-08,1.25112e-06,2.02512e-06,0.000207947
103.037,1.20633e-08,1.24297e-06,2.01191e-06,0.000207302
103.392,1.18937e-08,1.22971e-06,1.99046e-06,0.000205798
103.748,1.1431e-08,1.18594e-06,1.91961e-06,0.000199156
104.105,1.16733e-08,1.21525e-06,1.96705e-06,0.00020478
104.463,1.1373e-08,1.18805e-06,1.92303e-06,0.000200885
104.823,1.12466e-08,1.1789e-06,1.90821e-06,0.000200025
105.183,1.11941e-08,1.17742e-06,1.90582e-06,0.00020046
105.545,1.08766e-08,1.14797e-06,1.85815e-06,0.000196118
105.909,1.09755e-08,1.1624e-06,1.88151e-06,0.000199269
106.273,1.11232e-08,1.18209e-06,1.91338e-06,0.00020334
106.639,1.07516e-08,1.14654e-06,1.85583e-06,0.000197904
107.006,1.03053e-08,1.10273e-06,1.78493e-06,0.000190998
107.375,1.03602e-08,1.11242e-06,1.80061e-06,0.00019334
107.744,9.86095e-09,1.06246e-06,1.71974e-06,0.000185291
108.115,1.02866e-08,1.11214e-06,1.80015e-06,0.000194623
108.487,9.75541e-09,1.05834e-06,1.71306e-06,0.000185845
108.861,9.5075e-09,1.035e-06,1.67528e-06,0.000182373
109.235,9.6821e-09,1.05762e-06,1.71191e-06,0.000187001
109.611,9.05501e-09,9.92529e-07,1.60655e-06,0.000176095
109.989,9.13033e-09,1.00424e-06,1.62549e-06,0.000178787
110.367,8.77934e-09,9.68949e-07,1.56838e-06,0.000173097
110.747,8.38775e-09,9.28918e-07,1.50358e-06,0.000166517
111.128,8.37504e-09,9.30701e-07,1.50647e-06,0.000167411
111.511,8.37791e-09,9.3423e-07,1.51218e-06,0.000168625
111.895,7.97015e-09,8.9182e-07,1.44353e-06,0.000161524
112.28,8.03434e-09,9.02096e-07,1.46017e-06,0.000163948
112.666,7.84207e-09,8.83535e-07,1.43012e-06,0.000161126
113.054,7.77613e-09,8.79123e-07,1.42298e-06,0.000160874
113.443,7.2878e-09,8.2675e-07,1.33821e-06,0.00015181
113.834,7.21323e-09,8.21111e-07,1.32908e-06,0.000151295
114.226,6.74733e-09,7.7072e-07,1.24752e-06,0.000142499
114.619,6.78526e-09,7.7772e-07,1.25885e-06,0.000144288
115.014,6.21744e-09,7.15093e-07,1.15748e-06,0.000133126
115.409,5.78647e-09,6.6781e-07,1.08094e-06,0.000124751
115.807,5.65788e-09,6.55223e-07,1.06057e-06,0.000122821
116.205,5.4975e-09,6.38837e-07,1.03405e-06,0.000120161
116.605,4.98666e-09,5.8147e-07,9.41189e-07,0.000109747
117.007,4.67247e-09,5.46712e-07,8.84929e-07,0.000103543
117.41,4.58198e-09,5.37971e-07,8.7078e-07,0.000102238
117.814,4.38559e-09,5.16683e-07,8.36323e-07,9.85306e-05
118.219,3.97424e-09,4.69831e-07,7.60486e-07,8.99039e-05
118.626,3.31677e-09,3.93455e-07,6.36862e-07,7.55483e-05
119.034,3.24112e-09,3.85804e-07,6.24476e-07,7.43339e-05
119.444,3.05889e-09,3.65366e-07,5.91396e-07,7.06387e-05
119.855,2.39842e-09,2.87463e-07,4.65299e-07,5.57684e-05
120.268,2.15259e-09,2.58888e-07,4.19046e-07,5.03978e-05
120.682,1.99566e-09,2.40841e-07,3.89834e-07,4.70459e-05
121.097,1.99654e-09,2.41775e-07,3.91346e-07,4.73908e-05
121.514,1.63775e-09,1.9901e-07,3.22125e-07,3.91427e-05
121.932,1.28935e-09,1.57213e-07,2.5447e-07,3.10281e-05
122.352,1.08199e-09,1.32383e-07,2.1428e-07,2.62176e-05
122.773,9.59444e-10,1.17794e-07,1.90666e-07,2.34086e-05
123.196,7.7159e-10,9.50568e-08,1.53863e-07,1.89553e-05
123.62,6.29418e-10,7.78086e-08,1.25944e-07,1.55692e-05
124.046,5.06502e-10,6.28295e-08,1.01698e-07,1.26153e-05
124.473,4.35645e-10,5.4226e-08,8.77723e-08,1.09253e-05
124.901,4.00092e-10,4.99718e-08,8.08863e-08,1.01028e-05
125.331,3.07311e-10,3.85155e-08,6.23427e-08,7.81348e-06
125.762,2.1603e-10,2.71684e-08,4.39758e-08,5.53048e-06
126.195,2.13738e-10,2.69726e-08,4.36589e-08,5.50954e-06
126.63,2.21657e-10,2.80684e-08,4.54327e-08,5.75314e-06
127.066,1.86771e-10,2.37322e-08,3.84138e-08,4.88109e-06
127.503,1.29168e-10,1.64693e-08,2.66579e-08,3.39896e-06
127.942,9.43648e-11,1.20732e-08,1.95422e-08,2.50026e-06
128.382,1.34295e-10,1.7241e-08,2.7907e-08,3.58275e-06
128.824,8.99883e-11,1.15927e-08,1.87643e-08,2.41729e-06
129.268,9.97832e-11,1.28988e-08,2.08785e-08,2.69892e-06
129.713,3.85128e-11,4.99561e-09,8.08609e-09,1.04887e-06
130.159,6.25625e-11,8.14307e-09,1.31807e-08,1.71558e-06
130.607,8.24441e-11,1.07678e-08,1.74291e-08,2.27637e-06
131.057,9.49066e-11,1.24382e-08,2.01329e-08,2.63856e-06
131.508,5.63938e-11,7.41623e-09,1.20042e-08,1.57865e-06
131.961,4.71407e-11,6.22073e-09,1.00691e-08,1.32873e-06
132.415,7.10237e-11,9.4046e-09,1.52226e-08,2.01571e-06
132.871,4.89329e-11,6.50177e-09,1.0524e-08,1.39834e-06
133.328,4.13888e-11,5.51828e-09,8.9321e-09,1.1909e-06
133.787,4.53067e-11,6.06145e-09,9.8113e-09,1.31262e-06
134.247,4.16388e-11,5.58989e-09,9.04801e-09,1.21467e-06
134.709,4.45148e-11,5.99655e-09,9.70624e-09,1.30752e-06
135.173,1.92147e-11,2.59731e-09,4.20411e-09,5.68282e-07
135.638,1.47132e-11,1.99567e-09,3.23027e-09,4.38148e-07
136.105,2.63838e-11,3.59096e-09,5.81247e-09,7.91106e-07
136.574,1.60887e-11,2.1973e-09,3.55663e-09,4.85743e-07
137.044,3.11354e-11,4.26691e-09,6.90659e-09,9.46507e-07
137.516,3.47616e-11,4.78027e-09,7.73753e-09,1.06403e-06
137.989,4.1097e-11,5.67094e-09,9.17919e-09,1.26663e-06
138.464,1.8923e-11,2.62015e-09,4.24107e-09,5.87236e-07
138.941,1.63805e-11,2.27592e-09,3.68388e-09,5.11843e-07
139.419,3.95965e-11,5.52051e-09,8.9357e-09,1.24581e-06
139.899,2.67589e-11,3.74354e-09,6.05944e-09,8.4771e-07
140.38,1.84645e-11,2.59204e-09,4.19558e-09,5.88975e-07
140.864,2.53835e-11,3.57562e-09,5.78763e-09,8.15268e-07
141.349,3.78876e-11,5.35537e-09,8.66841e-09,1.22527e-06
141.835,2.31327e-11,3.28103e-09,5.31079e-09,7.53256e-07
142.323,3.23441e-11,4.60331e-09,7.45109e-09,1.06046e-06
142.813,1.00867e-11,1.44051e-09,2.33167e-09,3.32992e-07
143.305,1.4088e-11,2.01888e-09,3.26784e-09,4.68298e-07
143.798,1.48383e-11,2.13371e-09,3.45371e-09,4.96636e-07
144.293,2.25075e-11,3.24767e-09,5.25681e-09,7.58521e-07
144.79,2.63004e-11,3.80804e-09,6.16384e-09,8.92462e-07
145.288,1.25042e-11,1.81671e-09,2.94059e-09,4.27232e-07
145.788,6.08537e-12,8.87173e-10,1.43601e-09,2.09353e-07
146.29,2.06319e-11,3.01823e-09,4.88543e-09,7.14689e-07
146.794,2.95515e-11,4.33798e-09,7.02163e-09,1.03073e-06
147.299,1.67973e-11,2.47422e-09,4.00487e-09,5.89913e-07
147.806,2.05068e-11,3.03103e-09,4.90615e-09,7.25158e-07
148.315,2.63004e-11,3.90075e-09,6.3139e-09,9.36446e-07
148.825,1.96732e-11,2.92787e-09,4.73916e-09,7.05305e-07
149.338,1.60887e-11,2.40265e-09,3.88903e-09,5.80779e-07
149.852,1.017e-11,1.524e-09,2.46681e-09,3.69656e-07
150.368,1.03784e-11,1.56059e-09,2.52602e-09,3.79833e-07
150.885,7.62754e-12,1.15088e-09,1.86286e-09,2.81078e-07
151.405,1.76726e-11,2.67571e-09,4.33101e-09,6.55737e-07
151.926,2.66339e-11,4.04638e-09,6.54962e-09,9.95057e-07
152.449,1.74225e-11,2.65604e-09,4.29916e-09,6.55403e-07
152.973,3.87212e-11,5.9233e-09,9.58768e-09,1.46666e-06
153.5,1.58386e-11,2.43123e-09,3.93527e-09,6.04064e-07
154.028,2.64671e-11,4.07668e-09,6.59867e-09,1.01638e-06
154.559,1.34628e-11,2.0808e-09,3.36806e-09,5.20564e-07
155.091,9.58653e-12,1.48678e-09,2.40656e-09,3.73237e-07
155.624,2.27992e-11,3.54811e-09,5.74311e-09,8.93765e-07
156.16,2.10903e-11,3.29347e-09,5.33093e-09,8.32478e-07
156.698,5.08503e-12,7.96814e-10,1.28975e-09,2.02102e-07
157.237,1.25458e-11,1.97267e-09,3.19304e-09,5.02064e-07
157.778,1.95482e-11,3.08427e-09,4.99232e-09,7.87678e-07
158.321,1.86729e-11,2.95631e-09,4.78519e-09,7.57596e-07
158.866,1.15455e-11,1.83419e-09,2.96889e-09,4.71656e-07
159.413,2.02567e-11,3.22919e-09,5.22688e-09,8.33233e-07
159.962,8.54451e-12,1.3668e-09,2.21235e-09,3.53892e-07
160.513,5.25175e-12,8.42974e-10,1.36447e-09,2.19015e-07
161.065,1.51717e-11,2.44363e-09,3.95536e-09,6.37069e-07
161.62,1.16705e-11,1.88619e-09,3.05307e-09,4.93436e-07
162.176,2.01734e-11,3.27164e-09,5.2956e-09,8.58819e-07
162.734,2.53834e-11,4.13075e-09,6.68619e-09,1.08807e-06
163.294,9.79493e-12,1.59945e-09,2.58894e-09,4.22758e-07
163.856,4.25141e-12,6.9662e-10,1.12758e-09,1.8476e-07
164.42,6.25208e-12,1.02797e-09,1.66391e-09,2.73579e-07
164.986,5.41847e-13,8.93972e-11,1.44702e-10,2.38738e-08
165.554,5.87695e-12,9.72953e-10,1.57486e-09,2.60724e-07
166.124,6.12704e-12,1.01785e-09,1.64753e-09,2.73694e-07
166.696,1.66722e-13,2.77919e-11,4.4985e-11,7.49882e-09
167.27,2.83428e-12,4.74089e-10,7.67379e-10,1.28359e-07
167.846,3.33444e-13,5.59672e-11,9.05907e-11,1.52053e-08
168.423,4.41814e-12,7.44116e-10,1.20445e-09,2.02858e-07
169.003,1.62554e-12,2.74721e-10,4.44674e-10,7.51512e-08
169.585,1.19206e-11,2.02156e-09,3.27218e-09,5.54912e-07
170.169,3.00099e-12,5.10676e-10,8.266e-10,1.40662e-07
170.754,6.50216e-12,1.11027e-09,1.79713e-09,3.06866e-07
171.342,4.5015e-12,7.71295e-10,1.24845e-09,2.13912e-07
171.932,2.7926e-12,4.80137e-10,7.77168e-10,1.3362e-07
172.524,2.79259e-12,4.8179e-10,7.79843e-10,1.34542e-07
173.118,3.37612e-12,5.84467e-10,9.46041e-10,1.63777e-07
173.714,7.16905e-12,1.24536e-09,2.0158e-09,3.50172e-07
174.312,2.37579e-12,4.14128e-10,6.70324e-10,1.16846e-07
174.912,5.83528e-13,1.02066e-10,1.65208e-10,2.88968e-08
175.514,4.58486e-12,8.04707e-10,1.30253e-09,2.28612e-07
176.118,8.75291e-13,1.54155e-10,2.4952e-10,4.3945e-08
176.724,8.33608e-13,1.47319e-10,2.38455e-10,4.21408e-08
177.332,0,0,0,0
177.943,2.50083e-12,4.45005e-10,7.20302e-10,1.28173e-07
178.555,0,0,0,0
179.17,2.50083e-13,4.48074e-11,7.2527e-11,1.29947e-08
179.787,1.17539e-11,2.1132e-09,3.42051e-09,6.14963e-07
180.406,1.04201e-12,1.87986e-10,3.04281e-10,5.4894e-08
181.027,1.12537e-12,2.03723e-10,3.29754e-10,5.96944e-08
181.65,4.25141e-12,7.72269e-10,1.25002e-09,2.27067e-07
182.275,2.08403e-12,3.79866e-10,6.14865e-10,1.12075e-07
182.902,0,0,0,0
183.532,0,0,0,0
184.164,0,0,0,0
184.798,5.04334e-12,9.32e-10,1.50857e-09,2.78781e-07
185.434,3.4178e-12,6.33777e-10,1.02586e-09,1.90228e-07
186.072,0,0,0,0
186.713,1.04201e-12,1.94557e-10,3.14917e-10,5.87991e-08
187.355,7.54417e-12,1.41344e-09,2.28784e-09,4.28639e-07
188,0,0,0,0
188.647,9.66988e-12,1.82419e-09,2.95271e-09,5.5702e-07
189.297,8.3361e-14,1.578e-11,2.55421e-11,4.83504e-09
189.948,4.66822e-12,8.86719e-10,1.43528e-09,2.72628e-07
190.602,0,0,0,0
191.258,1.04201e-12,1.99293e-10,3.22584e-10,6.16968e-08
191.917,8.3361e-14,1.59984e-11,2.58956e-11,4.96981e-09
192.577,1.04201e-12,2.00668e-10,3.24809e-10,6.25507e-08
193.24,0,0,0,0
193.905,5.71023e-12,1.10724e-09,1.79222e-09,3.47521e-07
194.573,1.12537e-12,2.18968e-10,3.54429e-10,6.89624e-08
195.243,2.91764e-13,5.69648e-11,9.22054e-11,1.80025e-08
195.915,0,0,0,0
196.589,0,0,0,0
197.266,0,0,0,0
197.945,2.08402e-12,4.12522e-10,6.67724e-10,1.32173e-07
198.626,0,0,0,0
199.31,0,0,0,0
199.996,0,0,0,0
200.684,2.50083e-12,5.01876e-10,8.12356e-10,1.63027e-07
201.375,8.33608e-13,1.67868e-10,2.71717e-10,5.47171e-08
202.068,1.04201e-11,2.10558e-09,3.40816e-09,6.88681e-07
202.764,7.29409e-12,1.47898e-09,2.39393e-09,4.85403e-07
203.462,8.33608e-13,1.69608e-10,2.74533e-10,5.58571e-08
204.162,1.04201e-12,2.1274e-10,3.44348e-10,7.03029e-08
204.865,0,0,0,0
205.57,2.08403e-13,4.28414e-11,6.93447e-11,1.42552e-08
206.278,8.33608e-13,1.71955e-10,2.78333e-10,5.74139e-08
206.988,0,0,0,0
207.7,1.87562e-12,3.89567e-10,6.30567e-10,1.30969e-07
208.415,0,0,0,0
209.133,4.58486e-12,9.58845e-10,1.55202e-09,3.24579e-07
209.853,1.66722e-12,3.49871e-10,5.66315e-10,1.18843e-07
210.575,2.08402e-12,4.38843e-10,7.10329e-10,1.49577e-07
211.3,8.33608e-13,1.76141e-10,2.85109e-10,6.02436e-08
212.027,8.33608e-13,1.76747e-10,2.8609e-10,6.06588e-08
212.757,2.08402e-12,4.43391e-10,7.17689e-10,1.52693e-07
213.489,0,0,0,0
214.224,0,0,0,0
214.962,1.87562e-12,4.03188e-10,6.52615e-10,1.40287e-07
215.702,4.58486e-12,9.88963e-10,1.60077e-09,3.4529e-07
216.444,4.79326e-12,1.03747e-09,1.67929e-09,3.63473e-07
217.189,1.04201e-12,2.26314e-10,3.6632e-10,7.95608e-08
217.937,0,0,0,0
218.687,4.58486e-12,1.00265e-09,1.62293e-09,3.54913e-07
219.44,0,0,0,0
220.195,2.08402e-12,4.58892e-10,7.4278e-10,1.63556e-07
220.953,2.08403e-13,4.60472e-11,7.45338e-11,1.64685e-08
221.714,0,0,0,0
222.477,1.66722e-12,3.70918e-10,6.00383e-10,1.33571e-07
223.243,2.08403e-13,4.65245e-11,7.53063e-11,1.68116e-08
224.011,0,0,0,0
224.782,0,0,0,0
225.556,0,0,0,0
226.332,0,0,0,0
227.111,0,0,0,0
227.893,6.25208e-13,1.42481e-10,2.30625e-10,5.25577e-08
228.678,1.04201e-12,2.38286e-10,3.85698e-10,8.82007e-08
229.465,0,0,0,0
230.255,0,0,0,0
231.047,2.08403e-13,4.81508e-11,7.79388e-11,1.80075e-08
231.843,2.08403e-13,4.83167e-11,7.82073e-11,1.81318e-08
232.641,0,0,0,0
233.441,0,0,0,0
234.245,0,0,0,0
235.051,0,0,0,0
235.86,0,0,0,0
236.672,0,0,0,0
237.487,1.04201e-12,2.47465e-10,4.00556e-10,9.51268e-08
238.304,0,0,0,0
239.125,8.33611e-13,1.99337e-10,3.22655e-10,7.71548e-08
239.948,0,0,0,0
240.774,0,0,0,0
241.603,0,0,0,0
242.434,0,0,0,0
243.269,0,0,0,0
244.106,0,0,0,0
244.946,0,0,0,0
245.79,0,0,0,0
246.636,0,0,0,0
247.485,8.33611e-13,2.06306e-10,3.33935e-10,8.26439e-08
248.337,0,0,0,0
249.191,0,0,0,0
250.049,0,0,0,0
250.91,0,0,0,0
251.774,0,0,0,0
252.64,8.33611e-13,2.10604e-10,3.40891e-10,8.61227e-08
253.51,0,0,0,0
254.383,0,0,0,0
255.258,0,0,0,0
256.137,0,0,0,0
257.019,0,0,0,0
257.903,0,0,0,0
258.791,0,0,0,0
259.682,0,0,0,0
260.576,0,0,0,0
261.473,0,0,0,0
262.373,0,0,0,0
263.276,0,0,0,0
264.182,0,0,0,0
265.092,0,0,0,0
266.004,0,0,0,0
266.92,8.33611e-13,2.22507e-10,3.60159e-10,9.61337e-08
267.838,8.33611e-13,2.23273e-10,3.61398e-10,9.6796e-08
268.76,8.33611e-13,2.24041e-10,3.62642e-10,9.74636e-08
269.686,0,0,0,0
270.614,0,0,0,0
271.545,0,0,0,0
272.48,0,0,0,0
273.418,0,0,0,0
274.359,0,0,0,0
275.304,0,0,0,0
276.251,0,0,0,0
277.202,0,0,0,0
278.156,0,0,0,0
279.114,0,0,0,0
280.075,0,0,0,0
281.039,0,0,0,0
282.006,0,0,0,0
282.977,0,0,0,0
283.951,0,0,0,0
284.928,0,0,0,0
285.909,0,0,0,0
286.893,0,0,0,0
287.881,0,0,0,0
288.872,0,0,0,0
289.866,0,0,0,0
290.864,0,0,0,0
291.865,0,0,0,0
292.87,0,0,0,0
293.878,0,0,0,0
294.89,0,0,0,0
295.905,0,0,0,0
296.923,0,0,0,0
297.945,0,0,0,0
298.971,0,0,0,0
